2025-12-01T00:00:06Z svc=ingest level=INFO msg="webhook delivery attempt 1053 succeeded"
2025-12-01T00:00:22Z svc=search level=INFO msg="retry queue depth=6569"
2025-12-01T00:00:31Z svc=ingest level=INFO msg="batch 2489 committed"
2025-12-01T00:00:46Z svc=api level=INFO msg="compaction finished, 1257 segments merged"
2025-12-01T00:00:53Z svc=search level=INFO msg="retry queue depth=3986"
2025-12-01T00:01:08Z svc=search level=INFO msg="batch 4238 committed"
2025-12-01T00:01:23Z svc=ingest level=INFO msg="healthcheck ok rtt=2553ms"
2025-12-01T00:01:27Z svc=ingest level=INFO msg="healthcheck ok rtt=7218ms"
2025-12-01T00:01:33Z svc=search level=INFO msg="batch 6637 committed"
2025-12-01T00:01:49Z svc=scheduler level=INFO msg="token refresh completed in 6154ms"
2025-12-01T00:01:55Z svc=authz level=INFO msg="token refresh completed in 3622ms"
2025-12-01T00:02:05Z svc=search level=INFO msg="compaction finished, 7251 segments merged"
2025-12-01T00:02:09Z svc=billing level=INFO msg="cache eviction pass removed 7571 entries"
2025-12-01T00:02:14Z svc=search level=INFO msg="token refresh completed in 9290ms"
2025-12-01T00:02:29Z svc=billing level=INFO msg="webhook delivery attempt 6517 succeeded"
2025-12-01T00:02:42Z svc=api level=INFO msg="retry queue depth=7056"
2025-12-01T00:02:56Z svc=search level=INFO msg="token refresh completed in 6861ms"
2025-12-01T00:03:02Z svc=search level=INFO msg="batch 1026 committed"
2025-12-01T00:03:13Z svc=billing level=INFO msg="cache eviction pass removed 1163 entries"
2025-12-01T00:03:25Z svc=billing level=INFO msg="token refresh completed in 2772ms"
2025-12-01T00:03:34Z svc=scheduler level=INFO msg="retry queue depth=8167"
2025-12-01T00:03:47Z svc=scheduler level=INFO msg="healthcheck ok rtt=6557ms"
2025-12-01T00:03:57Z svc=ingest level=INFO msg="cache eviction pass removed 9040 entries"
2025-12-01T00:04:00Z svc=authz level=INFO msg="webhook delivery attempt 917 succeeded"
2025-12-01T00:04:16Z svc=scheduler level=INFO msg="compaction finished, 341 segments merged"
2025-12-01T00:04:26Z svc=ingest level=INFO msg="retry queue depth=6402"
2025-12-01T00:04:37Z svc=ingest level=INFO msg="compaction finished, 679 segments merged"
2025-12-01T00:04:51Z svc=ingest level=INFO msg="token refresh completed in 1635ms"
2025-12-01T00:05:04Z svc=search level=INFO msg="healthcheck ok rtt=9260ms"
2025-12-01T00:05:16Z svc=authz level=INFO msg="compaction finished, 8305 segments merged"
2025-12-01T00:05:27Z svc=authz level=INFO msg="cache eviction pass removed 3513 entries"
2025-12-01T00:05:35Z svc=authz level=INFO msg="token refresh completed in 3951ms"
2025-12-01T00:05:38Z svc=search level=INFO msg="retry queue depth=4272"
2025-12-01T00:05:45Z svc=billing level=INFO msg="cache eviction pass removed 7600 entries"
2025-12-01T00:05:48Z svc=scheduler level=INFO msg="cache eviction pass removed 5795 entries"
2025-12-01T00:05:54Z svc=billing level=INFO msg="batch 4065 committed"
2025-12-01T00:06:09Z svc=search level=INFO msg="batch 7097 committed"
2025-12-01T00:06:12Z svc=billing level=INFO msg="batch 4490 committed"
2025-12-01T00:06:28Z svc=scheduler level=INFO msg="compaction finished, 4511 segments merged"
2025-12-01T00:06:32Z svc=billing level=INFO msg="batch 4982 committed"
2025-12-01T00:06:41Z svc=scheduler level=INFO msg="webhook delivery attempt 6022 succeeded"
2025-12-01T00:06:54Z svc=billing level=INFO msg="healthcheck ok rtt=7615ms"
2025-12-01T00:06:58Z svc=scheduler level=INFO msg="webhook delivery attempt 1213 succeeded"
2025-12-01T00:07:04Z svc=authz level=INFO msg="webhook delivery attempt 7247 succeeded"
2025-12-01T00:07:17Z svc=billing level=INFO msg="token refresh completed in 3484ms"
2025-12-01T00:07:31Z svc=ingest level=INFO msg="retry queue depth=7778"
2025-12-01T00:07:37Z svc=ingest level=INFO msg="batch 1394 committed"
2025-12-01T00:07:41Z svc=scheduler level=INFO msg="cache eviction pass removed 6682 entries"
2025-12-01T00:07:45Z svc=ingest level=INFO msg="cache eviction pass removed 379 entries"
2025-12-01T00:07:56Z svc=ingest level=INFO msg="cache eviction pass removed 1653 entries"
2025-12-01T00:08:01Z svc=scheduler level=INFO msg="cache eviction pass removed 6960 entries"
2025-12-01T00:08:12Z svc=api level=INFO msg="cache eviction pass removed 3277 entries"
2025-12-01T00:08:20Z svc=api level=INFO msg="batch 5519 committed"
2025-12-01T00:08:30Z svc=billing level=INFO msg="retry queue depth=1933"
2025-12-01T00:08:39Z svc=scheduler level=INFO msg="healthcheck ok rtt=6439ms"
2025-12-01T00:08:49Z svc=authz level=INFO msg="compaction finished, 3460 segments merged"
2025-12-01T00:09:05Z svc=scheduler level=INFO msg="retry queue depth=2625"
2025-12-01T00:09:14Z svc=search level=INFO msg="batch 4110 committed"
2025-12-01T00:09:27Z svc=billing level=INFO msg="retry queue depth=4892"
2025-12-01T00:09:32Z svc=billing level=INFO msg="healthcheck ok rtt=7372ms"
2025-12-01T00:09:47Z svc=billing level=INFO msg="retry queue depth=2611"
2025-12-01T00:10:01Z svc=billing level=INFO msg="compaction finished, 3634 segments merged"
2025-12-01T00:10:06Z svc=api level=INFO msg="batch 1402 committed"
2025-12-01T00:10:11Z svc=ingest level=INFO msg="retry queue depth=9001"
2025-12-01T00:10:25Z svc=authz level=INFO msg="batch 6843 committed"
2025-12-01T00:10:39Z svc=authz level=INFO msg="batch 5765 committed"
2025-12-01T00:10:48Z svc=authz level=INFO msg="token refresh completed in 6838ms"
2025-12-01T00:11:01Z svc=search level=INFO msg="compaction finished, 1186 segments merged"
2025-12-01T00:11:12Z svc=authz level=INFO msg="compaction finished, 238 segments merged"
2025-12-01T00:11:20Z svc=search level=INFO msg="retry queue depth=6082"
2025-12-01T00:11:28Z svc=ingest level=INFO msg="webhook delivery attempt 8616 succeeded"
2025-12-01T00:11:38Z svc=authz level=INFO msg="retry queue depth=933"
2025-12-01T00:11:47Z svc=api level=INFO msg="token refresh completed in 4706ms"
2025-12-01T00:11:55Z svc=search level=INFO msg="webhook delivery attempt 478 succeeded"
2025-12-01T00:12:04Z svc=api level=INFO msg="retry queue depth=4107"
2025-12-01T00:12:13Z svc=authz level=INFO msg="compaction finished, 6174 segments merged"
2025-12-01T00:12:17Z svc=api level=INFO msg="healthcheck ok rtt=161ms"
2025-12-01T00:12:20Z svc=billing level=INFO msg="healthcheck ok rtt=6910ms"
2025-12-01T00:12:33Z svc=ingest level=INFO msg="compaction finished, 8946 segments merged"
2025-12-01T00:12:36Z svc=authz level=INFO msg="healthcheck ok rtt=1584ms"
2025-12-01T00:12:49Z svc=billing level=INFO msg="retry queue depth=1611"
2025-12-01T00:13:06Z svc=billing level=INFO msg="healthcheck ok rtt=1424ms"
2025-12-01T00:13:22Z svc=scheduler level=INFO msg="cache eviction pass removed 4883 entries"
2025-12-01T00:13:32Z svc=api level=INFO msg="token refresh completed in 9051ms"
2025-12-01T00:13:39Z svc=billing level=INFO msg="retry queue depth=658"
2025-12-01T00:13:53Z svc=scheduler level=INFO msg="retry queue depth=7058"
2025-12-01T00:14:02Z svc=authz level=INFO msg="batch 669 committed"
2025-12-01T00:14:12Z svc=authz level=INFO msg="healthcheck ok rtt=1036ms"
2025-12-01T00:14:19Z svc=ingest level=INFO msg="webhook delivery attempt 1551 succeeded"
2025-12-01T00:14:24Z svc=billing level=INFO msg="token refresh completed in 6479ms"
2025-12-01T00:14:41Z svc=ingest level=INFO msg="batch 7261 committed"
2025-12-01T00:14:54Z svc=authz level=INFO msg="retry queue depth=2003"
2025-12-01T00:14:58Z svc=billing level=INFO msg="webhook delivery attempt 5502 succeeded"
2025-12-01T00:15:12Z svc=scheduler level=INFO msg="batch 3792 committed"
2025-12-01T00:15:18Z svc=api level=INFO msg="batch 1641 committed"
2025-12-01T00:15:24Z svc=ingest level=INFO msg="token refresh completed in 8333ms"
2025-12-01T00:15:31Z svc=search level=INFO msg="batch 4960 committed"
2025-12-01T00:15:43Z svc=search level=INFO msg="retry queue depth=8587"
2025-12-01T00:15:47Z svc=billing level=INFO msg="healthcheck ok rtt=8163ms"
2025-12-01T00:15:58Z svc=scheduler level=INFO msg="cache eviction pass removed 7561 entries"
2025-12-01T00:16:02Z svc=authz level=INFO msg="compaction finished, 8691 segments merged"
2025-12-01T00:16:05Z svc=authz level=INFO msg="compaction finished, 2044 segments merged"
2025-12-01T00:16:18Z svc=billing level=INFO msg="compaction finished, 8378 segments merged"
2025-12-01T00:16:34Z svc=ingest level=INFO msg="healthcheck ok rtt=8358ms"
2025-12-01T00:16:37Z svc=billing level=INFO msg="token refresh completed in 6159ms"
2025-12-01T00:16:43Z svc=ingest level=INFO msg="retry queue depth=5011"
2025-12-01T00:16:49Z svc=search level=INFO msg="token refresh completed in 4634ms"
2025-12-01T00:16:56Z svc=scheduler level=INFO msg="retry queue depth=4279"
2025-12-01T00:17:12Z svc=ingest level=INFO msg="retry queue depth=7861"
2025-12-01T00:17:22Z svc=authz level=INFO msg="token refresh completed in 5469ms"
2025-12-01T00:17:35Z svc=search level=INFO msg="webhook delivery attempt 6471 succeeded"
2025-12-01T00:17:39Z svc=api level=INFO msg="cache eviction pass removed 1649 entries"
2025-12-01T00:17:45Z svc=search level=INFO msg="batch 3632 committed"
2025-12-01T00:17:55Z svc=billing level=INFO msg="healthcheck ok rtt=5634ms"
2025-12-01T00:18:03Z svc=ingest level=INFO msg="cache eviction pass removed 6610 entries"
2025-12-01T00:18:16Z svc=billing level=INFO msg="compaction finished, 7958 segments merged"
2025-12-01T00:18:29Z svc=search level=INFO msg="webhook delivery attempt 3330 succeeded"
2025-12-01T00:18:32Z svc=ingest level=INFO msg="batch 3073 committed"
2025-12-01T00:18:37Z svc=authz level=INFO msg="token refresh completed in 3395ms"
2025-12-01T00:18:54Z svc=search level=INFO msg="batch 7475 committed"
2025-12-01T00:19:05Z svc=scheduler level=INFO msg="healthcheck ok rtt=6465ms"
2025-12-01T00:19:20Z svc=search level=INFO msg="cache eviction pass removed 3979 entries"
2025-12-01T00:19:27Z svc=ingest level=INFO msg="retry queue depth=4035"
2025-12-01T00:19:36Z svc=ingest level=INFO msg="retry queue depth=2701"
2025-12-01T00:19:50Z svc=api level=INFO msg="webhook delivery attempt 8774 succeeded"
2025-12-01T00:20:01Z svc=scheduler level=INFO msg="webhook delivery attempt 298 succeeded"
2025-12-01T00:20:15Z svc=billing level=INFO msg="webhook delivery attempt 1146 succeeded"
2025-12-01T00:20:29Z svc=search level=INFO msg="healthcheck ok rtt=2258ms"
2025-12-01T00:20:40Z svc=authz level=INFO msg="compaction finished, 8955 segments merged"
2025-12-01T00:20:56Z svc=api level=INFO msg="webhook delivery attempt 2943 succeeded"
2025-12-01T00:21:10Z svc=authz level=INFO msg="token refresh completed in 9476ms"
2025-12-01T00:21:20Z svc=authz level=INFO msg="batch 7831 committed"
2025-12-01T00:21:36Z svc=billing level=INFO msg="healthcheck ok rtt=5396ms"
2025-12-01T00:21:53Z svc=search level=INFO msg="batch 8879 committed"
2025-12-01T00:22:01Z svc=authz level=INFO msg="cache eviction pass removed 4713 entries"
2025-12-01T00:22:11Z svc=billing level=INFO msg="cache eviction pass removed 1238 entries"
2025-12-01T00:22:23Z svc=search level=INFO msg="healthcheck ok rtt=454ms"
2025-12-01T00:22:32Z svc=billing level=INFO msg="webhook delivery attempt 2810 succeeded"
2025-12-01T00:22:42Z svc=search level=INFO msg="compaction finished, 4298 segments merged"
2025-12-01T00:22:57Z svc=api level=INFO msg="batch 5722 committed"
2025-12-01T00:23:01Z svc=search level=INFO msg="retry queue depth=6409"
2025-12-01T00:23:16Z svc=search level=INFO msg="compaction finished, 7613 segments merged"
2025-12-01T00:23:19Z svc=search level=INFO msg="token refresh completed in 8514ms"
2025-12-01T00:23:26Z svc=billing level=INFO msg="compaction finished, 5922 segments merged"
2025-12-01T00:23:38Z svc=scheduler level=INFO msg="webhook delivery attempt 3435 succeeded"
2025-12-01T00:23:51Z svc=ingest level=INFO msg="webhook delivery attempt 6163 succeeded"
2025-12-01T00:24:07Z svc=ingest level=INFO msg="retry queue depth=6517"
2025-12-01T00:24:21Z svc=search level=INFO msg="webhook delivery attempt 9283 succeeded"
2025-12-01T00:24:35Z svc=scheduler level=INFO msg="webhook delivery attempt 5976 succeeded"
2025-12-01T00:24:51Z svc=search level=INFO msg="webhook delivery attempt 2772 succeeded"
2025-12-01T00:25:02Z svc=scheduler level=INFO msg="cache eviction pass removed 5201 entries"
2025-12-01T00:25:12Z svc=api level=INFO msg="token refresh completed in 728ms"
2025-12-01T00:25:27Z svc=authz level=INFO msg="compaction finished, 9350 segments merged"
2025-12-01T00:25:43Z svc=search level=INFO msg="webhook delivery attempt 2862 succeeded"
2025-12-01T00:25:57Z svc=search level=INFO msg="webhook delivery attempt 448 succeeded"
2025-12-01T00:26:14Z svc=authz level=INFO msg="retry queue depth=8815"
2025-12-01T00:26:29Z svc=search level=INFO msg="cache eviction pass removed 9085 entries"
2025-12-01T00:26:38Z svc=ingest level=INFO msg="token refresh completed in 4293ms"
2025-12-01T00:26:45Z svc=scheduler level=INFO msg="token refresh completed in 8266ms"
2025-12-01T00:26:52Z svc=ingest level=INFO msg="healthcheck ok rtt=3059ms"
2025-12-01T00:26:59Z svc=authz level=INFO msg="compaction finished, 5431 segments merged"
2025-12-01T00:27:04Z svc=ingest level=INFO msg="healthcheck ok rtt=654ms"
2025-12-01T00:27:19Z svc=authz level=INFO msg="cache eviction pass removed 9219 entries"
2025-12-01T00:27:28Z svc=billing level=INFO msg="webhook delivery attempt 2821 succeeded"
2025-12-01T00:27:44Z svc=api level=INFO msg="compaction finished, 2742 segments merged"
2025-12-01T00:27:50Z svc=ingest level=INFO msg="healthcheck ok rtt=1541ms"
2025-12-01T00:28:07Z svc=api level=INFO msg="retry queue depth=4572"
2025-12-01T00:28:24Z svc=scheduler level=INFO msg="webhook delivery attempt 2689 succeeded"
2025-12-01T00:28:31Z svc=api level=INFO msg="webhook delivery attempt 3697 succeeded"
2025-12-01T00:28:42Z svc=scheduler level=INFO msg="batch 5133 committed"
2025-12-01T00:28:52Z svc=api level=INFO msg="compaction finished, 8135 segments merged"
2025-12-01T00:29:07Z svc=ingest level=INFO msg="compaction finished, 4402 segments merged"
2025-12-01T00:29:20Z svc=authz level=INFO msg="webhook delivery attempt 6563 succeeded"
2025-12-01T00:29:29Z svc=search level=INFO msg="retry queue depth=1687"
2025-12-01T00:29:46Z svc=search level=INFO msg="retry queue depth=7831"
2025-12-01T00:29:59Z svc=api level=INFO msg="token refresh completed in 2550ms"
2025-12-01T00:30:03Z svc=billing level=INFO msg="batch 3565 committed"
2025-12-01T00:30:07Z svc=billing level=INFO msg="retry queue depth=8260"
2025-12-01T00:30:18Z svc=scheduler level=INFO msg="healthcheck ok rtt=4679ms"
2025-12-01T00:30:22Z svc=api level=INFO msg="healthcheck ok rtt=3341ms"
2025-12-01T00:30:27Z svc=search level=INFO msg="compaction finished, 8695 segments merged"
2025-12-01T00:30:42Z svc=ingest level=INFO msg="compaction finished, 587 segments merged"
2025-12-01T00:30:56Z svc=ingest level=INFO msg="webhook delivery attempt 8561 succeeded"
2025-12-01T00:31:01Z svc=scheduler level=INFO msg="healthcheck ok rtt=722ms"
2025-12-01T00:31:14Z svc=search level=INFO msg="compaction finished, 5417 segments merged"
2025-12-01T00:31:26Z svc=authz level=INFO msg="webhook delivery attempt 3906 succeeded"
2025-12-01T00:31:32Z svc=scheduler level=INFO msg="compaction finished, 656 segments merged"
2025-12-01T00:31:48Z svc=ingest level=INFO msg="healthcheck ok rtt=700ms"
2025-12-01T00:31:59Z svc=billing level=INFO msg="retry queue depth=6447"
2025-12-01T00:32:02Z svc=scheduler level=INFO msg="token refresh completed in 5508ms"
2025-12-01T00:32:18Z svc=ingest level=INFO msg="cache eviction pass removed 2057 entries"
2025-12-01T00:32:21Z svc=ingest level=INFO msg="token refresh completed in 5186ms"
2025-12-01T00:32:34Z svc=ingest level=INFO msg="token refresh completed in 2580ms"
2025-12-01T00:32:37Z svc=billing level=INFO msg="healthcheck ok rtt=799ms"
2025-12-01T00:32:53Z svc=authz level=INFO msg="retry queue depth=4957"
2025-12-01T00:33:05Z svc=authz level=INFO msg="webhook delivery attempt 3334 succeeded"
2025-12-01T00:33:09Z svc=ingest level=INFO msg="compaction finished, 1859 segments merged"
2025-12-01T00:33:22Z svc=authz level=INFO msg="healthcheck ok rtt=434ms"
2025-12-01T00:33:36Z svc=api level=INFO msg="retry queue depth=3609"
2025-12-01T00:33:42Z svc=authz level=INFO msg="cache eviction pass removed 3682 entries"
2025-12-01T00:33:59Z svc=search level=INFO msg="webhook delivery attempt 6931 succeeded"
2025-12-01T00:34:16Z svc=ingest level=INFO msg="batch 835 committed"
2025-12-01T00:34:26Z svc=api level=INFO msg="cache eviction pass removed 4558 entries"
2025-12-01T00:34:32Z svc=authz level=INFO msg="healthcheck ok rtt=7944ms"
2025-12-01T00:34:35Z svc=search level=INFO msg="cache eviction pass removed 4685 entries"
2025-12-01T00:34:43Z svc=authz level=INFO msg="webhook delivery attempt 5984 succeeded"
2025-12-01T00:35:00Z svc=authz level=INFO msg="batch 2726 committed"
2025-12-01T00:35:11Z svc=billing level=INFO msg="token refresh completed in 5076ms"
2025-12-01T00:35:14Z svc=scheduler level=INFO msg="compaction finished, 2343 segments merged"
2025-12-01T00:35:29Z svc=api level=INFO msg="cache eviction pass removed 1080 entries"
2025-12-01T00:35:37Z svc=search level=INFO msg="cache eviction pass removed 7652 entries"
2025-12-01T00:35:41Z svc=api level=INFO msg="batch 3322 committed"
2025-12-01T00:35:48Z svc=search level=INFO msg="compaction finished, 4759 segments merged"
2025-12-01T00:36:05Z svc=api level=INFO msg="token refresh completed in 9041ms"
2025-12-01T00:36:08Z svc=scheduler level=INFO msg="batch 1562 committed"
2025-12-01T00:36:14Z svc=ingest level=INFO msg="batch 6539 committed"
2025-12-01T00:36:25Z svc=billing level=INFO msg="cache eviction pass removed 9236 entries"
2025-12-01T00:36:39Z svc=scheduler level=INFO msg="healthcheck ok rtt=3939ms"
2025-12-01T00:36:51Z svc=api level=INFO msg="batch 1125 committed"
2025-12-01T00:36:55Z svc=api level=INFO msg="cache eviction pass removed 4174 entries"
2025-12-01T00:37:05Z svc=billing level=INFO msg="healthcheck ok rtt=7315ms"
2025-12-01T00:37:21Z svc=search level=INFO msg="retry queue depth=9489"
2025-12-01T00:37:27Z svc=search level=INFO msg="cache eviction pass removed 2103 entries"
2025-12-01T00:37:40Z svc=api level=INFO msg="webhook delivery attempt 4353 succeeded"
2025-12-01T00:37:43Z svc=billing level=INFO msg="cache eviction pass removed 347 entries"
2025-12-01T00:37:54Z svc=billing level=INFO msg="compaction finished, 5306 segments merged"
2025-12-01T00:38:02Z svc=billing level=INFO msg="cache eviction pass removed 8358 entries"
2025-12-01T00:38:09Z svc=authz level=INFO msg="healthcheck ok rtt=7823ms"
2025-12-01T00:38:21Z svc=authz level=INFO msg="healthcheck ok rtt=2515ms"
2025-12-01T00:38:26Z svc=billing level=INFO msg="token refresh completed in 4375ms"
2025-12-01T00:38:34Z svc=authz level=INFO msg="batch 2407 committed"
2025-12-01T00:38:51Z svc=scheduler level=INFO msg="healthcheck ok rtt=1278ms"
2025-12-01T00:39:01Z svc=api level=INFO msg="webhook delivery attempt 2983 succeeded"
2025-12-01T00:39:04Z svc=search level=INFO msg="cache eviction pass removed 9052 entries"
2025-12-01T00:39:09Z svc=billing level=INFO msg="retry queue depth=5184"
2025-12-01T00:39:20Z svc=billing level=INFO msg="healthcheck ok rtt=933ms"
2025-12-01T00:39:36Z svc=api level=INFO msg="webhook delivery attempt 1291 succeeded"
2025-12-01T00:39:47Z svc=ingest level=INFO msg="batch 8854 committed"
2025-12-01T00:40:03Z svc=api level=INFO msg="retry queue depth=8587"
2025-12-01T00:40:07Z svc=api level=INFO msg="healthcheck ok rtt=5454ms"
2025-12-01T00:40:20Z svc=authz level=INFO msg="healthcheck ok rtt=2084ms"
2025-12-01T00:40:26Z svc=ingest level=INFO msg="batch 5276 committed"
2025-12-01T00:40:29Z svc=billing level=INFO msg="retry queue depth=8246"
2025-12-01T00:40:38Z svc=authz level=INFO msg="token refresh completed in 1460ms"
2025-12-01T00:40:50Z svc=ingest level=INFO msg="webhook delivery attempt 9156 succeeded"
2025-12-01T00:41:01Z svc=scheduler level=INFO msg="retry queue depth=8734"
2025-12-01T00:41:07Z svc=scheduler level=INFO msg="healthcheck ok rtt=8267ms"
2025-12-01T00:41:21Z svc=billing level=INFO msg="token refresh completed in 393ms"
2025-12-01T00:41:37Z svc=ingest level=INFO msg="compaction finished, 346 segments merged"
2025-12-01T00:41:54Z svc=billing level=INFO msg="token refresh completed in 3616ms"
2025-12-01T00:42:04Z svc=scheduler level=INFO msg="token refresh completed in 3179ms"
2025-12-01T00:42:10Z svc=billing level=INFO msg="compaction finished, 8787 segments merged"
2025-12-01T00:42:15Z svc=search level=INFO msg="token refresh completed in 7651ms"
2025-12-01T00:42:29Z svc=search level=INFO msg="retry queue depth=2044"
2025-12-01T00:42:42Z svc=billing level=INFO msg="retry queue depth=9079"
2025-12-01T00:42:53Z svc=ingest level=INFO msg="token refresh completed in 8163ms"
2025-12-01T00:43:10Z svc=billing level=INFO msg="compaction finished, 655 segments merged"
2025-12-01T00:43:16Z svc=billing level=INFO msg="batch 8953 committed"
2025-12-01T00:43:28Z svc=authz level=INFO msg="healthcheck ok rtt=4075ms"
2025-12-01T00:43:31Z svc=api level=INFO msg="token refresh completed in 4788ms"
2025-12-01T00:43:39Z svc=authz level=INFO msg="webhook delivery attempt 991 succeeded"
2025-12-01T00:43:51Z svc=ingest level=INFO msg="batch 8635 committed"
2025-12-01T00:43:55Z svc=api level=INFO msg="compaction finished, 1712 segments merged"
2025-12-01T00:44:06Z svc=authz level=INFO msg="batch 6175 committed"
2025-12-01T00:44:16Z svc=ingest level=INFO msg="batch 3174 committed"
2025-12-01T00:44:23Z svc=authz level=INFO msg="retry queue depth=1684"
2025-12-01T00:44:34Z svc=scheduler level=INFO msg="cache eviction pass removed 4128 entries"
2025-12-01T00:44:42Z svc=authz level=INFO msg="token refresh completed in 8436ms"
2025-12-01T00:44:58Z svc=billing level=INFO msg="webhook delivery attempt 3435 succeeded"
2025-12-01T00:45:15Z svc=authz level=INFO msg="retry queue depth=444"
2025-12-01T00:45:20Z svc=authz level=INFO msg="retry queue depth=8925"
2025-12-01T00:45:28Z svc=ingest level=INFO msg="retry queue depth=9279"
2025-12-01T00:45:31Z svc=billing level=INFO msg="batch 1649 committed"
2025-12-01T00:45:46Z svc=api level=INFO msg="cache eviction pass removed 5070 entries"
2025-12-01T00:45:52Z svc=ingest level=INFO msg="healthcheck ok rtt=3027ms"
2025-12-01T00:46:01Z svc=billing level=INFO msg="token refresh completed in 8091ms"
2025-12-01T00:46:08Z svc=ingest level=INFO msg="batch 9299 committed"
2025-12-01T00:46:14Z svc=scheduler level=INFO msg="token refresh completed in 4872ms"
2025-12-01T00:46:23Z svc=search level=INFO msg="webhook delivery attempt 297 succeeded"
2025-12-01T00:46:34Z svc=scheduler level=INFO msg="batch 5836 committed"
2025-12-01T00:46:51Z svc=search level=INFO msg="retry queue depth=8655"
2025-12-01T00:46:57Z svc=scheduler level=INFO msg="token refresh completed in 2618ms"
2025-12-01T00:47:13Z svc=authz level=INFO msg="webhook delivery attempt 7609 succeeded"
2025-12-01T00:47:29Z svc=billing level=INFO msg="retry queue depth=7960"
2025-12-01T00:47:36Z svc=api level=INFO msg="batch 6487 committed"
2025-12-01T00:47:43Z svc=api level=INFO msg="healthcheck ok rtt=6433ms"
2025-12-01T00:47:51Z svc=authz level=INFO msg="compaction finished, 7580 segments merged"
2025-12-01T00:47:57Z svc=authz level=INFO msg="retry queue depth=8655"
2025-12-01T00:48:13Z svc=scheduler level=INFO msg="cache eviction pass removed 1090 entries"
2025-12-01T00:48:16Z svc=scheduler level=INFO msg="batch 4388 committed"
2025-12-01T00:48:30Z svc=search level=INFO msg="token refresh completed in 2320ms"
2025-12-01T00:48:47Z svc=ingest level=INFO msg="webhook delivery attempt 6908 succeeded"
2025-12-01T00:49:04Z svc=authz level=INFO msg="retry queue depth=1768"
2025-12-01T00:49:15Z svc=api level=INFO msg="token refresh completed in 1831ms"
2025-12-01T00:49:31Z svc=scheduler level=INFO msg="retry queue depth=4347"
2025-12-01T00:49:34Z svc=scheduler level=INFO msg="compaction finished, 8797 segments merged"
2025-12-01T00:49:38Z svc=api level=INFO msg="cache eviction pass removed 1758 entries"
2025-12-01T00:49:47Z svc=billing level=INFO msg="batch 3553 committed"
2025-12-01T00:50:01Z svc=authz level=INFO msg="token refresh completed in 6337ms"
2025-12-01T00:50:18Z svc=scheduler level=INFO msg="retry queue depth=5766"
2025-12-01T00:50:28Z svc=authz level=INFO msg="token refresh completed in 831ms"
2025-12-01T00:50:33Z svc=ingest level=INFO msg="token refresh completed in 5471ms"
2025-12-01T00:50:46Z svc=scheduler level=INFO msg="healthcheck ok rtt=3803ms"
2025-12-01T00:51:03Z svc=api level=INFO msg="compaction finished, 457 segments merged"
2025-12-01T00:51:15Z svc=api level=INFO msg="batch 7284 committed"
2025-12-01T00:51:24Z svc=ingest level=INFO msg="webhook delivery attempt 3295 succeeded"
2025-12-01T00:51:29Z svc=authz level=INFO msg="token refresh completed in 3155ms"
2025-12-01T00:51:36Z svc=billing level=INFO msg="batch 495 committed"
2025-12-01T00:51:40Z svc=scheduler level=INFO msg="cache eviction pass removed 3024 entries"
2025-12-01T00:51:50Z svc=search level=INFO msg="compaction finished, 4857 segments merged"
2025-12-01T00:52:06Z svc=billing level=INFO msg="cache eviction pass removed 4395 entries"
2025-12-01T00:52:21Z svc=billing level=INFO msg="healthcheck ok rtt=6368ms"
2025-12-01T00:52:31Z svc=billing level=INFO msg="token refresh completed in 878ms"
2025-12-01T00:52:35Z svc=ingest level=INFO msg="batch 465 committed"
2025-12-01T00:52:46Z svc=api level=INFO msg="webhook delivery attempt 8664 succeeded"
2025-12-01T00:52:55Z svc=scheduler level=INFO msg="retry queue depth=236"
2025-12-01T00:53:03Z svc=billing level=INFO msg="batch 8513 committed"
2025-12-01T00:53:13Z svc=scheduler level=INFO msg="retry queue depth=1855"
2025-12-01T00:53:23Z svc=authz level=INFO msg="token refresh completed in 3219ms"
2025-12-01T00:53:34Z svc=ingest level=INFO msg="token refresh completed in 8380ms"
2025-12-01T00:53:41Z svc=ingest level=INFO msg="cache eviction pass removed 2094 entries"
2025-12-01T00:53:58Z svc=billing level=INFO msg="token refresh completed in 5768ms"
2025-12-01T00:54:08Z svc=billing level=INFO msg="retry queue depth=2261"
2025-12-01T00:54:25Z svc=api level=INFO msg="healthcheck ok rtt=8360ms"
2025-12-01T00:54:38Z svc=authz level=INFO msg="cache eviction pass removed 6672 entries"
2025-12-01T00:54:46Z svc=ingest level=INFO msg="token refresh completed in 6454ms"
2025-12-01T00:54:59Z svc=ingest level=INFO msg="cache eviction pass removed 4409 entries"
2025-12-01T00:55:08Z svc=search level=INFO msg="compaction finished, 980 segments merged"
2025-12-01T00:55:24Z svc=scheduler level=INFO msg="compaction finished, 8382 segments merged"
2025-12-01T00:55:27Z svc=search level=INFO msg="cache eviction pass removed 2529 entries"
2025-12-01T00:55:40Z svc=billing level=INFO msg="healthcheck ok rtt=8026ms"
2025-12-01T00:55:55Z svc=search level=INFO msg="compaction finished, 4127 segments merged"
2025-12-01T00:56:07Z svc=authz level=INFO msg="webhook delivery attempt 3623 succeeded"
2025-12-01T00:56:18Z svc=billing level=INFO msg="healthcheck ok rtt=7718ms"
2025-12-01T00:56:22Z svc=search level=INFO msg="retry queue depth=4186"
2025-12-01T00:56:33Z svc=billing level=INFO msg="compaction finished, 8470 segments merged"
2025-12-01T00:56:36Z svc=search level=INFO msg="batch 9164 committed"
2025-12-01T00:56:50Z svc=ingest level=INFO msg="cache eviction pass removed 3341 entries"
2025-12-01T00:56:56Z svc=api level=INFO msg="compaction finished, 6753 segments merged"
2025-12-01T00:57:08Z svc=authz level=INFO msg="cache eviction pass removed 5920 entries"
2025-12-01T00:57:17Z svc=ingest level=INFO msg="webhook delivery attempt 106 succeeded"
2025-12-01T00:57:30Z svc=api level=INFO msg="retry queue depth=1815"
2025-12-01T00:57:36Z svc=scheduler level=INFO msg="compaction finished, 3624 segments merged"
2025-12-01T00:57:48Z svc=billing level=INFO msg="retry queue depth=7501"
2025-12-01T00:57:52Z svc=authz level=INFO msg="cache eviction pass removed 1585 entries"
2025-12-01T00:58:03Z svc=ingest level=INFO msg="compaction finished, 3445 segments merged"
2025-12-01T00:58:17Z svc=ingest level=INFO msg="batch 7998 committed"
2025-12-01T00:58:30Z svc=search level=INFO msg="retry queue depth=7871"
2025-12-01T00:58:47Z svc=ingest level=INFO msg="token refresh completed in 4250ms"
2025-12-01T00:58:53Z svc=billing level=INFO msg="batch 1564 committed"
2025-12-01T00:59:06Z svc=search level=INFO msg="token refresh completed in 6219ms"
2025-12-01T00:59:12Z svc=ingest level=INFO msg="batch 1790 committed"
2025-12-01T00:59:20Z svc=authz level=INFO msg="batch 8128 committed"
2025-12-01T00:59:24Z svc=ingest level=INFO msg="batch 1947 committed"
2025-12-01T00:59:29Z svc=billing level=INFO msg="retry queue depth=4267"
2025-12-01T00:59:42Z svc=api level=INFO msg="compaction finished, 717 segments merged"
2025-12-01T00:59:48Z svc=scheduler level=INFO msg="token refresh completed in 3628ms"
2025-12-01T01:00:05Z svc=api level=INFO msg="healthcheck ok rtt=6942ms"
2025-12-01T01:00:14Z svc=scheduler level=INFO msg="batch 9464 committed"
2025-12-01T01:00:18Z svc=scheduler level=INFO msg="webhook delivery attempt 3009 succeeded"
2025-12-01T01:00:32Z svc=authz level=INFO msg="healthcheck ok rtt=987ms"
2025-12-01T01:00:37Z svc=search level=INFO msg="token refresh completed in 4011ms"
2025-12-01T01:00:51Z svc=api level=INFO msg="compaction finished, 827 segments merged"
2025-12-01T01:00:55Z svc=ingest level=INFO msg="healthcheck ok rtt=5411ms"
2025-12-01T01:01:07Z svc=authz level=INFO msg="compaction finished, 2899 segments merged"
2025-12-01T01:01:24Z svc=search level=INFO msg="webhook delivery attempt 6255 succeeded"
2025-12-01T01:01:29Z svc=api level=INFO msg="healthcheck ok rtt=8264ms"
2025-12-01T01:01:34Z svc=billing level=INFO msg="compaction finished, 5197 segments merged"
2025-12-01T01:01:42Z svc=scheduler level=INFO msg="healthcheck ok rtt=6092ms"
2025-12-01T01:01:45Z svc=scheduler level=INFO msg="cache eviction pass removed 8532 entries"
2025-12-01T01:01:55Z svc=scheduler level=INFO msg="retry queue depth=4126"
2025-12-01T01:02:08Z svc=api level=INFO msg="healthcheck ok rtt=8577ms"
2025-12-01T01:02:13Z svc=ingest level=INFO msg="cache eviction pass removed 1058 entries"
2025-12-01T01:02:30Z svc=scheduler level=INFO msg="cache eviction pass removed 8719 entries"
2025-12-01T01:02:37Z svc=authz level=INFO msg="token refresh completed in 5814ms"
2025-12-01T01:02:48Z svc=ingest level=INFO msg="batch 8006 committed"
2025-12-01T01:03:00Z svc=search level=INFO msg="webhook delivery attempt 2774 succeeded"
2025-12-01T01:03:12Z svc=scheduler level=INFO msg="webhook delivery attempt 3683 succeeded"
2025-12-01T01:03:28Z svc=billing level=INFO msg="webhook delivery attempt 9049 succeeded"
2025-12-01T01:03:35Z svc=authz level=INFO msg="healthcheck ok rtt=5362ms"
2025-12-01T01:03:52Z svc=authz level=INFO msg="cache eviction pass removed 6649 entries"
2025-12-01T01:04:02Z svc=search level=INFO msg="webhook delivery attempt 8880 succeeded"
2025-12-01T01:04:10Z svc=authz level=INFO msg="compaction finished, 508 segments merged"
2025-12-01T01:04:23Z svc=billing level=INFO msg="webhook delivery attempt 2557 succeeded"
2025-12-01T01:04:31Z svc=api level=INFO msg="token refresh completed in 1458ms"
2025-12-01T01:04:43Z svc=billing level=INFO msg="cache eviction pass removed 9000 entries"
2025-12-01T01:04:48Z svc=ingest level=INFO msg="cache eviction pass removed 7919 entries"
2025-12-01T01:05:04Z svc=billing level=INFO msg="retry queue depth=3237"
2025-12-01T01:05:08Z svc=ingest level=INFO msg="webhook delivery attempt 7836 succeeded"
2025-12-01T01:05:17Z svc=billing level=INFO msg="compaction finished, 704 segments merged"
2025-12-01T01:05:26Z svc=scheduler level=INFO msg="token refresh completed in 8845ms"
2025-12-01T01:05:34Z svc=scheduler level=INFO msg="webhook delivery attempt 2876 succeeded"
2025-12-01T01:05:47Z svc=scheduler level=INFO msg="compaction finished, 6079 segments merged"
2025-12-01T01:06:00Z svc=scheduler level=INFO msg="batch 297 committed"
2025-12-01T01:06:17Z svc=api level=INFO msg="token refresh completed in 5254ms"
2025-12-01T01:06:34Z svc=search level=INFO msg="webhook delivery attempt 745 succeeded"
2025-12-01T01:06:51Z svc=scheduler level=INFO msg="webhook delivery attempt 5605 succeeded"
2025-12-01T01:06:54Z svc=billing level=INFO msg="compaction finished, 8114 segments merged"
2025-12-01T01:06:59Z svc=search level=INFO msg="compaction finished, 3765 segments merged"
2025-12-01T01:07:13Z svc=scheduler level=INFO msg="batch 3662 committed"
2025-12-01T01:07:26Z svc=billing level=INFO msg="batch 6782 committed"
2025-12-01T01:07:43Z svc=authz level=INFO msg="compaction finished, 839 segments merged"
2025-12-01T01:07:52Z svc=api level=INFO msg="webhook delivery attempt 8027 succeeded"
2025-12-01T01:08:07Z svc=authz level=INFO msg="compaction finished, 7463 segments merged"
2025-12-01T01:08:10Z svc=authz level=INFO msg="batch 3071 committed"
2025-12-01T01:08:16Z svc=billing level=INFO msg="webhook delivery attempt 1348 succeeded"
2025-12-01T01:08:21Z svc=ingest level=INFO msg="healthcheck ok rtt=3816ms"
2025-12-01T01:08:37Z svc=authz level=INFO msg="batch 6935 committed"
2025-12-01T01:08:53Z svc=billing level=INFO msg="compaction finished, 4775 segments merged"
2025-12-01T01:09:07Z svc=api level=INFO msg="healthcheck ok rtt=4264ms"
2025-12-01T01:09:15Z svc=scheduler level=INFO msg="healthcheck ok rtt=1431ms"
2025-12-01T01:09:26Z svc=search level=INFO msg="webhook delivery attempt 1834 succeeded"
2025-12-01T01:09:30Z svc=ingest level=INFO msg="cache eviction pass removed 2444 entries"
2025-12-01T01:09:45Z svc=ingest level=INFO msg="batch 8021 committed"
2025-12-01T01:10:00Z svc=search level=INFO msg="token refresh completed in 6667ms"
2025-12-01T01:10:17Z svc=search level=INFO msg="webhook delivery attempt 8951 succeeded"
2025-12-01T01:10:32Z svc=api level=INFO msg="compaction finished, 4090 segments merged"
2025-12-01T01:10:45Z svc=billing level=INFO msg="batch 8438 committed"
2025-12-01T01:11:01Z svc=api level=INFO msg="batch 1115 committed"
2025-12-01T01:11:05Z svc=search level=INFO msg="webhook delivery attempt 6564 succeeded"
2025-12-01T01:11:13Z svc=authz level=INFO msg="cache eviction pass removed 2607 entries"
2025-12-01T01:11:19Z svc=authz level=INFO msg="webhook delivery attempt 4490 succeeded"
2025-12-01T01:11:24Z svc=scheduler level=INFO msg="webhook delivery attempt 1798 succeeded"
2025-12-01T01:11:31Z svc=authz level=INFO msg="healthcheck ok rtt=850ms"
2025-12-01T01:11:48Z svc=api level=INFO msg="token refresh completed in 3021ms"
2025-12-01T01:11:52Z svc=billing level=INFO msg="batch 6784 committed"
2025-12-01T01:12:09Z svc=api level=INFO msg="cache eviction pass removed 8662 entries"
2025-12-01T01:12:14Z svc=api level=INFO msg="token refresh completed in 2379ms"
2025-12-01T01:12:17Z svc=api level=INFO msg="webhook delivery attempt 477 succeeded"
2025-12-01T01:12:25Z svc=ingest level=INFO msg="healthcheck ok rtt=8167ms"
2025-12-01T01:12:33Z svc=authz level=INFO msg="token refresh completed in 4696ms"
2025-12-01T01:12:44Z svc=api level=INFO msg="retry queue depth=3991"
2025-12-01T01:12:52Z svc=ingest level=INFO msg="retry queue depth=1936"
2025-12-01T01:13:02Z svc=billing level=INFO msg="webhook delivery attempt 8586 succeeded"
2025-12-01T01:13:14Z svc=billing level=INFO msg="compaction finished, 7822 segments merged"
2025-12-01T01:13:26Z svc=scheduler level=INFO msg="webhook delivery attempt 692 succeeded"
2025-12-01T01:13:43Z svc=authz level=INFO msg="healthcheck ok rtt=4424ms"
2025-12-01T01:13:58Z svc=authz level=INFO msg="compaction finished, 3764 segments merged"
2025-12-01T01:14:10Z svc=authz level=INFO msg="webhook delivery attempt 2130 succeeded"
2025-12-01T01:14:14Z svc=search level=INFO msg="healthcheck ok rtt=311ms"
2025-12-01T01:14:30Z svc=scheduler level=INFO msg="webhook delivery attempt 7733 succeeded"
2025-12-01T01:14:47Z svc=api level=INFO msg="compaction finished, 731 segments merged"
2025-12-01T01:15:03Z svc=billing level=INFO msg="token refresh completed in 3103ms"
2025-12-01T01:15:19Z svc=scheduler level=INFO msg="token refresh completed in 4948ms"
2025-12-01T01:15:23Z svc=ingest level=INFO msg="retry queue depth=8477"
2025-12-01T01:15:36Z svc=ingest level=INFO msg="batch 3103 committed"
2025-12-01T01:15:53Z svc=ingest level=INFO msg="batch 3355 committed"
2025-12-01T01:16:08Z svc=ingest level=INFO msg="cache eviction pass removed 1365 entries"
2025-12-01T01:16:23Z svc=api level=INFO msg="webhook delivery attempt 78 succeeded"
2025-12-01T01:16:34Z svc=scheduler level=INFO msg="compaction finished, 1303 segments merged"
2025-12-01T01:16:39Z svc=search level=INFO msg="token refresh completed in 5318ms"
2025-12-01T01:16:50Z svc=ingest level=INFO msg="healthcheck ok rtt=7847ms"
2025-12-01T01:16:59Z svc=api level=INFO msg="retry queue depth=4514"
2025-12-01T01:17:07Z svc=api level=INFO msg="cache eviction pass removed 6078 entries"
2025-12-01T01:17:24Z svc=authz level=INFO msg="retry queue depth=3628"
2025-12-01T01:17:33Z svc=api level=INFO msg="token refresh completed in 8854ms"
2025-12-01T01:17:46Z svc=billing level=INFO msg="batch 2232 committed"
2025-12-01T01:18:03Z svc=authz level=INFO msg="compaction finished, 3605 segments merged"
2025-12-01T01:18:14Z svc=search level=INFO msg="token refresh completed in 3808ms"
2025-12-01T01:18:17Z svc=api level=INFO msg="healthcheck ok rtt=7630ms"
2025-12-01T01:18:34Z svc=ingest level=INFO msg="healthcheck ok rtt=2466ms"
2025-12-01T01:18:41Z svc=search level=INFO msg="token refresh completed in 5017ms"
2025-12-01T01:18:53Z svc=api level=INFO msg="healthcheck ok rtt=6883ms"
2025-12-01T01:19:00Z svc=billing level=INFO msg="healthcheck ok rtt=146ms"
2025-12-01T01:19:03Z svc=api level=INFO msg="healthcheck ok rtt=5416ms"
2025-12-01T01:19:11Z svc=ingest level=INFO msg="token refresh completed in 7263ms"
2025-12-01T01:19:27Z svc=billing level=INFO msg="token refresh completed in 4768ms"
2025-12-01T01:19:37Z svc=billing level=INFO msg="compaction finished, 7264 segments merged"
2025-12-01T01:19:49Z svc=api level=INFO msg="token refresh completed in 1357ms"
2025-12-01T01:20:02Z svc=billing level=INFO msg="webhook delivery attempt 2116 succeeded"
2025-12-01T01:20:07Z svc=scheduler level=INFO msg="healthcheck ok rtt=5447ms"
2025-12-01T01:20:12Z svc=billing level=INFO msg="retry queue depth=7843"
2025-12-01T01:20:23Z svc=search level=INFO msg="healthcheck ok rtt=6896ms"
2025-12-01T01:20:39Z svc=api level=INFO msg="compaction finished, 459 segments merged"
2025-12-01T01:20:48Z svc=authz level=INFO msg="retry queue depth=3896"
2025-12-01T01:20:59Z svc=ingest level=INFO msg="compaction finished, 9034 segments merged"
2025-12-01T01:21:11Z svc=api level=INFO msg="compaction finished, 6108 segments merged"
2025-12-01T01:21:20Z svc=search level=INFO msg="healthcheck ok rtt=3249ms"
2025-12-01T01:21:34Z svc=api level=INFO msg="compaction finished, 929 segments merged"
2025-12-01T01:21:50Z svc=ingest level=INFO msg="compaction finished, 4825 segments merged"
2025-12-01T01:21:54Z svc=billing level=INFO msg="token refresh completed in 2386ms"
2025-12-01T01:22:06Z svc=scheduler level=INFO msg="cache eviction pass removed 1812 entries"
2025-12-01T01:22:22Z svc=scheduler level=INFO msg="retry queue depth=2602"
2025-12-01T01:22:27Z svc=api level=INFO msg="token refresh completed in 3527ms"
2025-12-01T01:22:38Z svc=authz level=INFO msg="webhook delivery attempt 8831 succeeded"
2025-12-01T01:22:55Z svc=api level=INFO msg="healthcheck ok rtt=5768ms"
2025-12-01T01:23:11Z svc=scheduler level=INFO msg="token refresh completed in 3085ms"
2025-12-01T01:23:28Z svc=billing level=INFO msg="batch 1114 committed"
2025-12-01T01:23:32Z svc=authz level=INFO msg="webhook delivery attempt 4457 succeeded"
2025-12-01T01:23:39Z svc=scheduler level=INFO msg="webhook delivery attempt 973 succeeded"
2025-12-01T01:23:56Z svc=api level=INFO msg="compaction finished, 8259 segments merged"
2025-12-01T01:24:03Z svc=api level=INFO msg="compaction finished, 6832 segments merged"
2025-12-01T01:24:10Z svc=authz level=INFO msg="retry queue depth=5616"
2025-12-01T01:24:26Z svc=search level=INFO msg="webhook delivery attempt 4900 succeeded"
2025-12-01T01:24:43Z svc=authz level=INFO msg="batch 2181 committed"
2025-12-01T01:24:57Z svc=scheduler level=INFO msg="healthcheck ok rtt=1022ms"
2025-12-01T01:25:03Z svc=search level=INFO msg="compaction finished, 6088 segments merged"
2025-12-01T01:25:09Z svc=api level=INFO msg="retry queue depth=1474"
2025-12-01T01:25:15Z svc=ingest level=INFO msg="healthcheck ok rtt=3185ms"
2025-12-01T01:25:22Z svc=authz level=INFO msg="batch 5717 committed"
2025-12-01T01:25:33Z svc=billing level=INFO msg="retry queue depth=5999"
2025-12-01T01:25:47Z svc=scheduler level=INFO msg="token refresh completed in 9080ms"
2025-12-01T01:25:51Z svc=billing level=INFO msg="compaction finished, 6265 segments merged"
2025-12-01T01:25:59Z svc=authz level=INFO msg="retry queue depth=9249"
2025-12-01T01:26:16Z svc=scheduler level=INFO msg="webhook delivery attempt 7803 succeeded"
2025-12-01T01:26:19Z svc=api level=INFO msg="compaction finished, 5389 segments merged"
2025-12-01T01:26:27Z svc=search level=INFO msg="batch 5106 committed"
2025-12-01T01:26:42Z svc=api level=INFO msg="webhook delivery attempt 2284 succeeded"
2025-12-01T01:26:47Z svc=api level=INFO msg="retry queue depth=3014"
2025-12-01T01:26:59Z svc=billing level=INFO msg="batch 8422 committed"
2025-12-01T01:27:04Z svc=ingest level=INFO msg="batch 9345 committed"
2025-12-01T01:27:13Z svc=scheduler level=INFO msg="healthcheck ok rtt=732ms"
2025-12-01T01:27:27Z svc=scheduler level=INFO msg="healthcheck ok rtt=6513ms"
2025-12-01T01:27:39Z svc=billing level=INFO msg="retry queue depth=4860"
2025-12-01T01:27:50Z svc=ingest level=INFO msg="batch 4698 committed"
2025-12-01T01:27:58Z svc=api level=INFO msg="cache eviction pass removed 3178 entries"
2025-12-01T01:28:01Z svc=search level=INFO msg="retry queue depth=996"
2025-12-01T01:28:15Z svc=search level=INFO msg="batch 2854 committed"
2025-12-01T01:28:24Z svc=ingest level=INFO msg="compaction finished, 1820 segments merged"
2025-12-01T01:28:30Z svc=billing level=INFO msg="retry queue depth=788"
2025-12-01T01:28:40Z svc=authz level=INFO msg="token refresh completed in 4319ms"
2025-12-01T01:28:51Z svc=api level=INFO msg="compaction finished, 8218 segments merged"
2025-12-01T01:29:02Z svc=authz level=INFO msg="batch 5059 committed"
2025-12-01T01:29:14Z svc=scheduler level=INFO msg="token refresh completed in 7181ms"
2025-12-01T01:29:28Z svc=search level=INFO msg="compaction finished, 7764 segments merged"
2025-12-01T01:29:36Z svc=scheduler level=INFO msg="retry queue depth=8579"
2025-12-01T01:29:40Z svc=search level=INFO msg="token refresh completed in 1715ms"
2025-12-01T01:29:48Z svc=api level=INFO msg="batch 967 committed"
2025-12-01T01:29:59Z svc=authz level=INFO msg="cache eviction pass removed 1597 entries"
2025-12-01T01:30:07Z svc=billing level=INFO msg="retry queue depth=6152"
2025-12-01T01:30:14Z svc=search level=INFO msg="token refresh completed in 1030ms"
2025-12-01T01:30:25Z svc=api level=INFO msg="healthcheck ok rtt=8892ms"
2025-12-01T01:30:31Z svc=authz level=INFO msg="healthcheck ok rtt=308ms"
2025-12-01T01:30:45Z svc=ingest level=INFO msg="cache eviction pass removed 1004 entries"
2025-12-01T01:30:59Z svc=billing level=INFO msg="webhook delivery attempt 2410 succeeded"
2025-12-01T01:31:16Z svc=authz level=INFO msg="token refresh completed in 8698ms"
2025-12-01T01:31:29Z svc=api level=INFO msg="token refresh completed in 5018ms"
2025-12-01T01:31:34Z svc=search level=INFO msg="compaction finished, 1489 segments merged"
2025-12-01T01:31:38Z svc=scheduler level=INFO msg="healthcheck ok rtt=9500ms"
2025-12-01T01:31:46Z svc=scheduler level=INFO msg="webhook delivery attempt 3897 succeeded"
2025-12-01T01:31:58Z svc=authz level=INFO msg="batch 5012 committed"
2025-12-01T01:32:05Z svc=ingest level=INFO msg="batch 730 committed"
2025-12-01T01:32:18Z svc=billing level=INFO msg="webhook delivery attempt 282 succeeded"
2025-12-01T01:32:25Z svc=authz level=INFO msg="token refresh completed in 2960ms"
2025-12-01T01:32:32Z svc=api level=INFO msg="cache eviction pass removed 9478 entries"
2025-12-01T01:32:46Z svc=authz level=INFO msg="webhook delivery attempt 4744 succeeded"
2025-12-01T01:32:51Z svc=search level=INFO msg="batch 5849 committed"
2025-12-01T01:32:58Z svc=search level=INFO msg="retry queue depth=3966"
2025-12-01T01:33:11Z svc=api level=INFO msg="webhook delivery attempt 5369 succeeded"
2025-12-01T01:33:25Z svc=billing level=INFO msg="batch 3982 committed"
2025-12-01T01:33:41Z svc=ingest level=INFO msg="webhook delivery attempt 6498 succeeded"
2025-12-01T01:33:49Z svc=api level=INFO msg="batch 6687 committed"
2025-12-01T01:33:56Z svc=authz level=INFO msg="cache eviction pass removed 615 entries"
2025-12-01T01:34:07Z svc=api level=INFO msg="healthcheck ok rtt=5344ms"
2025-12-01T01:34:19Z svc=search level=INFO msg="webhook delivery attempt 2945 succeeded"
2025-12-01T01:34:28Z svc=api level=INFO msg="batch 2242 committed"
2025-12-01T01:34:42Z svc=authz level=INFO msg="cache eviction pass removed 5530 entries"
2025-12-01T01:34:45Z svc=search level=INFO msg="cache eviction pass removed 7858 entries"
2025-12-01T01:35:02Z svc=scheduler level=INFO msg="webhook delivery attempt 8223 succeeded"
2025-12-01T01:35:18Z svc=search level=INFO msg="retry queue depth=7989"
2025-12-01T01:35:22Z svc=authz level=INFO msg="cache eviction pass removed 3490 entries"
2025-12-01T01:35:39Z svc=search level=INFO msg="healthcheck ok rtt=5017ms"
2025-12-01T01:35:56Z svc=api level=INFO msg="webhook delivery attempt 6128 succeeded"
2025-12-01T01:36:11Z svc=ingest level=INFO msg="compaction finished, 2525 segments merged"
2025-12-01T01:36:18Z svc=api level=INFO msg="webhook delivery attempt 1776 succeeded"
2025-12-01T01:36:35Z svc=search level=INFO msg="retry queue depth=738"
2025-12-01T01:36:46Z svc=api level=INFO msg="healthcheck ok rtt=7983ms"
2025-12-01T01:36:56Z svc=scheduler level=INFO msg="cache eviction pass removed 5310 entries"
2025-12-01T01:37:08Z svc=ingest level=INFO msg="webhook delivery attempt 3056 succeeded"
2025-12-01T01:37:16Z svc=scheduler level=INFO msg="retry queue depth=2734"
2025-12-01T01:37:28Z svc=api level=INFO msg="healthcheck ok rtt=2295ms"
2025-12-01T01:37:34Z svc=search level=INFO msg="healthcheck ok rtt=2730ms"
2025-12-01T01:37:49Z svc=search level=INFO msg="token refresh completed in 8132ms"
2025-12-01T01:37:53Z svc=api level=INFO msg="compaction finished, 310 segments merged"
2025-12-01T01:37:58Z svc=api level=INFO msg="token refresh completed in 624ms"
2025-12-01T01:38:02Z svc=search level=INFO msg="compaction finished, 4688 segments merged"
2025-12-01T01:38:16Z svc=search level=INFO msg="healthcheck ok rtt=1746ms"
2025-12-01T01:38:28Z svc=billing level=INFO msg="cache eviction pass removed 5455 entries"
2025-12-01T01:38:33Z svc=authz level=INFO msg="batch 6685 committed"
2025-12-01T01:38:48Z svc=api level=INFO msg="batch 206 committed"
2025-12-01T01:39:01Z svc=authz level=INFO msg="healthcheck ok rtt=7930ms"
2025-12-01T01:39:09Z svc=api level=INFO msg="webhook delivery attempt 8913 succeeded"
2025-12-01T01:39:19Z svc=scheduler level=INFO msg="cache eviction pass removed 6445 entries"
2025-12-01T01:39:33Z svc=api level=INFO msg="token refresh completed in 6529ms"
2025-12-01T01:39:41Z svc=billing level=INFO msg="retry queue depth=8721"
2025-12-01T01:39:57Z svc=scheduler level=INFO msg="retry queue depth=4511"
2025-12-01T01:40:03Z svc=scheduler level=INFO msg="healthcheck ok rtt=7655ms"
2025-12-01T01:40:15Z svc=billing level=INFO msg="cache eviction pass removed 6093 entries"
2025-12-01T01:40:21Z svc=authz level=INFO msg="retry queue depth=1092"
2025-12-01T01:40:26Z svc=scheduler level=INFO msg="compaction finished, 3293 segments merged"
2025-12-01T01:40:30Z svc=ingest level=INFO msg="compaction finished, 1832 segments merged"
2025-12-01T01:40:39Z svc=authz level=INFO msg="cache eviction pass removed 1777 entries"
2025-12-01T01:40:42Z svc=search level=INFO msg="compaction finished, 3077 segments merged"
2025-12-01T01:40:51Z svc=ingest level=INFO msg="webhook delivery attempt 7532 succeeded"
2025-12-01T01:41:03Z svc=authz level=INFO msg="retry queue depth=2754"
2025-12-01T01:41:17Z svc=authz level=INFO msg="healthcheck ok rtt=2183ms"
2025-12-01T01:41:32Z svc=authz level=INFO msg="token refresh completed in 4013ms"
2025-12-01T01:41:39Z svc=ingest level=INFO msg="healthcheck ok rtt=6076ms"
2025-12-01T01:41:46Z svc=scheduler level=INFO msg="healthcheck ok rtt=1583ms"
2025-12-01T01:41:58Z svc=authz level=INFO msg="compaction finished, 1297 segments merged"
2025-12-01T01:42:07Z svc=billing level=INFO msg="token refresh completed in 8768ms"
2025-12-01T01:42:20Z svc=search level=INFO msg="webhook delivery attempt 414 succeeded"
2025-12-01T01:42:27Z svc=api level=INFO msg="webhook delivery attempt 8909 succeeded"
2025-12-01T01:42:33Z svc=authz level=INFO msg="webhook delivery attempt 8024 succeeded"
2025-12-01T01:42:48Z svc=search level=INFO msg="compaction finished, 6628 segments merged"
2025-12-01T01:42:58Z svc=ingest level=INFO msg="retry queue depth=2303"
2025-12-01T01:43:04Z svc=scheduler level=INFO msg="token refresh completed in 7641ms"
2025-12-01T01:43:16Z svc=api level=INFO msg="token refresh completed in 8979ms"
2025-12-01T01:43:22Z svc=billing level=INFO msg="webhook delivery attempt 2954 succeeded"
2025-12-01T01:43:34Z svc=api level=INFO msg="cache eviction pass removed 3981 entries"
2025-12-01T01:43:46Z svc=api level=INFO msg="cache eviction pass removed 6689 entries"
2025-12-01T01:43:52Z svc=authz level=INFO msg="cache eviction pass removed 3605 entries"
2025-12-01T01:43:57Z svc=api level=INFO msg="retry queue depth=3030"
2025-12-01T01:44:09Z svc=search level=INFO msg="cache eviction pass removed 2178 entries"
2025-12-01T01:44:12Z svc=search level=INFO msg="retry queue depth=6354"
2025-12-01T01:44:21Z svc=api level=INFO msg="webhook delivery attempt 3089 succeeded"
2025-12-01T01:44:33Z svc=search level=INFO msg="batch 7380 committed"
2025-12-01T01:44:50Z svc=scheduler level=INFO msg="webhook delivery attempt 6605 succeeded"
2025-12-01T01:44:56Z svc=scheduler level=INFO msg="retry queue depth=5754"
2025-12-01T01:45:06Z svc=authz level=INFO msg="batch 6571 committed"
2025-12-01T01:45:15Z svc=billing level=INFO msg="retry queue depth=7510"
2025-12-01T01:45:21Z svc=ingest level=INFO msg="token refresh completed in 4493ms"
2025-12-01T01:45:32Z svc=api level=INFO msg="cache eviction pass removed 3769 entries"
2025-12-01T01:45:45Z svc=billing level=INFO msg="cache eviction pass removed 6109 entries"
2025-12-01T01:46:02Z svc=search level=INFO msg="webhook delivery attempt 5311 succeeded"
2025-12-01T01:46:06Z svc=authz level=INFO msg="healthcheck ok rtt=439ms"
2025-12-01T01:46:11Z svc=search level=INFO msg="webhook delivery attempt 2750 succeeded"
2025-12-01T01:46:23Z svc=scheduler level=INFO msg="retry queue depth=2419"
2025-12-01T01:46:30Z svc=search level=INFO msg="healthcheck ok rtt=8389ms"
2025-12-01T01:46:39Z svc=billing level=INFO msg="compaction finished, 1464 segments merged"
2025-12-01T01:46:51Z svc=scheduler level=INFO msg="cache eviction pass removed 7339 entries"
2025-12-01T01:47:07Z svc=ingest level=INFO msg="batch 9424 committed"
2025-12-01T01:47:11Z svc=scheduler level=INFO msg="compaction finished, 5287 segments merged"
2025-12-01T01:47:17Z svc=ingest level=INFO msg="healthcheck ok rtt=6496ms"
2025-12-01T01:47:21Z svc=scheduler level=INFO msg="batch 3843 committed"
2025-12-01T01:47:32Z svc=search level=INFO msg="healthcheck ok rtt=62ms"
2025-12-01T01:47:38Z svc=scheduler level=INFO msg="webhook delivery attempt 3267 succeeded"
2025-12-01T01:47:54Z svc=authz level=INFO msg="cache eviction pass removed 8037 entries"
2025-12-01T01:48:03Z svc=api level=INFO msg="retry queue depth=6615"
2025-12-01T01:48:13Z svc=authz level=INFO msg="batch 1200 committed"
2025-12-01T01:48:28Z svc=billing level=INFO msg="healthcheck ok rtt=7787ms"
2025-12-01T01:48:33Z svc=api level=INFO msg="healthcheck ok rtt=1682ms"
2025-12-01T01:48:44Z svc=search level=INFO msg="batch 5081 committed"
2025-12-01T01:48:56Z svc=scheduler level=INFO msg="compaction finished, 8092 segments merged"
2025-12-01T01:49:08Z svc=api level=INFO msg="healthcheck ok rtt=6160ms"
2025-12-01T01:49:18Z svc=ingest level=INFO msg="token refresh completed in 1507ms"
2025-12-01T01:49:27Z svc=search level=INFO msg="batch 360 committed"
2025-12-01T01:49:31Z svc=scheduler level=INFO msg="batch 7662 committed"
2025-12-01T01:49:40Z svc=api level=INFO msg="compaction finished, 7571 segments merged"
2025-12-01T01:49:54Z svc=scheduler level=INFO msg="cache eviction pass removed 8745 entries"
2025-12-01T01:50:10Z svc=scheduler level=INFO msg="webhook delivery attempt 200 succeeded"
2025-12-01T01:50:21Z svc=billing level=INFO msg="healthcheck ok rtt=8092ms"
2025-12-01T01:50:34Z svc=scheduler level=INFO msg="cache eviction pass removed 3997 entries"
2025-12-01T01:50:51Z svc=search level=INFO msg="compaction finished, 8287 segments merged"
2025-12-01T01:51:05Z svc=ingest level=INFO msg="retry queue depth=7594"
2025-12-01T01:51:08Z svc=authz level=INFO msg="compaction finished, 482 segments merged"
2025-12-01T01:51:22Z svc=scheduler level=INFO msg="retry queue depth=4722"
2025-12-01T01:51:31Z svc=authz level=INFO msg="batch 6557 committed"
2025-12-01T01:51:34Z svc=api level=INFO msg="webhook delivery attempt 4825 succeeded"
2025-12-01T01:51:50Z svc=billing level=INFO msg="webhook delivery attempt 3422 succeeded"
2025-12-01T01:52:01Z svc=api level=INFO msg="token refresh completed in 4214ms"
2025-12-01T01:52:14Z svc=scheduler level=INFO msg="token refresh completed in 2494ms"
2025-12-01T01:52:28Z svc=billing level=INFO msg="healthcheck ok rtt=828ms"
2025-12-01T01:52:44Z svc=search level=INFO msg="retry queue depth=1908"
2025-12-01T01:52:59Z svc=ingest level=INFO msg="retry queue depth=8921"
2025-12-01T01:53:14Z svc=search level=INFO msg="compaction finished, 4065 segments merged"
2025-12-01T01:53:25Z svc=search level=INFO msg="webhook delivery attempt 4491 succeeded"
2025-12-01T01:53:38Z svc=billing level=INFO msg="batch 6604 committed"
2025-12-01T01:53:50Z svc=ingest level=INFO msg="cache eviction pass removed 4431 entries"
2025-12-01T01:54:05Z svc=billing level=INFO msg="batch 4251 committed"
2025-12-01T01:54:18Z svc=billing level=INFO msg="compaction finished, 508 segments merged"
2025-12-01T01:54:27Z svc=api level=INFO msg="compaction finished, 962 segments merged"
2025-12-01T01:54:42Z svc=scheduler level=INFO msg="retry queue depth=1240"
2025-12-01T01:54:49Z svc=scheduler level=INFO msg="token refresh completed in 6073ms"
2025-12-01T01:54:58Z svc=authz level=INFO msg="healthcheck ok rtt=8688ms"
2025-12-01T01:55:03Z svc=ingest level=INFO msg="batch 9109 committed"
2025-12-01T01:55:19Z svc=search level=INFO msg="healthcheck ok rtt=9112ms"
2025-12-01T01:55:32Z svc=billing level=INFO msg="cache eviction pass removed 5305 entries"
2025-12-01T01:55:48Z svc=authz level=INFO msg="retry queue depth=1169"
2025-12-01T01:56:03Z svc=ingest level=INFO msg="healthcheck ok rtt=5901ms"
2025-12-01T01:56:06Z svc=ingest level=INFO msg="webhook delivery attempt 8885 succeeded"
2025-12-01T01:56:22Z svc=scheduler level=INFO msg="healthcheck ok rtt=4074ms"
2025-12-01T01:56:32Z svc=authz level=INFO msg="token refresh completed in 6087ms"
2025-12-01T01:56:43Z svc=api level=INFO msg="healthcheck ok rtt=5837ms"
2025-12-01T01:56:55Z svc=billing level=INFO msg="retry queue depth=5973"
2025-12-01T01:57:01Z svc=api level=INFO msg="retry queue depth=4337"
2025-12-01T01:57:14Z svc=billing level=INFO msg="retry queue depth=4650"
2025-12-01T01:57:24Z svc=scheduler level=INFO msg="webhook delivery attempt 3319 succeeded"
2025-12-01T01:57:33Z svc=api level=INFO msg="retry queue depth=313"
2025-12-01T01:57:43Z svc=search level=INFO msg="retry queue depth=5414"
2025-12-01T01:57:48Z svc=search level=INFO msg="compaction finished, 5096 segments merged"
2025-12-01T01:57:55Z svc=api level=INFO msg="webhook delivery attempt 469 succeeded"
2025-12-01T01:58:03Z svc=billing level=INFO msg="webhook delivery attempt 9324 succeeded"
2025-12-01T01:58:18Z svc=search level=INFO msg="cache eviction pass removed 4740 entries"
2025-12-01T01:58:33Z svc=authz level=INFO msg="batch 6706 committed"
2025-12-01T01:58:36Z svc=scheduler level=INFO msg="webhook delivery attempt 8693 succeeded"
2025-12-01T01:58:42Z svc=billing level=INFO msg="healthcheck ok rtt=8109ms"
2025-12-01T01:58:47Z svc=authz level=INFO msg="token refresh completed in 4102ms"
2025-12-01T01:58:53Z svc=ingest level=INFO msg="retry queue depth=5"
2025-12-01T01:59:03Z svc=api level=INFO msg="batch 4463 committed"
2025-12-01T01:59:17Z svc=ingest level=INFO msg="healthcheck ok rtt=8992ms"
2025-12-01T01:59:26Z svc=authz level=INFO msg="cache eviction pass removed 7228 entries"
2025-12-01T01:59:29Z svc=billing level=INFO msg="compaction finished, 2641 segments merged"
2025-12-01T01:59:43Z svc=search level=INFO msg="compaction finished, 9393 segments merged"
2025-12-01T01:59:49Z svc=authz level=INFO msg="retry queue depth=5101"
2025-12-01T01:59:56Z svc=ingest level=INFO msg="token refresh completed in 7767ms"
2025-12-01T02:00:03Z svc=api level=INFO msg="token refresh completed in 6360ms"
2025-12-01T02:00:09Z svc=authz level=INFO msg="healthcheck ok rtt=7594ms"
2025-12-01T02:00:25Z svc=search level=INFO msg="healthcheck ok rtt=4339ms"
2025-12-01T02:00:31Z svc=ingest level=INFO msg="cache eviction pass removed 1689 entries"
2025-12-01T02:00:45Z svc=api level=INFO msg="batch 3146 committed"
2025-12-01T02:00:53Z svc=api level=INFO msg="cache eviction pass removed 4649 entries"
2025-12-01T02:01:04Z svc=ingest level=INFO msg="cache eviction pass removed 3459 entries"
2025-12-01T02:01:07Z svc=authz level=INFO msg="healthcheck ok rtt=4904ms"
2025-12-01T02:01:20Z svc=api level=INFO msg="webhook delivery attempt 8570 succeeded"
2025-12-01T02:01:29Z svc=search level=INFO msg="batch 6532 committed"
2025-12-01T02:01:37Z svc=ingest level=INFO msg="cache eviction pass removed 6752 entries"
2025-12-01T02:01:51Z svc=ingest level=INFO msg="batch 3836 committed"
2025-12-01T02:01:54Z svc=search level=INFO msg="healthcheck ok rtt=4020ms"
2025-12-01T02:02:05Z svc=scheduler level=INFO msg="token refresh completed in 8755ms"
2025-12-01T02:02:17Z svc=api level=INFO msg="webhook delivery attempt 8756 succeeded"
2025-12-01T02:02:32Z svc=ingest level=INFO msg="batch 8518 committed"
2025-12-01T02:02:37Z svc=scheduler level=INFO msg="cache eviction pass removed 5588 entries"
2025-12-01T02:02:41Z svc=ingest level=INFO msg="webhook delivery attempt 1935 succeeded"
2025-12-01T02:02:50Z svc=ingest level=INFO msg="webhook delivery attempt 5598 succeeded"
2025-12-01T02:03:01Z svc=ingest level=INFO msg="batch 8067 committed"
2025-12-01T02:03:11Z svc=search level=INFO msg="webhook delivery attempt 3665 succeeded"
2025-12-01T02:03:22Z svc=api level=INFO msg="batch 489 committed"
2025-12-01T02:03:28Z svc=scheduler level=INFO msg="cache eviction pass removed 1301 entries"
2025-12-01T02:03:36Z svc=search level=INFO msg="compaction finished, 397 segments merged"
2025-12-01T02:03:51Z svc=api level=INFO msg="token refresh completed in 737ms"
2025-12-01T02:04:08Z svc=search level=INFO msg="retry queue depth=3415"
2025-12-01T02:04:13Z svc=search level=INFO msg="webhook delivery attempt 678 succeeded"
2025-12-01T02:04:30Z svc=scheduler level=INFO msg="compaction finished, 4957 segments merged"
2025-12-01T02:04:35Z svc=scheduler level=INFO msg="compaction finished, 7632 segments merged"
2025-12-01T02:04:45Z svc=scheduler level=INFO msg="webhook delivery attempt 5133 succeeded"
2025-12-01T02:04:58Z svc=billing level=INFO msg="webhook delivery attempt 7235 succeeded"
2025-12-01T02:05:03Z svc=search level=INFO msg="retry queue depth=8436"
2025-12-01T02:05:11Z svc=billing level=INFO msg="cache eviction pass removed 5576 entries"
2025-12-01T02:05:17Z svc=api level=INFO msg="compaction finished, 3334 segments merged"
2025-12-01T02:05:34Z svc=ingest level=INFO msg="token refresh completed in 1472ms"
2025-12-01T02:05:44Z svc=ingest level=INFO msg="token refresh completed in 6521ms"
2025-12-01T02:05:56Z svc=authz level=INFO msg="compaction finished, 6181 segments merged"
2025-12-01T02:06:01Z svc=authz level=INFO msg="healthcheck ok rtt=937ms"
2025-12-01T02:06:11Z svc=billing level=INFO msg="token refresh completed in 4807ms"
2025-12-01T02:06:18Z svc=ingest level=INFO msg="cache eviction pass removed 434 entries"
2025-12-01T02:06:33Z svc=billing level=INFO msg="retry queue depth=3948"
2025-12-01T02:06:44Z svc=billing level=INFO msg="compaction finished, 4365 segments merged"
2025-12-01T02:06:49Z svc=ingest level=INFO msg="token refresh completed in 3247ms"
2025-12-01T02:06:52Z svc=authz level=INFO msg="token refresh completed in 463ms"
2025-12-01T02:07:03Z svc=search level=INFO msg="healthcheck ok rtt=8239ms"
2025-12-01T02:07:11Z svc=authz level=INFO msg="batch 4408 committed"
2025-12-01T02:07:24Z svc=search level=INFO msg="webhook delivery attempt 1107 succeeded"
2025-12-01T02:07:38Z svc=scheduler level=INFO msg="token refresh completed in 1939ms"
2025-12-01T02:07:52Z svc=billing level=INFO msg="healthcheck ok rtt=6363ms"
2025-12-01T02:08:09Z svc=api level=INFO msg="webhook delivery attempt 119 succeeded"
2025-12-01T02:08:22Z svc=billing level=INFO msg="healthcheck ok rtt=1934ms"
2025-12-01T02:08:38Z svc=billing level=INFO msg="retry queue depth=1008"
2025-12-01T02:08:53Z svc=billing level=INFO msg="retry queue depth=1828"
2025-12-01T02:09:04Z svc=billing level=INFO msg="webhook delivery attempt 8891 succeeded"
2025-12-01T02:09:10Z svc=authz level=INFO msg="webhook delivery attempt 338 succeeded"
2025-12-01T02:09:16Z svc=scheduler level=INFO msg="compaction finished, 4534 segments merged"
2025-12-01T02:09:25Z svc=search level=INFO msg="healthcheck ok rtt=1858ms"
2025-12-01T02:09:38Z svc=ingest level=INFO msg="token refresh completed in 2672ms"
2025-12-01T02:09:45Z svc=search level=INFO msg="webhook delivery attempt 1392 succeeded"
2025-12-01T02:09:52Z svc=billing level=INFO msg="token refresh completed in 5149ms"
2025-12-01T02:10:05Z svc=authz level=INFO msg="webhook delivery attempt 9067 succeeded"
2025-12-01T02:10:20Z svc=scheduler level=INFO msg="retry queue depth=1636"
2025-12-01T02:10:29Z svc=api level=INFO msg="cache eviction pass removed 3016 entries"
2025-12-01T02:10:33Z svc=search level=INFO msg="retry queue depth=8254"
2025-12-01T02:10:41Z svc=scheduler level=INFO msg="webhook delivery attempt 6872 succeeded"
2025-12-01T02:10:54Z svc=billing level=INFO msg="batch 6653 committed"
2025-12-01T02:11:01Z svc=api level=INFO msg="batch 5288 committed"
2025-12-01T02:11:14Z svc=authz level=INFO msg="retry queue depth=6760"
2025-12-01T02:11:28Z svc=search level=INFO msg="cache eviction pass removed 2526 entries"
2025-12-01T02:11:31Z svc=ingest level=INFO msg="batch 6004 committed"
2025-12-01T02:11:36Z svc=scheduler level=INFO msg="retry queue depth=4980"
2025-12-01T02:11:47Z svc=ingest level=INFO msg="retry queue depth=3010"
2025-12-01T02:11:52Z svc=api level=INFO msg="compaction finished, 8247 segments merged"
2025-12-01T02:12:05Z svc=api level=INFO msg="retry queue depth=2988"
2025-12-01T02:12:16Z svc=billing level=INFO msg="healthcheck ok rtt=8184ms"
2025-12-01T02:12:23Z svc=scheduler level=INFO msg="retry queue depth=637"
2025-12-01T02:12:27Z svc=billing level=INFO msg="token refresh completed in 1399ms"
2025-12-01T02:12:31Z svc=ingest level=INFO msg="cache eviction pass removed 6676 entries"
2025-12-01T02:12:46Z svc=scheduler level=INFO msg="cache eviction pass removed 64 entries"
2025-12-01T02:12:57Z svc=search level=INFO msg="webhook delivery attempt 5607 succeeded"
2025-12-01T02:13:04Z svc=api level=INFO msg="compaction finished, 2812 segments merged"
2025-12-01T02:13:12Z svc=search level=INFO msg="retry queue depth=9285"
2025-12-01T02:13:23Z svc=authz level=INFO msg="token refresh completed in 5720ms"
2025-12-01T02:13:34Z svc=scheduler level=INFO msg="batch 3787 committed"
2025-12-01T02:13:44Z svc=scheduler level=INFO msg="healthcheck ok rtt=8852ms"
2025-12-01T02:13:47Z svc=api level=INFO msg="webhook delivery attempt 6361 succeeded"
2025-12-01T02:14:04Z svc=scheduler level=INFO msg="healthcheck ok rtt=9289ms"
2025-12-01T02:14:13Z svc=scheduler level=INFO msg="cache eviction pass removed 5400 entries"
2025-12-01T02:14:19Z svc=scheduler level=INFO msg="healthcheck ok rtt=2386ms"
2025-12-01T02:14:34Z svc=search level=INFO msg="retry queue depth=2430"
2025-12-01T02:14:48Z svc=ingest level=INFO msg="webhook delivery attempt 1318 succeeded"
2025-12-01T02:14:59Z svc=scheduler level=INFO msg="healthcheck ok rtt=346ms"
2025-12-01T02:15:16Z svc=ingest level=INFO msg="healthcheck ok rtt=496ms"
2025-12-01T02:15:32Z svc=search level=INFO msg="compaction finished, 1109 segments merged"
2025-12-01T02:15:37Z svc=search level=INFO msg="batch 114 committed"
2025-12-01T02:15:54Z svc=authz level=INFO msg="cache eviction pass removed 5191 entries"
2025-12-01T02:15:58Z svc=api level=INFO msg="batch 2248 committed"
2025-12-01T02:16:12Z svc=ingest level=INFO msg="cache eviction pass removed 4362 entries"
2025-12-01T02:16:18Z svc=authz level=INFO msg="retry queue depth=9209"
2025-12-01T02:16:25Z svc=api level=INFO msg="token refresh completed in 4475ms"
2025-12-01T02:16:29Z svc=search level=INFO msg="webhook delivery attempt 8179 succeeded"
2025-12-01T02:16:45Z svc=search level=INFO msg="cache eviction pass removed 4524 entries"
2025-12-01T02:16:51Z svc=scheduler level=INFO msg="token refresh completed in 7851ms"
2025-12-01T02:16:57Z svc=search level=INFO msg="token refresh completed in 5416ms"
2025-12-01T02:17:14Z svc=ingest level=INFO msg="batch 8949 committed"
2025-12-01T02:17:30Z svc=search level=INFO msg="compaction finished, 5711 segments merged"
2025-12-01T02:17:35Z svc=billing level=INFO msg="retry queue depth=7445"
2025-12-01T02:17:43Z svc=api level=INFO msg="token refresh completed in 1952ms"
2025-12-01T02:17:58Z svc=billing level=INFO msg="retry queue depth=5947"
2025-12-01T02:18:05Z svc=scheduler level=INFO msg="webhook delivery attempt 6972 succeeded"
2025-12-01T02:18:16Z svc=ingest level=INFO msg="batch 1719 committed"
2025-12-01T02:18:31Z svc=search level=INFO msg="cache eviction pass removed 7372 entries"
2025-12-01T02:18:40Z svc=scheduler level=INFO msg="token refresh completed in 4584ms"
2025-12-01T02:18:45Z svc=api level=INFO msg="healthcheck ok rtt=537ms"
2025-12-01T02:19:02Z svc=search level=INFO msg="cache eviction pass removed 4271 entries"
2025-12-01T02:19:10Z svc=api level=INFO msg="webhook delivery attempt 8073 succeeded"
2025-12-01T02:19:23Z svc=scheduler level=INFO msg="token refresh completed in 5973ms"
2025-12-01T02:19:40Z svc=authz level=INFO msg="healthcheck ok rtt=8206ms"
2025-12-01T02:19:48Z svc=billing level=INFO msg="retry queue depth=5193"
2025-12-01T02:19:52Z svc=scheduler level=INFO msg="retry queue depth=2632"
2025-12-01T02:20:08Z svc=billing level=INFO msg="batch 35 committed"
2025-12-01T02:20:14Z svc=billing level=INFO msg="token refresh completed in 5273ms"
2025-12-01T02:20:26Z svc=billing level=INFO msg="healthcheck ok rtt=4084ms"
2025-12-01T02:20:40Z svc=api level=INFO msg="token refresh completed in 4874ms"
2025-12-01T02:20:51Z svc=scheduler level=INFO msg="compaction finished, 5135 segments merged"
2025-12-01T02:21:08Z svc=authz level=INFO msg="batch 229 committed"
2025-12-01T02:21:14Z svc=ingest level=INFO msg="compaction finished, 3039 segments merged"
2025-12-01T02:21:31Z svc=billing level=INFO msg="webhook delivery attempt 628 succeeded"
2025-12-01T02:21:40Z svc=ingest level=INFO msg="webhook delivery attempt 7543 succeeded"
2025-12-01T02:21:43Z svc=ingest level=INFO msg="token refresh completed in 4301ms"
2025-12-01T02:21:47Z svc=scheduler level=INFO msg="cache eviction pass removed 3993 entries"
2025-12-01T02:22:03Z svc=authz level=INFO msg="cache eviction pass removed 6698 entries"
2025-12-01T02:22:08Z svc=billing level=INFO msg="token refresh completed in 1909ms"
2025-12-01T02:22:18Z svc=search level=INFO msg="token refresh completed in 7601ms"
2025-12-01T02:22:34Z svc=billing level=INFO msg="cache eviction pass removed 3734 entries"
2025-12-01T02:22:37Z svc=ingest level=INFO msg="retry queue depth=4850"
2025-12-01T02:22:42Z svc=api level=INFO msg="cache eviction pass removed 6753 entries"
2025-12-01T02:22:58Z svc=scheduler level=INFO msg="webhook delivery attempt 6317 succeeded"
2025-12-01T02:23:11Z svc=scheduler level=INFO msg="webhook delivery attempt 4386 succeeded"
2025-12-01T02:23:21Z svc=ingest level=INFO msg="retry queue depth=8988"
2025-12-01T02:23:33Z svc=billing level=INFO msg="cache eviction pass removed 8218 entries"
2025-12-01T02:23:36Z svc=ingest level=INFO msg="compaction finished, 9416 segments merged"
2025-12-01T02:23:47Z svc=authz level=INFO msg="token refresh completed in 8179ms"
2025-12-01T02:24:04Z svc=api level=INFO msg="compaction finished, 9212 segments merged"
2025-12-01T02:24:16Z svc=authz level=INFO msg="cache eviction pass removed 4391 entries"
2025-12-01T02:24:29Z svc=ingest level=INFO msg="healthcheck ok rtt=4243ms"
2025-12-01T02:24:39Z svc=scheduler level=INFO msg="batch 5097 committed"
2025-12-01T02:24:48Z svc=search level=INFO msg="batch 7131 committed"
2025-12-01T02:25:01Z svc=scheduler level=INFO msg="retry queue depth=8375"
2025-12-01T02:25:17Z svc=scheduler level=INFO msg="compaction finished, 5775 segments merged"
2025-12-01T02:25:33Z svc=search level=INFO msg="healthcheck ok rtt=5958ms"
2025-12-01T02:25:48Z svc=billing level=INFO msg="cache eviction pass removed 6374 entries"
2025-12-01T02:26:05Z svc=scheduler level=INFO msg="batch 2033 committed"
2025-12-01T02:26:18Z svc=scheduler level=INFO msg="batch 1743 committed"
2025-12-01T02:26:21Z svc=billing level=INFO msg="webhook delivery attempt 6084 succeeded"
2025-12-01T02:26:24Z svc=search level=INFO msg="batch 7480 committed"
2025-12-01T02:26:33Z svc=ingest level=INFO msg="retry queue depth=5340"
2025-12-01T02:26:36Z svc=api level=INFO msg="compaction finished, 7898 segments merged"
2025-12-01T02:26:47Z svc=api level=INFO msg="compaction finished, 7236 segments merged"
2025-12-01T02:27:04Z svc=search level=INFO msg="token refresh completed in 8140ms"
2025-12-01T02:27:17Z svc=billing level=INFO msg="cache eviction pass removed 7554 entries"
2025-12-01T02:27:30Z svc=api level=INFO msg="batch 3195 committed"
2025-12-01T02:27:41Z svc=api level=INFO msg="compaction finished, 4567 segments merged"
2025-12-01T02:27:54Z svc=ingest level=INFO msg="healthcheck ok rtt=9101ms"
2025-12-01T02:27:59Z svc=scheduler level=INFO msg="compaction finished, 957 segments merged"
2025-12-01T02:28:04Z svc=authz level=INFO msg="token refresh completed in 6488ms"
2025-12-01T02:28:08Z svc=scheduler level=INFO msg="token refresh completed in 3963ms"
2025-12-01T02:28:19Z svc=search level=INFO msg="cache eviction pass removed 6446 entries"
2025-12-01T02:28:29Z svc=ingest level=INFO msg="compaction finished, 1946 segments merged"
2025-12-01T02:28:36Z svc=api level=INFO msg="retry queue depth=4231"
2025-12-01T02:28:48Z svc=scheduler level=INFO msg="webhook delivery attempt 1665 succeeded"
2025-12-01T02:28:53Z svc=billing level=INFO msg="compaction finished, 4182 segments merged"
2025-12-01T02:29:03Z svc=billing level=INFO msg="retry queue depth=5025"
2025-12-01T02:29:12Z svc=billing level=INFO msg="webhook delivery attempt 815 succeeded"
2025-12-01T02:29:28Z svc=billing level=INFO msg="token refresh completed in 2104ms"
2025-12-01T02:29:42Z svc=api level=INFO msg="token refresh completed in 5974ms"
2025-12-01T02:29:58Z svc=scheduler level=INFO msg="retry queue depth=8400"
2025-12-01T02:30:05Z svc=search level=INFO msg="token refresh completed in 8048ms"
2025-12-01T02:30:13Z svc=authz level=INFO msg="batch 3775 committed"
2025-12-01T02:30:30Z svc=authz level=INFO msg="compaction finished, 9157 segments merged"
2025-12-01T02:30:35Z svc=api level=INFO msg="token refresh completed in 4193ms"
2025-12-01T02:30:41Z svc=scheduler level=INFO msg="retry queue depth=587"
2025-12-01T02:30:49Z svc=scheduler level=INFO msg="retry queue depth=4912"
2025-12-01T02:31:02Z svc=scheduler level=INFO msg="batch 6324 committed"
2025-12-01T02:31:13Z svc=scheduler level=INFO msg="compaction finished, 4654 segments merged"
2025-12-01T02:31:30Z svc=billing level=INFO msg="cache eviction pass removed 3392 entries"
2025-12-01T02:31:43Z svc=billing level=INFO msg="webhook delivery attempt 4296 succeeded"
2025-12-01T02:31:54Z svc=billing level=INFO msg="batch 4824 committed"
2025-12-01T02:32:11Z svc=ingest level=INFO msg="cache eviction pass removed 8564 entries"
2025-12-01T02:32:23Z svc=ingest level=INFO msg="healthcheck ok rtt=454ms"
2025-12-01T02:32:28Z svc=ingest level=INFO msg="retry queue depth=6893"
2025-12-01T02:32:38Z svc=api level=INFO msg="healthcheck ok rtt=439ms"
2025-12-01T02:32:45Z svc=billing level=INFO msg="webhook delivery attempt 8475 succeeded"
2025-12-01T02:33:01Z svc=authz level=INFO msg="token refresh completed in 7482ms"
2025-12-01T02:33:07Z svc=authz level=INFO msg="compaction finished, 7705 segments merged"
2025-12-01T02:33:12Z svc=billing level=INFO msg="webhook delivery attempt 8177 succeeded"
2025-12-01T02:33:15Z svc=ingest level=INFO msg="retry queue depth=9125"
2025-12-01T02:33:18Z svc=search level=INFO msg="compaction finished, 5084 segments merged"
2025-12-01T02:33:29Z svc=ingest level=INFO msg="webhook delivery attempt 7641 succeeded"
2025-12-01T02:33:35Z svc=search level=INFO msg="batch 4736 committed"
2025-12-01T02:33:39Z svc=billing level=INFO msg="compaction finished, 3882 segments merged"
2025-12-01T02:33:50Z svc=ingest level=INFO msg="cache eviction pass removed 2894 entries"
2025-12-01T02:34:02Z svc=scheduler level=INFO msg="retry queue depth=1251"
2025-12-01T02:34:07Z svc=scheduler level=INFO msg="retry queue depth=1088"
2025-12-01T02:34:22Z svc=authz level=INFO msg="healthcheck ok rtt=6877ms"
2025-12-01T02:34:37Z svc=api level=INFO msg="retry queue depth=5901"
2025-12-01T02:34:51Z svc=search level=INFO msg="batch 4685 committed"
2025-12-01T02:34:56Z svc=authz level=INFO msg="retry queue depth=5339"
2025-12-01T02:35:05Z svc=search level=INFO msg="retry queue depth=9026"
2025-12-01T02:35:13Z svc=search level=INFO msg="healthcheck ok rtt=5399ms"
2025-12-01T02:35:16Z svc=authz level=INFO msg="batch 4813 committed"
2025-12-01T02:35:29Z svc=api level=INFO msg="compaction finished, 4401 segments merged"
2025-12-01T02:35:45Z svc=authz level=INFO msg="batch 3774 committed"
2025-12-01T02:36:02Z svc=scheduler level=INFO msg="healthcheck ok rtt=2206ms"
2025-12-01T02:36:07Z svc=authz level=INFO msg="compaction finished, 1545 segments merged"
2025-12-01T02:36:15Z svc=scheduler level=INFO msg="webhook delivery attempt 2920 succeeded"
2025-12-01T02:36:22Z svc=api level=INFO msg="cache eviction pass removed 1024 entries"
2025-12-01T02:36:28Z svc=authz level=INFO msg="token refresh completed in 4251ms"
2025-12-01T02:36:39Z svc=ingest level=INFO msg="token refresh completed in 4109ms"
2025-12-01T02:36:54Z svc=scheduler level=INFO msg="token refresh completed in 7985ms"
2025-12-01T02:37:04Z svc=search level=INFO msg="compaction finished, 7099 segments merged"
2025-12-01T02:37:18Z svc=billing level=INFO msg="token refresh completed in 5552ms"
2025-12-01T02:37:33Z svc=search level=INFO msg="batch 3854 committed"
2025-12-01T02:37:50Z svc=api level=INFO msg="cache eviction pass removed 6349 entries"
2025-12-01T02:37:54Z svc=ingest level=INFO msg="cache eviction pass removed 6764 entries"
2025-12-01T02:38:03Z svc=billing level=INFO msg="healthcheck ok rtt=8050ms"
2025-12-01T02:38:08Z svc=search level=INFO msg="cache eviction pass removed 7562 entries"
2025-12-01T02:38:14Z svc=authz level=INFO msg="retry queue depth=4782"
2025-12-01T02:38:26Z svc=billing level=INFO msg="token refresh completed in 931ms"
2025-12-01T02:38:30Z svc=scheduler level=INFO msg="healthcheck ok rtt=7833ms"
2025-12-01T02:38:41Z svc=api level=INFO msg="healthcheck ok rtt=3477ms"
2025-12-01T02:38:53Z svc=search level=INFO msg="compaction finished, 885 segments merged"
2025-12-01T02:39:08Z svc=search level=INFO msg="webhook delivery attempt 5086 succeeded"
2025-12-01T02:39:18Z svc=ingest level=INFO msg="retry queue depth=6059"
2025-12-01T02:39:25Z svc=authz level=INFO msg="token refresh completed in 1940ms"
2025-12-01T02:39:31Z svc=ingest level=INFO msg="healthcheck ok rtt=3214ms"
2025-12-01T02:39:34Z svc=billing level=INFO msg="token refresh completed in 5454ms"
2025-12-01T02:39:51Z svc=api level=INFO msg="batch 104 committed"
2025-12-01T02:39:59Z svc=billing level=INFO msg="retry queue depth=3255"
2025-12-01T02:40:08Z svc=authz level=INFO msg="healthcheck ok rtt=5102ms"
2025-12-01T02:40:12Z svc=ingest level=INFO msg="token refresh completed in 911ms"
2025-12-01T02:40:25Z svc=ingest level=INFO msg="compaction finished, 8306 segments merged"
2025-12-01T02:40:40Z svc=ingest level=INFO msg="retry queue depth=8219"
2025-12-01T02:40:48Z svc=search level=INFO msg="retry queue depth=4190"
2025-12-01T02:40:58Z svc=search level=INFO msg="batch 8331 committed"
2025-12-01T02:41:15Z svc=ingest level=INFO msg="compaction finished, 7639 segments merged"
2025-12-01T02:41:25Z svc=search level=INFO msg="compaction finished, 7028 segments merged"
2025-12-01T02:41:35Z svc=authz level=INFO msg="compaction finished, 7219 segments merged"
2025-12-01T02:41:48Z svc=scheduler level=INFO msg="retry queue depth=7555"
2025-12-01T02:41:56Z svc=api level=INFO msg="cache eviction pass removed 6757 entries"
2025-12-01T02:42:10Z svc=billing level=INFO msg="retry queue depth=3647"
2025-12-01T02:42:16Z svc=ingest level=INFO msg="compaction finished, 9002 segments merged"
2025-12-01T02:42:25Z svc=authz level=INFO msg="retry queue depth=65"
2025-12-01T02:42:40Z svc=ingest level=INFO msg="retry queue depth=5196"
2025-12-01T02:42:45Z svc=ingest level=INFO msg="retry queue depth=4596"
2025-12-01T02:42:48Z svc=ingest level=INFO msg="batch 7686 committed"
2025-12-01T02:42:55Z svc=scheduler level=INFO msg="healthcheck ok rtt=7036ms"
2025-12-01T02:43:03Z svc=ingest level=INFO msg="healthcheck ok rtt=5654ms"
2025-12-01T02:43:12Z svc=search level=INFO msg="webhook delivery attempt 5784 succeeded"
2025-12-01T02:43:21Z svc=authz level=INFO msg="batch 7476 committed"
2025-12-01T02:43:33Z svc=billing level=INFO msg="retry queue depth=1617"
2025-12-01T02:43:49Z svc=api level=INFO msg="batch 3891 committed"
2025-12-01T02:43:57Z svc=scheduler level=INFO msg="webhook delivery attempt 1098 succeeded"
2025-12-01T02:44:01Z svc=api level=INFO msg="compaction finished, 2620 segments merged"
2025-12-01T02:44:13Z svc=scheduler level=INFO msg="cache eviction pass removed 2 entries"
2025-12-01T02:44:21Z svc=ingest level=INFO msg="healthcheck ok rtt=2622ms"
2025-12-01T02:44:36Z svc=authz level=INFO msg="webhook delivery attempt 3936 succeeded"
2025-12-01T02:44:39Z svc=scheduler level=INFO msg="compaction finished, 5067 segments merged"
2025-12-01T02:44:42Z svc=billing level=INFO msg="token refresh completed in 9218ms"
2025-12-01T02:44:54Z svc=api level=INFO msg="cache eviction pass removed 3555 entries"
2025-12-01T02:45:06Z svc=billing level=INFO msg="batch 2313 committed"
2025-12-01T02:45:23Z svc=ingest level=INFO msg="compaction finished, 6253 segments merged"
2025-12-01T02:45:28Z svc=search level=INFO msg="compaction finished, 3342 segments merged"
2025-12-01T02:45:33Z svc=scheduler level=INFO msg="cache eviction pass removed 330 entries"
2025-12-01T02:45:41Z svc=scheduler level=INFO msg="healthcheck ok rtt=7562ms"
2025-12-01T02:45:52Z svc=ingest level=INFO msg="retry queue depth=43"
2025-12-01T02:45:59Z svc=billing level=INFO msg="healthcheck ok rtt=7229ms"
2025-12-01T02:46:11Z svc=billing level=INFO msg="healthcheck ok rtt=8515ms"
2025-12-01T02:46:14Z svc=scheduler level=INFO msg="retry queue depth=2314"
2025-12-01T02:46:21Z svc=scheduler level=INFO msg="webhook delivery attempt 1130 succeeded"
2025-12-01T02:46:32Z svc=api level=INFO msg="retry queue depth=4652"
2025-12-01T02:46:37Z svc=billing level=INFO msg="healthcheck ok rtt=8355ms"
2025-12-01T02:46:42Z svc=search level=INFO msg="batch 463 committed"
2025-12-01T02:46:51Z svc=ingest level=INFO msg="batch 4772 committed"
2025-12-01T02:47:06Z svc=scheduler level=INFO msg="compaction finished, 7786 segments merged"
2025-12-01T02:47:09Z svc=search level=INFO msg="retry queue depth=1491"
2025-12-01T02:47:24Z svc=scheduler level=INFO msg="batch 980 committed"
2025-12-01T02:47:37Z svc=search level=INFO msg="compaction finished, 7491 segments merged"
2025-12-01T02:47:41Z svc=ingest level=INFO msg="webhook delivery attempt 7695 succeeded"
2025-12-01T02:47:56Z svc=api level=INFO msg="cache eviction pass removed 8422 entries"
2025-12-01T02:48:09Z svc=search level=INFO msg="cache eviction pass removed 6144 entries"
2025-12-01T02:48:26Z svc=scheduler level=INFO msg="cache eviction pass removed 8562 entries"
2025-12-01T02:48:39Z svc=authz level=INFO msg="compaction finished, 6785 segments merged"
2025-12-01T02:48:42Z svc=scheduler level=INFO msg="cache eviction pass removed 7165 entries"
2025-12-01T02:48:50Z svc=scheduler level=INFO msg="batch 7892 committed"
2025-12-01T02:49:02Z svc=api level=INFO msg="retry queue depth=6010"
2025-12-01T02:49:06Z svc=search level=INFO msg="token refresh completed in 4744ms"
2025-12-01T02:49:22Z svc=billing level=INFO msg="healthcheck ok rtt=7722ms"
2025-12-01T02:49:36Z svc=api level=INFO msg="batch 5129 committed"
2025-12-01T02:49:42Z svc=authz level=INFO msg="healthcheck ok rtt=8980ms"
2025-12-01T02:49:53Z svc=api level=INFO msg="batch 5849 committed"
2025-12-01T02:50:05Z svc=scheduler level=INFO msg="token refresh completed in 4556ms"
2025-12-01T02:50:09Z svc=billing level=INFO msg="compaction finished, 4226 segments merged"
2025-12-01T02:50:17Z svc=search level=INFO msg="batch 5965 committed"
2025-12-01T02:50:25Z svc=authz level=INFO msg="healthcheck ok rtt=4801ms"
2025-12-01T02:50:35Z svc=ingest level=INFO msg="token refresh completed in 2130ms"
2025-12-01T02:50:47Z svc=billing level=INFO msg="batch 9481 committed"
2025-12-01T02:50:56Z svc=ingest level=INFO msg="webhook delivery attempt 4280 succeeded"
2025-12-01T02:51:13Z svc=authz level=INFO msg="healthcheck ok rtt=4960ms"
2025-12-01T02:51:19Z svc=search level=INFO msg="batch 516 committed"
2025-12-01T02:51:35Z svc=search level=INFO msg="token refresh completed in 6706ms"
2025-12-01T02:51:46Z svc=search level=INFO msg="retry queue depth=6711"
2025-12-01T02:52:03Z svc=search level=INFO msg="batch 3722 committed"
2025-12-01T02:52:16Z svc=search level=INFO msg="webhook delivery attempt 9033 succeeded"
2025-12-01T02:52:29Z svc=ingest level=INFO msg="compaction finished, 8695 segments merged"
2025-12-01T02:52:32Z svc=authz level=INFO msg="batch 4045 committed"
2025-12-01T02:52:45Z svc=authz level=INFO msg="cache eviction pass removed 8737 entries"
2025-12-01T02:52:48Z svc=api level=INFO msg="webhook delivery attempt 7918 succeeded"
2025-12-01T02:52:59Z svc=api level=INFO msg="webhook delivery attempt 2585 succeeded"
2025-12-01T02:53:15Z svc=search level=INFO msg="healthcheck ok rtt=3113ms"
2025-12-01T02:53:20Z svc=search level=INFO msg="retry queue depth=9267"
2025-12-01T02:53:36Z svc=billing level=INFO msg="cache eviction pass removed 4634 entries"
2025-12-01T02:53:51Z svc=api level=INFO msg="healthcheck ok rtt=1336ms"
2025-12-01T02:53:57Z svc=authz level=INFO msg="token refresh completed in 1216ms"
2025-12-01T02:54:03Z svc=ingest level=INFO msg="compaction finished, 3238 segments merged"
2025-12-01T02:54:10Z svc=search level=INFO msg="token refresh completed in 3019ms"
2025-12-01T02:54:15Z svc=scheduler level=INFO msg="retry queue depth=8622"
2025-12-01T02:54:22Z svc=billing level=INFO msg="retry queue depth=5686"
2025-12-01T02:54:34Z svc=api level=INFO msg="compaction finished, 8828 segments merged"
2025-12-01T02:54:38Z svc=search level=INFO msg="batch 1136 committed"
2025-12-01T02:54:46Z svc=billing level=INFO msg="webhook delivery attempt 3247 succeeded"
2025-12-01T02:55:03Z svc=billing level=INFO msg="batch 4167 committed"
2025-12-01T02:55:13Z svc=api level=INFO msg="retry queue depth=7431"
2025-12-01T02:55:16Z svc=billing level=INFO msg="cache eviction pass removed 2026 entries"
2025-12-01T02:55:19Z svc=authz level=INFO msg="batch 7258 committed"
2025-12-01T02:55:34Z svc=ingest level=INFO msg="webhook delivery attempt 3305 succeeded"
2025-12-01T02:55:37Z svc=authz level=INFO msg="token refresh completed in 6928ms"
2025-12-01T02:55:49Z svc=billing level=INFO msg="cache eviction pass removed 367 entries"
2025-12-01T02:55:57Z svc=api level=INFO msg="batch 4935 committed"
2025-12-01T02:56:01Z svc=scheduler level=INFO msg="retry queue depth=6294"
2025-12-01T02:56:17Z svc=ingest level=INFO msg="webhook delivery attempt 66 succeeded"
2025-12-01T02:56:25Z svc=api level=INFO msg="cache eviction pass removed 1919 entries"
2025-12-01T02:56:31Z svc=billing level=INFO msg="healthcheck ok rtt=4959ms"
2025-12-01T02:56:34Z svc=search level=INFO msg="compaction finished, 1860 segments merged"
2025-12-01T02:56:46Z svc=scheduler level=INFO msg="cache eviction pass removed 4353 entries"
2025-12-01T02:56:58Z svc=scheduler level=INFO msg="healthcheck ok rtt=252ms"
2025-12-01T02:57:15Z svc=authz level=INFO msg="cache eviction pass removed 6306 entries"
2025-12-01T02:57:26Z svc=scheduler level=INFO msg="batch 69 committed"
2025-12-01T02:57:29Z svc=billing level=INFO msg="batch 9377 committed"
2025-12-01T02:57:34Z svc=billing level=INFO msg="healthcheck ok rtt=7968ms"
2025-12-01T02:57:37Z svc=search level=INFO msg="webhook delivery attempt 4158 succeeded"
2025-12-01T02:57:47Z svc=scheduler level=INFO msg="compaction finished, 9417 segments merged"
2025-12-01T02:57:51Z svc=billing level=INFO msg="cache eviction pass removed 347 entries"
2025-12-01T02:57:54Z svc=billing level=INFO msg="batch 7908 committed"
2025-12-01T02:58:11Z svc=authz level=INFO msg="retry queue depth=7563"
2025-12-01T02:58:22Z svc=api level=INFO msg="healthcheck ok rtt=8163ms"
2025-12-01T02:58:34Z svc=authz level=INFO msg="retry queue depth=8260"
2025-12-01T02:58:51Z svc=billing level=INFO msg="retry queue depth=8642"
2025-12-01T02:59:07Z svc=authz level=INFO msg="webhook delivery attempt 8730 succeeded"
2025-12-01T02:59:12Z svc=ingest level=INFO msg="token refresh completed in 3463ms"
2025-12-01T02:59:27Z svc=billing level=INFO msg="retry queue depth=7893"
2025-12-01T02:59:35Z svc=billing level=INFO msg="retry queue depth=7015"
2025-12-01T02:59:40Z svc=scheduler level=INFO msg="retry queue depth=7354"
2025-12-01T02:59:49Z svc=billing level=INFO msg="retry queue depth=2305"
2025-12-01T03:00:04Z svc=search level=INFO msg="compaction finished, 1422 segments merged"
2025-12-01T03:00:17Z svc=ingest level=INFO msg="healthcheck ok rtt=4112ms"
2025-12-01T03:00:25Z svc=api level=INFO msg="webhook delivery attempt 4685 succeeded"
2025-12-01T03:00:28Z svc=api level=INFO msg="batch 2378 committed"
2025-12-01T03:00:39Z svc=ingest level=INFO msg="webhook delivery attempt 8292 succeeded"
2025-12-01T03:00:53Z svc=authz level=INFO msg="webhook delivery attempt 1779 succeeded"
2025-12-01T03:00:58Z svc=authz level=INFO msg="healthcheck ok rtt=4192ms"
2025-12-01T03:01:08Z svc=ingest level=INFO msg="healthcheck ok rtt=7951ms"
2025-12-01T03:01:16Z svc=ingest level=INFO msg="cache eviction pass removed 1976 entries"
2025-12-01T03:01:32Z svc=scheduler level=INFO msg="token refresh completed in 1874ms"
2025-12-01T03:01:49Z svc=billing level=INFO msg="webhook delivery attempt 3464 succeeded"
2025-12-01T03:01:53Z svc=ingest level=INFO msg="retry queue depth=2063"
2025-12-01T03:01:59Z svc=authz level=INFO msg="healthcheck ok rtt=6011ms"
2025-12-01T03:02:12Z svc=ingest level=INFO msg="cache eviction pass removed 7027 entries"
2025-12-01T03:02:27Z svc=scheduler level=INFO msg="token refresh completed in 8639ms"
2025-12-01T03:02:43Z svc=ingest level=INFO msg="token refresh completed in 210ms"
2025-12-01T03:02:55Z svc=ingest level=INFO msg="retry queue depth=3820"
2025-12-01T03:03:02Z svc=ingest level=INFO msg="retry queue depth=8532"
2025-12-01T03:03:10Z svc=api level=INFO msg="healthcheck ok rtt=199ms"
2025-12-01T03:03:22Z svc=billing level=INFO msg="token refresh completed in 1604ms"
2025-12-01T03:03:37Z svc=scheduler level=INFO msg="token refresh completed in 6530ms"
2025-12-01T03:03:54Z svc=scheduler level=INFO msg="compaction finished, 7114 segments merged"
2025-12-01T03:04:02Z svc=authz level=INFO msg="batch 2523 committed"
2025-12-01T03:04:12Z svc=scheduler level=INFO msg="token refresh completed in 1159ms"
2025-12-01T03:04:17Z svc=api level=INFO msg="retry queue depth=6494"
2025-12-01T03:04:25Z svc=api level=INFO msg="token refresh completed in 7855ms"
2025-12-01T03:04:38Z svc=search level=INFO msg="webhook delivery attempt 8021 succeeded"
2025-12-01T03:04:44Z svc=authz level=INFO msg="cache eviction pass removed 1092 entries"
2025-12-01T03:04:49Z svc=billing level=INFO msg="healthcheck ok rtt=7557ms"
2025-12-01T03:05:04Z svc=search level=INFO msg="webhook delivery attempt 2197 succeeded"
2025-12-01T03:05:18Z svc=search level=INFO msg="retry queue depth=6830"
2025-12-01T03:05:27Z svc=authz level=INFO msg="healthcheck ok rtt=4825ms"
2025-12-01T03:05:30Z svc=billing level=INFO msg="healthcheck ok rtt=697ms"
2025-12-01T03:05:42Z svc=scheduler level=INFO msg="batch 5454 committed"
2025-12-01T03:05:48Z svc=api level=INFO msg="token refresh completed in 984ms"
2025-12-01T03:05:56Z svc=search level=INFO msg="retry queue depth=8243"
2025-12-01T03:06:07Z svc=ingest level=INFO msg="webhook delivery attempt 337 succeeded"
2025-12-01T03:06:13Z svc=api level=INFO msg="compaction finished, 1867 segments merged"
2025-12-01T03:06:30Z svc=search level=INFO msg="cache eviction pass removed 6492 entries"
2025-12-01T03:06:34Z svc=ingest level=INFO msg="retry queue depth=5924"
2025-12-01T03:06:42Z svc=scheduler level=INFO msg="batch 7057 committed"
2025-12-01T03:06:50Z svc=ingest level=INFO msg="retry queue depth=918"
2025-12-01T03:07:04Z svc=scheduler level=INFO msg="token refresh completed in 3994ms"
2025-12-01T03:07:13Z svc=ingest level=INFO msg="healthcheck ok rtt=9185ms"
2025-12-01T03:07:27Z svc=ingest level=INFO msg="cache eviction pass removed 8743 entries"
2025-12-01T03:07:43Z svc=api level=INFO msg="compaction finished, 279 segments merged"
2025-12-01T03:07:59Z svc=ingest level=INFO msg="batch 583 committed"
2025-12-01T03:08:08Z svc=billing level=INFO msg="compaction finished, 7258 segments merged"
2025-12-01T03:08:11Z svc=authz level=INFO msg="token refresh completed in 216ms"
2025-12-01T03:08:24Z svc=ingest level=INFO msg="cache eviction pass removed 8369 entries"
2025-12-01T03:08:31Z svc=billing level=INFO msg="compaction finished, 3608 segments merged"
2025-12-01T03:08:34Z svc=api level=INFO msg="token refresh completed in 6699ms"
2025-12-01T03:08:40Z svc=authz level=INFO msg="cache eviction pass removed 8789 entries"
2025-12-01T03:08:57Z svc=api level=INFO msg="webhook delivery attempt 8988 succeeded"
2025-12-01T03:09:10Z svc=search level=INFO msg="healthcheck ok rtt=1510ms"
2025-12-01T03:09:23Z svc=search level=INFO msg="compaction finished, 9272 segments merged"
2025-12-01T03:09:39Z svc=authz level=INFO msg="batch 62 committed"
2025-12-01T03:09:50Z svc=search level=INFO msg="retry queue depth=4536"
2025-12-01T03:09:53Z svc=authz level=INFO msg="healthcheck ok rtt=9414ms"
2025-12-01T03:09:56Z svc=search level=INFO msg="compaction finished, 7239 segments merged"
2025-12-01T03:10:04Z svc=search level=INFO msg="healthcheck ok rtt=858ms"
2025-12-01T03:10:08Z svc=scheduler level=INFO msg="token refresh completed in 6832ms"
2025-12-01T03:10:11Z svc=ingest level=INFO msg="retry queue depth=5593"
2025-12-01T03:10:25Z svc=scheduler level=INFO msg="compaction finished, 4237 segments merged"
2025-12-01T03:10:34Z svc=billing level=INFO msg="retry queue depth=8276"
2025-12-01T03:10:51Z svc=billing level=INFO msg="webhook delivery attempt 8648 succeeded"
2025-12-01T03:11:06Z svc=ingest level=INFO msg="compaction finished, 5972 segments merged"
2025-12-01T03:11:22Z svc=api level=INFO msg="healthcheck ok rtt=3126ms"
2025-12-01T03:11:27Z svc=scheduler level=INFO msg="webhook delivery attempt 1560 succeeded"
2025-12-01T03:11:42Z svc=authz level=INFO msg="retry queue depth=3975"
2025-12-01T03:11:49Z svc=ingest level=INFO msg="webhook delivery attempt 8241 succeeded"
2025-12-01T03:12:02Z svc=api level=INFO msg="healthcheck ok rtt=1440ms"
2025-12-01T03:12:16Z svc=scheduler level=INFO msg="webhook delivery attempt 9295 succeeded"
2025-12-01T03:12:29Z svc=ingest level=INFO msg="retry queue depth=3513"
2025-12-01T03:12:45Z svc=search level=INFO msg="webhook delivery attempt 3651 succeeded"
2025-12-01T03:13:02Z svc=ingest level=INFO msg="compaction finished, 2671 segments merged"
2025-12-01T03:13:18Z svc=api level=INFO msg="cache eviction pass removed 6509 entries"
2025-12-01T03:13:26Z svc=scheduler level=INFO msg="batch 9168 committed"
2025-12-01T03:13:32Z svc=billing level=INFO msg="webhook delivery attempt 9197 succeeded"
2025-12-01T03:13:47Z svc=ingest level=INFO msg="cache eviction pass removed 619 entries"
2025-12-01T03:14:00Z svc=api level=INFO msg="cache eviction pass removed 5348 entries"
2025-12-01T03:14:13Z svc=ingest level=INFO msg="token refresh completed in 4363ms"
2025-12-01T03:14:27Z svc=billing level=INFO msg="healthcheck ok rtt=5002ms"
2025-12-01T03:14:34Z svc=authz level=INFO msg="healthcheck ok rtt=9318ms"
2025-12-01T03:14:46Z svc=scheduler level=INFO msg="cache eviction pass removed 5265 entries"
2025-12-01T03:14:53Z svc=api level=INFO msg="cache eviction pass removed 4522 entries"
2025-12-01T03:15:01Z svc=ingest level=INFO msg="retry queue depth=1185"
2025-12-01T03:15:10Z svc=billing level=INFO msg="batch 940 committed"
2025-12-01T03:15:26Z svc=authz level=INFO msg="cache eviction pass removed 7620 entries"
2025-12-01T03:15:33Z svc=scheduler level=INFO msg="token refresh completed in 4347ms"
2025-12-01T03:15:44Z svc=ingest level=INFO msg="cache eviction pass removed 8342 entries"
2025-12-01T03:15:56Z svc=api level=INFO msg="token refresh completed in 6818ms"
2025-12-01T03:16:00Z svc=search level=INFO msg="healthcheck ok rtt=8ms"
2025-12-01T03:16:08Z svc=search level=INFO msg="webhook delivery attempt 3060 succeeded"
2025-12-01T03:16:24Z svc=api level=INFO msg="batch 5786 committed"
2025-12-01T03:16:34Z svc=api level=INFO msg="retry queue depth=7209"
2025-12-01T03:16:45Z svc=search level=INFO msg="batch 5983 committed"
2025-12-01T03:16:52Z svc=ingest level=INFO msg="retry queue depth=2195"
2025-12-01T03:17:05Z svc=search level=INFO msg="healthcheck ok rtt=9381ms"
2025-12-01T03:17:14Z svc=api level=INFO msg="cache eviction pass removed 5532 entries"
2025-12-01T03:17:17Z svc=authz level=INFO msg="cache eviction pass removed 95 entries"
2025-12-01T03:17:25Z svc=ingest level=INFO msg="healthcheck ok rtt=7815ms"
2025-12-01T03:17:41Z svc=api level=INFO msg="healthcheck ok rtt=2800ms"
2025-12-01T03:17:51Z svc=scheduler level=INFO msg="healthcheck ok rtt=7025ms"
2025-12-01T03:17:56Z svc=billing level=INFO msg="compaction finished, 5527 segments merged"
2025-12-01T03:18:12Z svc=ingest level=INFO msg="healthcheck ok rtt=6082ms"
2025-12-01T03:18:17Z svc=ingest level=INFO msg="token refresh completed in 1775ms"
2025-12-01T03:18:34Z svc=ingest level=INFO msg="compaction finished, 1377 segments merged"
2025-12-01T03:18:48Z svc=ingest level=INFO msg="batch 5944 committed"
2025-12-01T03:18:51Z svc=scheduler level=INFO msg="cache eviction pass removed 544 entries"
2025-12-01T03:18:59Z svc=scheduler level=INFO msg="cache eviction pass removed 7981 entries"
2025-12-01T03:19:05Z svc=api level=INFO msg="cache eviction pass removed 6599 entries"
2025-12-01T03:19:18Z svc=billing level=INFO msg="webhook delivery attempt 6091 succeeded"
2025-12-01T03:19:23Z svc=authz level=INFO msg="cache eviction pass removed 4892 entries"
2025-12-01T03:19:29Z svc=api level=INFO msg="compaction finished, 4449 segments merged"
2025-12-01T03:19:39Z svc=api level=INFO msg="healthcheck ok rtt=4383ms"
2025-12-01T03:19:52Z svc=api level=INFO msg="batch 2047 committed"
2025-12-01T03:20:06Z svc=search level=INFO msg="healthcheck ok rtt=8346ms"
2025-12-01T03:20:10Z svc=ingest level=INFO msg="healthcheck ok rtt=6838ms"
2025-12-01T03:20:25Z svc=authz level=INFO msg="token refresh completed in 3037ms"
2025-12-01T03:20:36Z svc=search level=INFO msg="cache eviction pass removed 3970 entries"
2025-12-01T03:20:43Z svc=authz level=INFO msg="webhook delivery attempt 49 succeeded"
2025-12-01T03:20:48Z svc=search level=INFO msg="healthcheck ok rtt=6791ms"
2025-12-01T03:21:04Z svc=api level=INFO msg="retry queue depth=2645"
2025-12-01T03:21:13Z svc=api level=INFO msg="healthcheck ok rtt=2660ms"
2025-12-01T03:21:20Z svc=ingest level=INFO msg="webhook delivery attempt 4182 succeeded"
2025-12-01T03:21:33Z svc=search level=INFO msg="compaction finished, 2780 segments merged"
2025-12-01T03:21:40Z svc=authz level=INFO msg="healthcheck ok rtt=2056ms"
2025-12-01T03:21:45Z svc=api level=INFO msg="healthcheck ok rtt=2413ms"
2025-12-01T03:21:51Z svc=scheduler level=INFO msg="retry queue depth=5183"
2025-12-01T03:21:54Z svc=search level=INFO msg="healthcheck ok rtt=8491ms"
2025-12-01T03:21:59Z svc=scheduler level=INFO msg="retry queue depth=7014"
2025-12-01T03:22:15Z svc=authz level=INFO msg="cache eviction pass removed 1087 entries"
2025-12-01T03:22:27Z svc=billing level=INFO msg="cache eviction pass removed 1509 entries"
2025-12-01T03:22:43Z svc=authz level=INFO msg="token refresh completed in 8609ms"
2025-12-01T03:22:52Z svc=authz level=INFO msg="compaction finished, 9275 segments merged"
2025-12-01T03:23:06Z svc=ingest level=INFO msg="healthcheck ok rtt=97ms"
2025-12-01T03:23:19Z svc=ingest level=INFO msg="retry queue depth=3146"
2025-12-01T03:23:35Z svc=billing level=INFO msg="healthcheck ok rtt=4114ms"
2025-12-01T03:23:52Z svc=ingest level=INFO msg="cache eviction pass removed 1610 entries"
2025-12-01T03:23:59Z svc=scheduler level=INFO msg="retry queue depth=5184"
2025-12-01T03:24:14Z svc=api level=INFO msg="cache eviction pass removed 8841 entries"
2025-12-01T03:24:27Z svc=authz level=INFO msg="compaction finished, 195 segments merged"
2025-12-01T03:24:33Z svc=api level=INFO msg="cache eviction pass removed 3645 entries"
2025-12-01T03:24:49Z svc=scheduler level=INFO msg="batch 9221 committed"
2025-12-01T03:25:05Z svc=ingest level=INFO msg="cache eviction pass removed 7411 entries"
2025-12-01T03:25:18Z svc=api level=INFO msg="webhook delivery attempt 7267 succeeded"
2025-12-01T03:25:32Z svc=ingest level=INFO msg="healthcheck ok rtt=5167ms"
2025-12-01T03:25:48Z svc=billing level=INFO msg="compaction finished, 8698 segments merged"
2025-12-01T03:26:00Z svc=scheduler level=INFO msg="batch 7403 committed"
2025-12-01T03:26:06Z svc=authz level=INFO msg="cache eviction pass removed 4521 entries"
2025-12-01T03:26:12Z svc=authz level=INFO msg="cache eviction pass removed 7564 entries"
2025-12-01T03:26:29Z svc=ingest level=INFO msg="webhook delivery attempt 8141 succeeded"
2025-12-01T03:26:33Z svc=ingest level=INFO msg="token refresh completed in 814ms"
2025-12-01T03:26:44Z svc=api level=INFO msg="compaction finished, 6570 segments merged"
2025-12-01T03:26:52Z svc=api level=INFO msg="batch 1868 committed"
2025-12-01T03:27:02Z svc=scheduler level=INFO msg="compaction finished, 4041 segments merged"
2025-12-01T03:27:16Z svc=api level=INFO msg="batch 7223 committed"
2025-12-01T03:27:28Z svc=search level=INFO msg="retry queue depth=4787"
2025-12-01T03:27:34Z svc=search level=INFO msg="webhook delivery attempt 562 succeeded"
2025-12-01T03:27:44Z svc=authz level=INFO msg="retry queue depth=8782"
2025-12-01T03:27:49Z svc=billing level=INFO msg="batch 2332 committed"
2025-12-01T03:28:05Z svc=ingest level=INFO msg="healthcheck ok rtt=4751ms"
2025-12-01T03:28:11Z svc=authz level=INFO msg="retry queue depth=3642"
2025-12-01T03:28:26Z svc=scheduler level=INFO msg="cache eviction pass removed 6368 entries"
2025-12-01T03:28:38Z svc=search level=INFO msg="token refresh completed in 4276ms"
2025-12-01T03:28:55Z svc=search level=INFO msg="cache eviction pass removed 275 entries"
2025-12-01T03:29:10Z svc=scheduler level=INFO msg="batch 8555 committed"
2025-12-01T03:29:22Z svc=search level=INFO msg="cache eviction pass removed 8590 entries"
2025-12-01T03:29:35Z svc=api level=INFO msg="retry queue depth=5439"
2025-12-01T03:29:46Z svc=api level=INFO msg="compaction finished, 2096 segments merged"
2025-12-01T03:30:03Z svc=search level=INFO msg="token refresh completed in 9490ms"
2025-12-01T03:30:11Z svc=billing level=INFO msg="cache eviction pass removed 8500 entries"
2025-12-01T03:30:18Z svc=authz level=INFO msg="retry queue depth=8749"
2025-12-01T03:30:32Z svc=authz level=INFO msg="retry queue depth=9302"
2025-12-01T03:30:42Z svc=authz level=INFO msg="compaction finished, 7099 segments merged"
2025-12-01T03:30:50Z svc=api level=INFO msg="compaction finished, 1051 segments merged"
2025-12-01T03:31:06Z svc=scheduler level=INFO msg="compaction finished, 8348 segments merged"
2025-12-01T03:31:23Z svc=search level=INFO msg="batch 7529 committed"
2025-12-01T03:31:29Z svc=billing level=INFO msg="token refresh completed in 7090ms"
2025-12-01T03:31:43Z svc=search level=INFO msg="webhook delivery attempt 3847 succeeded"
2025-12-01T03:31:49Z svc=scheduler level=INFO msg="healthcheck ok rtt=3117ms"
2025-12-01T03:31:58Z svc=billing level=INFO msg="retry queue depth=1174"
2025-12-01T03:32:13Z svc=billing level=INFO msg="compaction finished, 5869 segments merged"
2025-12-01T03:32:28Z svc=authz level=INFO msg="healthcheck ok rtt=8070ms"
2025-12-01T03:32:38Z svc=scheduler level=INFO msg="token refresh completed in 6191ms"
2025-12-01T03:32:42Z svc=api level=INFO msg="retry queue depth=4321"
2025-12-01T03:32:48Z svc=billing level=INFO msg="healthcheck ok rtt=7626ms"
2025-12-01T03:32:57Z svc=scheduler level=INFO msg="healthcheck ok rtt=8577ms"
2025-12-01T03:33:10Z svc=api level=INFO msg="healthcheck ok rtt=6525ms"
2025-12-01T03:33:27Z svc=scheduler level=INFO msg="cache eviction pass removed 8012 entries"
2025-12-01T03:33:33Z svc=ingest level=INFO msg="healthcheck ok rtt=7313ms"
2025-12-01T03:33:46Z svc=ingest level=INFO msg="healthcheck ok rtt=9057ms"
2025-12-01T03:33:49Z svc=billing level=INFO msg="healthcheck ok rtt=5684ms"
2025-12-01T03:34:01Z svc=search level=INFO msg="cache eviction pass removed 7924 entries"
2025-12-01T03:34:14Z svc=billing level=INFO msg="compaction finished, 1837 segments merged"
2025-12-01T03:34:28Z svc=search level=INFO msg="compaction finished, 1152 segments merged"
2025-12-01T03:34:37Z svc=ingest level=INFO msg="cache eviction pass removed 8358 entries"
2025-12-01T03:34:43Z svc=scheduler level=INFO msg="healthcheck ok rtt=7014ms"
2025-12-01T03:34:53Z svc=authz level=INFO msg="cache eviction pass removed 2563 entries"
2025-12-01T03:35:08Z svc=billing level=INFO msg="webhook delivery attempt 5973 succeeded"
2025-12-01T03:35:15Z svc=scheduler level=INFO msg="healthcheck ok rtt=7850ms"
2025-12-01T03:35:19Z svc=ingest level=INFO msg="healthcheck ok rtt=7878ms"
2025-12-01T03:35:35Z svc=ingest level=INFO msg="cache eviction pass removed 6123 entries"
2025-12-01T03:35:38Z svc=ingest level=INFO msg="compaction finished, 6073 segments merged"
2025-12-01T03:35:49Z svc=ingest level=INFO msg="token refresh completed in 4885ms"
2025-12-01T03:35:56Z svc=ingest level=INFO msg="compaction finished, 6247 segments merged"
2025-12-01T03:36:05Z svc=search level=INFO msg="token refresh completed in 8534ms"
2025-12-01T03:36:14Z svc=search level=INFO msg="compaction finished, 6547 segments merged"
2025-12-01T03:36:22Z svc=ingest level=INFO msg="webhook delivery attempt 6511 succeeded"
2025-12-01T03:36:25Z svc=billing level=INFO msg="compaction finished, 595 segments merged"
2025-12-01T03:36:28Z svc=authz level=INFO msg="batch 4211 committed"
2025-12-01T03:36:38Z svc=billing level=INFO msg="compaction finished, 4497 segments merged"
2025-12-01T03:36:44Z svc=api level=INFO msg="healthcheck ok rtt=3624ms"
2025-12-01T03:37:00Z svc=billing level=INFO msg="cache eviction pass removed 6257 entries"
2025-12-01T03:37:05Z svc=scheduler level=INFO msg="cache eviction pass removed 6163 entries"
2025-12-01T03:37:13Z svc=api level=INFO msg="token refresh completed in 2997ms"
2025-12-01T03:37:29Z svc=scheduler level=INFO msg="token refresh completed in 1645ms"
2025-12-01T03:37:34Z svc=billing level=INFO msg="webhook delivery attempt 363 succeeded"
2025-12-01T03:37:46Z svc=scheduler level=INFO msg="healthcheck ok rtt=633ms"
2025-12-01T03:37:55Z svc=search level=INFO msg="token refresh completed in 8918ms"
2025-12-01T03:38:04Z svc=billing level=INFO msg="batch 5050 committed"
2025-12-01T03:38:07Z svc=ingest level=INFO msg="compaction finished, 5111 segments merged"
2025-12-01T03:38:22Z svc=ingest level=INFO msg="webhook delivery attempt 5950 succeeded"
2025-12-01T03:38:38Z svc=scheduler level=INFO msg="healthcheck ok rtt=532ms"
2025-12-01T03:38:51Z svc=scheduler level=INFO msg="webhook delivery attempt 8109 succeeded"
2025-12-01T03:39:03Z svc=billing level=INFO msg="webhook delivery attempt 8027 succeeded"
2025-12-01T03:39:06Z svc=billing level=INFO msg="webhook delivery attempt 9139 succeeded"
2025-12-01T03:39:17Z svc=search level=INFO msg="compaction finished, 9347 segments merged"
2025-12-01T03:39:34Z svc=scheduler level=INFO msg="healthcheck ok rtt=3366ms"
2025-12-01T03:39:47Z svc=scheduler level=INFO msg="webhook delivery attempt 6430 succeeded"
2025-12-01T03:40:01Z svc=scheduler level=INFO msg="batch 1955 committed"
2025-12-01T03:40:05Z svc=api level=INFO msg="retry queue depth=5115"
2025-12-01T03:40:22Z svc=api level=INFO msg="webhook delivery attempt 2252 succeeded"
2025-12-01T03:40:35Z svc=ingest level=INFO msg="healthcheck ok rtt=8102ms"
2025-12-01T03:40:52Z svc=authz level=INFO msg="batch 4437 committed"
2025-12-01T03:40:58Z svc=search level=INFO msg="healthcheck ok rtt=9009ms"
2025-12-01T03:41:13Z svc=api level=INFO msg="token refresh completed in 9135ms"
2025-12-01T03:41:22Z svc=ingest level=INFO msg="retry queue depth=3474"
2025-12-01T03:41:30Z svc=ingest level=INFO msg="batch 3996 committed"
2025-12-01T03:41:39Z svc=api level=INFO msg="healthcheck ok rtt=7611ms"
2025-12-01T03:41:45Z svc=scheduler level=INFO msg="compaction finished, 5903 segments merged"
2025-12-01T03:41:50Z svc=authz level=INFO msg="batch 4434 committed"
2025-12-01T03:41:59Z svc=ingest level=INFO msg="cache eviction pass removed 2321 entries"
2025-12-01T03:42:09Z svc=ingest level=INFO msg="retry queue depth=3669"
2025-12-01T03:42:21Z svc=billing level=INFO msg="token refresh completed in 1167ms"
2025-12-01T03:42:28Z svc=api level=INFO msg="cache eviction pass removed 1897 entries"
2025-12-01T03:42:39Z svc=ingest level=INFO msg="batch 587 committed"
2025-12-01T03:42:56Z svc=ingest level=INFO msg="batch 3542 committed"
2025-12-01T03:43:07Z svc=ingest level=INFO msg="retry queue depth=9427"
2025-12-01T03:43:19Z svc=api level=INFO msg="cache eviction pass removed 8123 entries"
2025-12-01T03:43:22Z svc=api level=INFO msg="webhook delivery attempt 6573 succeeded"
2025-12-01T03:43:34Z svc=ingest level=INFO msg="token refresh completed in 7262ms"
2025-12-01T03:43:49Z svc=authz level=INFO msg="token refresh completed in 5744ms"
2025-12-01T03:44:05Z svc=scheduler level=INFO msg="retry queue depth=5359"
2025-12-01T03:44:22Z svc=search level=INFO msg="retry queue depth=502"
2025-12-01T03:44:25Z svc=scheduler level=INFO msg="batch 653 committed"
2025-12-01T03:44:41Z svc=scheduler level=INFO msg="compaction finished, 6912 segments merged"
2025-12-01T03:44:49Z svc=search level=INFO msg="token refresh completed in 2618ms"
2025-12-01T03:44:52Z svc=scheduler level=INFO msg="batch 2074 committed"
2025-12-01T03:45:00Z svc=billing level=INFO msg="token refresh completed in 5935ms"
2025-12-01T03:45:13Z svc=authz level=INFO msg="token refresh completed in 1737ms"
2025-12-01T03:45:17Z svc=ingest level=INFO msg="healthcheck ok rtt=5994ms"
2025-12-01T03:45:28Z svc=search level=INFO msg="compaction finished, 6548 segments merged"
2025-12-01T03:45:45Z svc=authz level=INFO msg="retry queue depth=8738"
2025-12-01T03:45:54Z svc=scheduler level=INFO msg="webhook delivery attempt 1989 succeeded"
2025-12-01T03:46:07Z svc=api level=INFO msg="token refresh completed in 1375ms"
2025-12-01T03:46:11Z svc=search level=INFO msg="healthcheck ok rtt=7622ms"
2025-12-01T03:46:21Z svc=api level=INFO msg="cache eviction pass removed 4477 entries"
2025-12-01T03:46:34Z svc=billing level=INFO msg="token refresh completed in 4353ms"
2025-12-01T03:46:43Z svc=ingest level=INFO msg="token refresh completed in 6117ms"
2025-12-01T03:46:52Z svc=ingest level=INFO msg="healthcheck ok rtt=4724ms"
2025-12-01T03:47:02Z svc=search level=INFO msg="retry queue depth=5176"
2025-12-01T03:47:07Z svc=billing level=INFO msg="token refresh completed in 6517ms"
2025-12-01T03:47:12Z svc=ingest level=INFO msg="webhook delivery attempt 4927 succeeded"
2025-12-01T03:47:23Z svc=authz level=INFO msg="webhook delivery attempt 6244 succeeded"
2025-12-01T03:47:31Z svc=scheduler level=INFO msg="compaction finished, 8795 segments merged"
2025-12-01T03:47:48Z svc=api level=INFO msg="batch 7258 committed"
2025-12-01T03:47:55Z svc=scheduler level=INFO msg="cache eviction pass removed 2036 entries"
2025-12-01T03:48:08Z svc=search level=INFO msg="healthcheck ok rtt=8710ms"
2025-12-01T03:48:20Z svc=billing level=INFO msg="token refresh completed in 5808ms"
2025-12-01T03:48:35Z svc=scheduler level=INFO msg="retry queue depth=8878"
2025-12-01T03:48:45Z svc=billing level=INFO msg="token refresh completed in 4617ms"
2025-12-01T03:48:57Z svc=ingest level=INFO msg="webhook delivery attempt 8914 succeeded"
2025-12-01T03:49:14Z svc=ingest level=INFO msg="cache eviction pass removed 7113 entries"
2025-12-01T03:49:23Z svc=authz level=INFO msg="batch 2542 committed"
2025-12-01T03:49:29Z svc=api level=INFO msg="batch 8046 committed"
2025-12-01T03:49:38Z svc=ingest level=INFO msg="retry queue depth=3580"
2025-12-01T03:49:55Z svc=scheduler level=INFO msg="healthcheck ok rtt=3324ms"
2025-12-01T03:50:03Z svc=api level=INFO msg="webhook delivery attempt 2274 succeeded"
2025-12-01T03:50:20Z svc=search level=INFO msg="compaction finished, 6556 segments merged"
2025-12-01T03:50:33Z svc=scheduler level=INFO msg="healthcheck ok rtt=9111ms"
2025-12-01T03:50:38Z svc=search level=INFO msg="retry queue depth=653"
2025-12-01T03:50:52Z svc=authz level=INFO msg="compaction finished, 8267 segments merged"
2025-12-01T03:51:09Z svc=search level=INFO msg="token refresh completed in 696ms"
2025-12-01T03:51:19Z svc=api level=INFO msg="batch 8356 committed"
2025-12-01T03:51:30Z svc=search level=INFO msg="compaction finished, 6557 segments merged"
2025-12-01T03:51:41Z svc=ingest level=INFO msg="compaction finished, 1667 segments merged"
2025-12-01T03:51:55Z svc=api level=INFO msg="retry queue depth=3111"
2025-12-01T03:52:01Z svc=scheduler level=INFO msg="retry queue depth=9192"
2025-12-01T03:52:17Z svc=search level=INFO msg="webhook delivery attempt 8714 succeeded"
2025-12-01T03:52:34Z svc=scheduler level=INFO msg="compaction finished, 7661 segments merged"
2025-12-01T03:52:38Z svc=ingest level=INFO msg="webhook delivery attempt 122 succeeded"
2025-12-01T03:52:54Z svc=api level=INFO msg="batch 3938 committed"
2025-12-01T03:53:02Z svc=search level=INFO msg="compaction finished, 3220 segments merged"
2025-12-01T03:53:07Z svc=authz level=INFO msg="token refresh completed in 3692ms"
2025-12-01T03:53:14Z svc=scheduler level=INFO msg="webhook delivery attempt 1248 succeeded"
2025-12-01T03:53:26Z svc=ingest level=INFO msg="batch 5946 committed"
2025-12-01T03:53:31Z svc=api level=INFO msg="token refresh completed in 7084ms"
2025-12-01T03:53:36Z svc=scheduler level=INFO msg="compaction finished, 1243 segments merged"
2025-12-01T03:53:52Z svc=billing level=INFO msg="compaction finished, 9480 segments merged"
2025-12-01T03:54:01Z svc=billing level=INFO msg="webhook delivery attempt 7899 succeeded"
2025-12-01T03:54:17Z svc=search level=INFO msg="webhook delivery attempt 6770 succeeded"
2025-12-01T03:54:24Z svc=ingest level=INFO msg="compaction finished, 5488 segments merged"
2025-12-01T03:54:29Z svc=api level=INFO msg="batch 3311 committed"
2025-12-01T03:54:41Z svc=authz level=INFO msg="token refresh completed in 7385ms"
2025-12-01T03:54:57Z svc=scheduler level=INFO msg="retry queue depth=5195"
2025-12-01T03:55:06Z svc=ingest level=INFO msg="healthcheck ok rtt=8349ms"
2025-12-01T03:55:12Z svc=billing level=INFO msg="compaction finished, 3136 segments merged"
2025-12-01T03:55:24Z svc=billing level=INFO msg="cache eviction pass removed 1770 entries"
2025-12-01T03:55:29Z svc=ingest level=INFO msg="healthcheck ok rtt=7194ms"
2025-12-01T03:55:46Z svc=search level=INFO msg="cache eviction pass removed 539 entries"
2025-12-01T03:55:59Z svc=api level=INFO msg="webhook delivery attempt 1241 succeeded"
2025-12-01T03:56:15Z svc=authz level=INFO msg="compaction finished, 1978 segments merged"
2025-12-01T03:56:19Z svc=scheduler level=INFO msg="webhook delivery attempt 6002 succeeded"
2025-12-01T03:56:34Z svc=scheduler level=INFO msg="batch 868 committed"
2025-12-01T03:56:43Z svc=billing level=INFO msg="compaction finished, 329 segments merged"
2025-12-01T03:56:54Z svc=billing level=INFO msg="compaction finished, 6247 segments merged"
2025-12-01T03:57:08Z svc=scheduler level=INFO msg="cache eviction pass removed 1456 entries"
2025-12-01T03:57:13Z svc=authz level=INFO msg="healthcheck ok rtt=2999ms"
2025-12-01T03:57:26Z svc=billing level=INFO msg="compaction finished, 4301 segments merged"
2025-12-01T03:57:34Z svc=search level=INFO msg="compaction finished, 2251 segments merged"
2025-12-01T03:57:38Z svc=authz level=INFO msg="retry queue depth=6158"
2025-12-01T03:57:41Z svc=search level=INFO msg="retry queue depth=373"
2025-12-01T03:57:53Z svc=search level=INFO msg="healthcheck ok rtt=8041ms"
2025-12-01T03:58:08Z svc=billing level=INFO msg="cache eviction pass removed 5897 entries"
2025-12-01T03:58:14Z svc=api level=INFO msg="batch 8216 committed"
2025-12-01T03:58:20Z svc=api level=INFO msg="webhook delivery attempt 9094 succeeded"
2025-12-01T03:58:23Z svc=api level=INFO msg="cache eviction pass removed 8722 entries"
2025-12-01T03:58:34Z svc=scheduler level=INFO msg="healthcheck ok rtt=6748ms"
2025-12-01T03:58:47Z svc=ingest level=INFO msg="token refresh completed in 4719ms"
2025-12-01T03:58:56Z svc=search level=INFO msg="token refresh completed in 3112ms"
2025-12-01T03:59:13Z svc=authz level=INFO msg="retry queue depth=8132"
2025-12-01T03:59:19Z svc=billing level=INFO msg="token refresh completed in 5659ms"
2025-12-01T03:59:23Z svc=ingest level=INFO msg="retry queue depth=1233"
2025-12-01T03:59:37Z svc=api level=INFO msg="healthcheck ok rtt=5792ms"
2025-12-01T03:59:50Z svc=scheduler level=INFO msg="batch 3230 committed"
2025-12-01T03:59:59Z svc=api level=INFO msg="token refresh completed in 8478ms"
2025-12-01T04:00:13Z svc=search level=INFO msg="cache eviction pass removed 9299 entries"
2025-12-01T04:00:28Z svc=search level=INFO msg="webhook delivery attempt 5163 succeeded"
2025-12-01T04:00:36Z svc=search level=INFO msg="healthcheck ok rtt=1604ms"
2025-12-01T04:00:50Z svc=api level=INFO msg="webhook delivery attempt 5104 succeeded"
2025-12-01T04:01:07Z svc=scheduler level=INFO msg="healthcheck ok rtt=4734ms"
2025-12-01T04:01:24Z svc=scheduler level=INFO msg="cache eviction pass removed 1508 entries"
2025-12-01T04:01:36Z svc=authz level=INFO msg="cache eviction pass removed 7650 entries"
2025-12-01T04:01:50Z svc=authz level=INFO msg="webhook delivery attempt 8581 succeeded"
2025-12-01T04:02:00Z svc=authz level=INFO msg="healthcheck ok rtt=6617ms"
2025-12-01T04:02:10Z svc=scheduler level=INFO msg="compaction finished, 7730 segments merged"
2025-12-01T04:02:18Z svc=search level=INFO msg="retry queue depth=8182"
2025-12-01T04:02:33Z svc=search level=INFO msg="retry queue depth=8336"
2025-12-01T04:02:41Z svc=scheduler level=INFO msg="healthcheck ok rtt=4871ms"
2025-12-01T04:02:54Z svc=search level=INFO msg="token refresh completed in 1886ms"
2025-12-01T04:03:10Z svc=scheduler level=INFO msg="batch 8762 committed"
2025-12-01T04:03:19Z svc=authz level=INFO msg="cache eviction pass removed 7944 entries"
2025-12-01T04:03:28Z svc=authz level=INFO msg="compaction finished, 4012 segments merged"
2025-12-01T04:03:34Z svc=ingest level=INFO msg="healthcheck ok rtt=4996ms"
2025-12-01T04:03:37Z svc=authz level=INFO msg="compaction finished, 6918 segments merged"
2025-12-01T04:03:46Z svc=api level=INFO msg="cache eviction pass removed 8645 entries"
2025-12-01T04:03:53Z svc=api level=INFO msg="webhook delivery attempt 8566 succeeded"
2025-12-01T04:04:03Z svc=authz level=INFO msg="retry queue depth=3401"
2025-12-01T04:04:20Z svc=billing level=INFO msg="token refresh completed in 8462ms"
2025-12-01T04:04:24Z svc=scheduler level=INFO msg="batch 6919 committed"
2025-12-01T04:04:31Z svc=search level=INFO msg="token refresh completed in 4873ms"
2025-12-01T04:04:39Z svc=authz level=INFO msg="compaction finished, 1428 segments merged"
2025-12-01T04:04:52Z svc=authz level=INFO msg="healthcheck ok rtt=4512ms"
2025-12-01T04:05:05Z svc=scheduler level=INFO msg="token refresh completed in 6147ms"
2025-12-01T04:05:11Z svc=ingest level=INFO msg="cache eviction pass removed 6942 entries"
2025-12-01T04:05:17Z svc=ingest level=INFO msg="webhook delivery attempt 881 succeeded"
2025-12-01T04:05:23Z svc=authz level=INFO msg="webhook delivery attempt 5274 succeeded"
2025-12-01T04:05:39Z svc=api level=INFO msg="cache eviction pass removed 1859 entries"
2025-12-01T04:05:46Z svc=billing level=INFO msg="healthcheck ok rtt=8167ms"
2025-12-01T04:06:02Z svc=authz level=INFO msg="webhook delivery attempt 5635 succeeded"
2025-12-01T04:06:18Z svc=ingest level=INFO msg="compaction finished, 6315 segments merged"
2025-12-01T04:06:21Z svc=authz level=INFO msg="compaction finished, 2875 segments merged"
2025-12-01T04:06:24Z svc=ingest level=INFO msg="compaction finished, 3633 segments merged"
2025-12-01T04:06:37Z svc=scheduler level=INFO msg="compaction finished, 1455 segments merged"
2025-12-01T04:06:40Z svc=api level=INFO msg="compaction finished, 1030 segments merged"
2025-12-01T04:06:57Z svc=authz level=INFO msg="healthcheck ok rtt=1172ms"
2025-12-01T04:07:07Z svc=search level=INFO msg="webhook delivery attempt 242 succeeded"
2025-12-01T04:07:11Z svc=api level=INFO msg="batch 775 committed"
2025-12-01T04:07:19Z svc=search level=INFO msg="cache eviction pass removed 247 entries"
2025-12-01T04:07:33Z svc=authz level=INFO msg="token refresh completed in 4840ms"
2025-12-01T04:07:41Z svc=billing level=INFO msg="retry queue depth=7521"
2025-12-01T04:07:50Z svc=ingest level=INFO msg="token refresh completed in 2685ms"
2025-12-01T04:08:03Z svc=authz level=INFO msg="retry queue depth=3776"
2025-12-01T04:08:07Z svc=billing level=INFO msg="token refresh completed in 1369ms"
2025-12-01T04:08:19Z svc=api level=INFO msg="batch 4690 committed"
2025-12-01T04:08:32Z svc=api level=INFO msg="token refresh completed in 5797ms"
2025-12-01T04:08:38Z svc=scheduler level=INFO msg="token refresh completed in 91ms"
2025-12-01T04:08:45Z svc=ingest level=INFO msg="compaction finished, 5210 segments merged"
2025-12-01T04:08:59Z svc=scheduler level=INFO msg="batch 6608 committed"
2025-12-01T04:09:15Z svc=api level=INFO msg="webhook delivery attempt 7855 succeeded"
2025-12-01T04:09:25Z svc=authz level=INFO msg="token refresh completed in 1722ms"
2025-12-01T04:09:32Z svc=scheduler level=INFO msg="webhook delivery attempt 2480 succeeded"
2025-12-01T04:09:40Z svc=ingest level=INFO msg="batch 4986 committed"
2025-12-01T04:09:50Z svc=scheduler level=INFO msg="compaction finished, 7882 segments merged"
2025-12-01T04:10:04Z svc=billing level=INFO msg="token refresh completed in 3858ms"
2025-12-01T04:10:07Z svc=billing level=INFO msg="webhook delivery attempt 8848 succeeded"
2025-12-01T04:10:22Z svc=billing level=INFO msg="cache eviction pass removed 6346 entries"
2025-12-01T04:10:32Z svc=search level=INFO msg="token refresh completed in 5461ms"
2025-12-01T04:10:48Z svc=api level=INFO msg="healthcheck ok rtt=9022ms"
2025-12-01T04:10:52Z svc=scheduler level=INFO msg="webhook delivery attempt 6143 succeeded"
2025-12-01T04:10:59Z svc=search level=INFO msg="batch 8886 committed"
2025-12-01T04:11:09Z svc=ingest level=INFO msg="healthcheck ok rtt=520ms"
2025-12-01T04:11:12Z svc=authz level=INFO msg="compaction finished, 4266 segments merged"
2025-12-01T04:11:22Z svc=search level=INFO msg="token refresh completed in 9022ms"
2025-12-01T04:11:31Z svc=authz level=INFO msg="healthcheck ok rtt=274ms"
2025-12-01T04:11:47Z svc=ingest level=INFO msg="retry queue depth=6051"
2025-12-01T04:11:52Z svc=ingest level=INFO msg="healthcheck ok rtt=6749ms"
2025-12-01T04:11:57Z svc=scheduler level=INFO msg="cache eviction pass removed 757 entries"
2025-12-01T04:12:11Z svc=ingest level=INFO msg="webhook delivery attempt 4303 succeeded"
2025-12-01T04:12:21Z svc=ingest level=INFO msg="retry queue depth=5868"
2025-12-01T04:12:36Z svc=authz level=INFO msg="cache eviction pass removed 6897 entries"
2025-12-01T04:12:48Z svc=search level=INFO msg="cache eviction pass removed 931 entries"
2025-12-01T04:12:58Z svc=scheduler level=INFO msg="batch 4955 committed"
2025-12-01T04:13:03Z svc=search level=INFO msg="batch 7637 committed"
2025-12-01T04:13:19Z svc=billing level=INFO msg="token refresh completed in 7392ms"
2025-12-01T04:13:24Z svc=ingest level=INFO msg="token refresh completed in 6351ms"
2025-12-01T04:13:32Z svc=ingest level=INFO msg="webhook delivery attempt 6114 succeeded"
2025-12-01T04:13:43Z svc=authz level=INFO msg="cache eviction pass removed 8333 entries"
2025-12-01T04:13:48Z svc=authz level=INFO msg="cache eviction pass removed 394 entries"
2025-12-01T04:14:00Z svc=ingest level=INFO msg="compaction finished, 4585 segments merged"
2025-12-01T04:14:15Z svc=ingest level=INFO msg="webhook delivery attempt 1242 succeeded"
2025-12-01T04:14:19Z svc=billing level=INFO msg="token refresh completed in 6196ms"
2025-12-01T04:14:34Z svc=ingest level=INFO msg="batch 6357 committed"
2025-12-01T04:14:50Z svc=authz level=INFO msg="healthcheck ok rtt=5763ms"
2025-12-01T04:15:01Z svc=ingest level=INFO msg="healthcheck ok rtt=8425ms"
2025-12-01T04:15:09Z svc=ingest level=INFO msg="cache eviction pass removed 4108 entries"
2025-12-01T04:15:25Z svc=authz level=INFO msg="cache eviction pass removed 8428 entries"
2025-12-01T04:15:35Z svc=authz level=INFO msg="webhook delivery attempt 3521 succeeded"
2025-12-01T04:15:48Z svc=api level=INFO msg="batch 2076 committed"
2025-12-01T04:15:59Z svc=authz level=INFO msg="batch 289 committed"
2025-12-01T04:16:13Z svc=authz level=INFO msg="healthcheck ok rtt=6156ms"
2025-12-01T04:16:24Z svc=search level=INFO msg="batch 2351 committed"
2025-12-01T04:16:31Z svc=ingest level=INFO msg="compaction finished, 1652 segments merged"
2025-12-01T04:16:48Z svc=api level=INFO msg="compaction finished, 6860 segments merged"
2025-12-01T04:17:03Z svc=ingest level=INFO msg="batch 8840 committed"
2025-12-01T04:17:12Z svc=billing level=INFO msg="webhook delivery attempt 9082 succeeded"
2025-12-01T04:17:21Z svc=ingest level=INFO msg="retry queue depth=250"
2025-12-01T04:17:37Z svc=scheduler level=INFO msg="healthcheck ok rtt=4398ms"
2025-12-01T04:17:42Z svc=authz level=INFO msg="cache eviction pass removed 8025 entries"
2025-12-01T04:17:47Z svc=authz level=INFO msg="cache eviction pass removed 7118 entries"
2025-12-01T04:17:52Z svc=billing level=INFO msg="batch 5490 committed"
2025-12-01T04:18:02Z svc=scheduler level=INFO msg="token refresh completed in 8194ms"
2025-12-01T04:18:13Z svc=api level=INFO msg="batch 2058 committed"
2025-12-01T04:18:27Z svc=scheduler level=INFO msg="healthcheck ok rtt=5235ms"
2025-12-01T04:18:32Z svc=api level=INFO msg="retry queue depth=2229"
2025-12-01T04:18:49Z svc=billing level=INFO msg="healthcheck ok rtt=5723ms"
2025-12-01T04:18:56Z svc=scheduler level=INFO msg="cache eviction pass removed 1295 entries"
2025-12-01T04:19:04Z svc=ingest level=INFO msg="retry queue depth=704"
2025-12-01T04:19:08Z svc=authz level=INFO msg="retry queue depth=6160"
2025-12-01T04:19:23Z svc=search level=INFO msg="token refresh completed in 2378ms"
2025-12-01T04:19:35Z svc=search level=INFO msg="cache eviction pass removed 8576 entries"
2025-12-01T04:19:42Z svc=api level=INFO msg="token refresh completed in 8483ms"
2025-12-01T04:19:48Z svc=scheduler level=INFO msg="compaction finished, 1798 segments merged"
2025-12-01T04:19:54Z svc=scheduler level=INFO msg="healthcheck ok rtt=4938ms"
2025-12-01T04:19:59Z svc=api level=INFO msg="healthcheck ok rtt=175ms"
2025-12-01T04:20:03Z svc=authz level=INFO msg="cache eviction pass removed 8878 entries"
2025-12-01T04:20:13Z svc=search level=INFO msg="webhook delivery attempt 3468 succeeded"
2025-12-01T04:20:19Z svc=scheduler level=INFO msg="compaction finished, 1741 segments merged"
2025-12-01T04:20:34Z svc=authz level=INFO msg="compaction finished, 6424 segments merged"
2025-12-01T04:20:51Z svc=authz level=INFO msg="webhook delivery attempt 8025 succeeded"
2025-12-01T04:21:01Z svc=ingest level=INFO msg="webhook delivery attempt 4689 succeeded"
2025-12-01T04:21:13Z svc=ingest level=INFO msg="healthcheck ok rtt=62ms"
2025-12-01T04:21:25Z svc=billing level=INFO msg="token refresh completed in 1843ms"
2025-12-01T04:21:31Z svc=authz level=INFO msg="retry queue depth=6990"
2025-12-01T04:21:40Z svc=ingest level=INFO msg="batch 4824 committed"
2025-12-01T04:21:43Z svc=scheduler level=INFO msg="retry queue depth=2718"
2025-12-01T04:21:46Z svc=authz level=INFO msg="cache eviction pass removed 8662 entries"
2025-12-01T04:21:54Z svc=ingest level=INFO msg="webhook delivery attempt 5016 succeeded"
2025-12-01T04:22:01Z svc=authz level=INFO msg="webhook delivery attempt 2353 succeeded"
2025-12-01T04:22:04Z svc=api level=INFO msg="token refresh completed in 7290ms"
2025-12-01T04:22:18Z svc=api level=INFO msg="healthcheck ok rtt=72ms"
2025-12-01T04:22:28Z svc=scheduler level=INFO msg="cache eviction pass removed 8558 entries"
2025-12-01T04:22:38Z svc=api level=INFO msg="healthcheck ok rtt=3819ms"
2025-12-01T04:22:48Z svc=authz level=INFO msg="retry queue depth=7624"
2025-12-01T04:22:58Z svc=search level=INFO msg="compaction finished, 4246 segments merged"
2025-12-01T04:23:11Z svc=authz level=INFO msg="webhook delivery attempt 7984 succeeded"
2025-12-01T04:23:21Z svc=api level=INFO msg="retry queue depth=2481"
2025-12-01T04:23:29Z svc=authz level=INFO msg="retry queue depth=340"
2025-12-01T04:23:33Z svc=api level=INFO msg="webhook delivery attempt 7714 succeeded"
2025-12-01T04:23:47Z svc=billing level=INFO msg="cache eviction pass removed 1194 entries"
2025-12-01T04:23:57Z svc=search level=INFO msg="webhook delivery attempt 4824 succeeded"
2025-12-01T04:24:08Z svc=api level=INFO msg="webhook delivery attempt 7023 succeeded"
2025-12-01T04:24:16Z svc=billing level=INFO msg="batch 5501 committed"
2025-12-01T04:24:23Z svc=billing level=INFO msg="batch 2211 committed"
2025-12-01T04:24:27Z svc=api level=INFO msg="cache eviction pass removed 2056 entries"
2025-12-01T04:24:32Z svc=scheduler level=INFO msg="compaction finished, 7425 segments merged"
2025-12-01T04:24:49Z svc=billing level=INFO msg="cache eviction pass removed 2162 entries"
2025-12-01T04:25:04Z svc=ingest level=INFO msg="webhook delivery attempt 2521 succeeded"
2025-12-01T04:25:17Z svc=ingest level=INFO msg="webhook delivery attempt 5525 succeeded"
2025-12-01T04:25:33Z svc=ingest level=INFO msg="token refresh completed in 5110ms"
2025-12-01T04:25:44Z svc=scheduler level=INFO msg="batch 3053 committed"
2025-12-01T04:26:00Z svc=ingest level=INFO msg="webhook delivery attempt 240 succeeded"
2025-12-01T04:26:15Z svc=search level=INFO msg="compaction finished, 6495 segments merged"
2025-12-01T04:26:30Z svc=ingest level=INFO msg="compaction finished, 7093 segments merged"
2025-12-01T04:26:41Z svc=search level=INFO msg="cache eviction pass removed 5983 entries"
2025-12-01T04:26:48Z svc=billing level=INFO msg="cache eviction pass removed 1255 entries"
2025-12-01T04:27:05Z svc=billing level=INFO msg="compaction finished, 1397 segments merged"
2025-12-01T04:27:14Z svc=authz level=INFO msg="cache eviction pass removed 2830 entries"
2025-12-01T04:27:21Z svc=scheduler level=INFO msg="retry queue depth=4937"
2025-12-01T04:27:25Z svc=search level=INFO msg="token refresh completed in 545ms"
2025-12-01T04:27:39Z svc=search level=INFO msg="healthcheck ok rtt=4445ms"
2025-12-01T04:27:44Z svc=search level=INFO msg="healthcheck ok rtt=6906ms"
2025-12-01T04:27:58Z svc=api level=INFO msg="compaction finished, 5109 segments merged"
2025-12-01T04:28:15Z svc=api level=INFO msg="batch 3792 committed"
2025-12-01T04:28:19Z svc=ingest level=INFO msg="compaction finished, 7377 segments merged"
2025-12-01T04:28:30Z svc=api level=INFO msg="webhook delivery attempt 8565 succeeded"
2025-12-01T04:28:40Z svc=scheduler level=INFO msg="retry queue depth=5704"
2025-12-01T04:28:54Z svc=authz level=INFO msg="batch 7548 committed"
2025-12-01T04:29:11Z svc=billing level=INFO msg="compaction finished, 7758 segments merged"
2025-12-01T04:29:14Z svc=ingest level=INFO msg="compaction finished, 3993 segments merged"
2025-12-01T04:29:30Z svc=authz level=INFO msg="webhook delivery attempt 4390 succeeded"
2025-12-01T04:29:33Z svc=api level=INFO msg="token refresh completed in 4614ms"
2025-12-01T04:29:43Z svc=search level=INFO msg="token refresh completed in 7791ms"
2025-12-01T04:29:52Z svc=billing level=INFO msg="cache eviction pass removed 4398 entries"
2025-12-01T04:30:08Z svc=api level=INFO msg="cache eviction pass removed 3753 entries"
2025-12-01T04:30:22Z svc=search level=INFO msg="token refresh completed in 3200ms"
2025-12-01T04:30:37Z svc=scheduler level=INFO msg="healthcheck ok rtt=2174ms"
2025-12-01T04:30:53Z svc=ingest level=INFO msg="healthcheck ok rtt=7950ms"
2025-12-01T04:31:07Z svc=authz level=INFO msg="token refresh completed in 2561ms"
2025-12-01T04:31:19Z svc=authz level=INFO msg="batch 5310 committed"
2025-12-01T04:31:23Z svc=authz level=INFO msg="token refresh completed in 5658ms"
2025-12-01T04:31:35Z svc=api level=INFO msg="compaction finished, 2175 segments merged"
2025-12-01T04:31:39Z svc=ingest level=INFO msg="retry queue depth=3484"
2025-12-01T04:31:51Z svc=ingest level=INFO msg="token refresh completed in 2717ms"
2025-12-01T04:32:00Z svc=api level=INFO msg="webhook delivery attempt 3200 succeeded"
2025-12-01T04:32:07Z svc=api level=INFO msg="compaction finished, 5898 segments merged"
2025-12-01T04:32:22Z svc=search level=INFO msg="batch 6565 committed"
2025-12-01T04:32:37Z svc=api level=INFO msg="retry queue depth=4034"
2025-12-01T04:32:41Z svc=billing level=INFO msg="compaction finished, 1085 segments merged"
2025-12-01T04:32:47Z svc=billing level=INFO msg="cache eviction pass removed 4606 entries"
2025-12-01T04:32:56Z svc=scheduler level=INFO msg="healthcheck ok rtt=8526ms"
2025-12-01T04:33:04Z svc=authz level=INFO msg="cache eviction pass removed 3214 entries"
2025-12-01T04:33:10Z svc=authz level=INFO msg="compaction finished, 3375 segments merged"
2025-12-01T04:33:27Z svc=api level=INFO msg="healthcheck ok rtt=5540ms"
2025-12-01T04:33:44Z svc=scheduler level=INFO msg="token refresh completed in 3999ms"
2025-12-01T04:33:59Z svc=ingest level=INFO msg="healthcheck ok rtt=987ms"
2025-12-01T04:34:10Z svc=api level=INFO msg="compaction finished, 7928 segments merged"
2025-12-01T04:34:24Z svc=search level=INFO msg="cache eviction pass removed 7595 entries"
2025-12-01T04:34:35Z svc=scheduler level=INFO msg="webhook delivery attempt 9086 succeeded"
2025-12-01T04:34:51Z svc=scheduler level=INFO msg="token refresh completed in 8059ms"
2025-12-01T04:34:54Z svc=search level=INFO msg="cache eviction pass removed 2694 entries"
2025-12-01T04:35:11Z svc=scheduler level=INFO msg="token refresh completed in 8319ms"
2025-12-01T04:35:23Z svc=billing level=INFO msg="compaction finished, 4809 segments merged"
2025-12-01T04:35:38Z svc=authz level=INFO msg="token refresh completed in 326ms"
2025-12-01T04:35:46Z svc=authz level=INFO msg="retry queue depth=8567"
2025-12-01T04:35:50Z svc=billing level=INFO msg="batch 5684 committed"
2025-12-01T04:35:55Z svc=authz level=INFO msg="compaction finished, 9212 segments merged"
2025-12-01T04:36:00Z svc=search level=INFO msg="token refresh completed in 6350ms"
2025-12-01T04:36:17Z svc=authz level=INFO msg="webhook delivery attempt 1947 succeeded"
2025-12-01T04:36:25Z svc=scheduler level=INFO msg="cache eviction pass removed 4151 entries"
2025-12-01T04:36:33Z svc=search level=INFO msg="compaction finished, 9203 segments merged"
2025-12-01T04:36:48Z svc=ingest level=INFO msg="healthcheck ok rtt=3616ms"
2025-12-01T04:37:05Z svc=scheduler level=INFO msg="cache eviction pass removed 1853 entries"
2025-12-01T04:37:10Z svc=search level=INFO msg="cache eviction pass removed 3548 entries"
2025-12-01T04:37:18Z svc=search level=INFO msg="healthcheck ok rtt=4712ms"
2025-12-01T04:37:26Z svc=search level=INFO msg="webhook delivery attempt 8886 succeeded"
2025-12-01T04:37:42Z svc=api level=INFO msg="batch 1141 committed"
2025-12-01T04:37:52Z svc=billing level=INFO msg="retry queue depth=6995"
2025-12-01T04:37:56Z svc=authz level=INFO msg="healthcheck ok rtt=9140ms"
2025-12-01T04:38:02Z svc=billing level=INFO msg="compaction finished, 3119 segments merged"
2025-12-01T04:38:11Z svc=api level=INFO msg="retry queue depth=6434"
2025-12-01T04:38:16Z svc=api level=INFO msg="cache eviction pass removed 2910 entries"
2025-12-01T04:38:30Z svc=authz level=INFO msg="batch 6607 committed"
2025-12-01T04:38:44Z svc=billing level=INFO msg="retry queue depth=2386"
2025-12-01T04:38:59Z svc=scheduler level=INFO msg="cache eviction pass removed 8567 entries"
2025-12-01T04:39:13Z svc=ingest level=INFO msg="compaction finished, 950 segments merged"
2025-12-01T04:39:17Z svc=search level=INFO msg="token refresh completed in 8099ms"
2025-12-01T04:39:26Z svc=ingest level=INFO msg="cache eviction pass removed 6208 entries"
2025-12-01T04:39:38Z svc=authz level=INFO msg="batch 5249 committed"
2025-12-01T04:39:44Z svc=ingest level=INFO msg="cache eviction pass removed 8496 entries"
2025-12-01T04:40:00Z svc=ingest level=INFO msg="healthcheck ok rtt=1698ms"
2025-12-01T04:40:17Z svc=authz level=INFO msg="token refresh completed in 437ms"
2025-12-01T04:40:32Z svc=scheduler level=INFO msg="webhook delivery attempt 7546 succeeded"
2025-12-01T04:40:40Z svc=ingest level=INFO msg="batch 87 committed"
2025-12-01T04:40:50Z svc=ingest level=INFO msg="batch 2236 committed"
2025-12-01T04:41:07Z svc=billing level=INFO msg="cache eviction pass removed 3062 entries"
2025-12-01T04:41:11Z svc=authz level=INFO msg="token refresh completed in 3866ms"
2025-12-01T04:41:16Z svc=authz level=INFO msg="retry queue depth=2313"
2025-12-01T04:41:28Z svc=search level=INFO msg="cache eviction pass removed 1706 entries"
2025-12-01T04:41:31Z svc=api level=INFO msg="compaction finished, 7430 segments merged"
2025-12-01T04:41:42Z svc=billing level=INFO msg="compaction finished, 1073 segments merged"
2025-12-01T04:41:46Z svc=billing level=INFO msg="cache eviction pass removed 6942 entries"
2025-12-01T04:41:58Z svc=billing level=INFO msg="batch 69 committed"
2025-12-01T04:42:09Z svc=search level=INFO msg="compaction finished, 1211 segments merged"
2025-12-01T04:42:18Z svc=ingest level=INFO msg="compaction finished, 1990 segments merged"
2025-12-01T04:42:30Z svc=ingest level=INFO msg="healthcheck ok rtt=5924ms"
2025-12-01T04:42:46Z svc=api level=INFO msg="batch 6645 committed"
2025-12-01T04:43:00Z svc=authz level=INFO msg="retry queue depth=649"
2025-12-01T04:43:09Z svc=ingest level=INFO msg="compaction finished, 2899 segments merged"
2025-12-01T04:43:12Z svc=billing level=INFO msg="cache eviction pass removed 1040 entries"
2025-12-01T04:43:25Z svc=api level=INFO msg="token refresh completed in 3600ms"
2025-12-01T04:43:32Z svc=billing level=INFO msg="cache eviction pass removed 4392 entries"
2025-12-01T04:43:40Z svc=authz level=INFO msg="token refresh completed in 7001ms"
2025-12-01T04:43:43Z svc=authz level=INFO msg="compaction finished, 8135 segments merged"
2025-12-01T04:43:59Z svc=scheduler level=INFO msg="cache eviction pass removed 268 entries"
2025-12-01T04:44:14Z svc=api level=INFO msg="retry queue depth=1767"
2025-12-01T04:44:18Z svc=scheduler level=INFO msg="batch 5683 committed"
2025-12-01T04:44:26Z svc=authz level=INFO msg="webhook delivery attempt 1569 succeeded"
2025-12-01T04:44:32Z svc=authz level=INFO msg="healthcheck ok rtt=6340ms"
2025-12-01T04:44:41Z svc=authz level=INFO msg="compaction finished, 335 segments merged"
2025-12-01T04:44:57Z svc=authz level=INFO msg="cache eviction pass removed 5814 entries"
2025-12-01T04:45:03Z svc=api level=INFO msg="batch 7038 committed"
2025-12-01T04:45:15Z svc=ingest level=INFO msg="compaction finished, 5142 segments merged"
2025-12-01T04:45:27Z svc=api level=INFO msg="compaction finished, 6112 segments merged"
2025-12-01T04:45:32Z svc=authz level=INFO msg="healthcheck ok rtt=1734ms"
2025-12-01T04:45:47Z svc=billing level=INFO msg="token refresh completed in 480ms"
2025-12-01T04:46:00Z svc=search level=INFO msg="webhook delivery attempt 7686 succeeded"
2025-12-01T04:46:16Z svc=ingest level=INFO msg="webhook delivery attempt 6821 succeeded"
2025-12-01T04:46:19Z svc=ingest level=INFO msg="compaction finished, 8164 segments merged"
2025-12-01T04:46:32Z svc=ingest level=INFO msg="batch 6922 committed"
2025-12-01T04:46:48Z svc=ingest level=INFO msg="token refresh completed in 1681ms"
2025-12-01T04:47:02Z svc=scheduler level=INFO msg="healthcheck ok rtt=3784ms"
2025-12-01T04:47:10Z svc=api level=INFO msg="webhook delivery attempt 7765 succeeded"
2025-12-01T04:47:24Z svc=ingest level=INFO msg="cache eviction pass removed 8063 entries"
2025-12-01T04:47:41Z svc=authz level=INFO msg="compaction finished, 7118 segments merged"
2025-12-01T04:47:55Z svc=ingest level=INFO msg="cache eviction pass removed 4590 entries"
2025-12-01T04:48:10Z svc=api level=INFO msg="healthcheck ok rtt=9182ms"
2025-12-01T04:48:14Z svc=ingest level=INFO msg="compaction finished, 5676 segments merged"
2025-12-01T04:48:27Z svc=authz level=INFO msg="token refresh completed in 567ms"
2025-12-01T04:48:30Z svc=authz level=INFO msg="healthcheck ok rtt=2288ms"
2025-12-01T04:48:45Z svc=ingest level=INFO msg="webhook delivery attempt 1874 succeeded"
2025-12-01T04:48:51Z svc=authz level=INFO msg="token refresh completed in 5146ms"
2025-12-01T04:49:04Z svc=search level=INFO msg="token refresh completed in 200ms"
2025-12-01T04:49:20Z svc=search level=INFO msg="token refresh completed in 3194ms"
2025-12-01T04:49:24Z svc=billing level=INFO msg="compaction finished, 653 segments merged"
2025-12-01T04:49:28Z svc=billing level=INFO msg="healthcheck ok rtt=9175ms"
2025-12-01T04:49:39Z svc=search level=INFO msg="token refresh completed in 2337ms"
2025-12-01T04:49:49Z svc=authz level=INFO msg="cache eviction pass removed 2662 entries"
2025-12-01T04:50:03Z svc=search level=INFO msg="compaction finished, 3204 segments merged"
2025-12-01T04:50:12Z svc=api level=INFO msg="healthcheck ok rtt=1757ms"
2025-12-01T04:50:21Z svc=billing level=INFO msg="webhook delivery attempt 5421 succeeded"
2025-12-01T04:50:37Z svc=search level=INFO msg="token refresh completed in 3813ms"
2025-12-01T04:50:40Z svc=billing level=INFO msg="retry queue depth=5617"
2025-12-01T04:50:52Z svc=ingest level=INFO msg="batch 7621 committed"
2025-12-01T04:50:58Z svc=billing level=INFO msg="token refresh completed in 5974ms"
2025-12-01T04:51:04Z svc=search level=INFO msg="cache eviction pass removed 3776 entries"
2025-12-01T04:51:07Z svc=scheduler level=INFO msg="compaction finished, 2634 segments merged"
2025-12-01T04:51:14Z svc=scheduler level=INFO msg="retry queue depth=4716"
2025-12-01T04:51:25Z svc=api level=INFO msg="webhook delivery attempt 7132 succeeded"
2025-12-01T04:51:28Z svc=scheduler level=INFO msg="cache eviction pass removed 3810 entries"
2025-12-01T04:51:40Z svc=authz level=INFO msg="token refresh completed in 6705ms"
2025-12-01T04:51:47Z svc=api level=INFO msg="webhook delivery attempt 1277 succeeded"
2025-12-01T04:52:04Z svc=api level=INFO msg="batch 8939 committed"
2025-12-01T04:52:07Z svc=scheduler level=INFO msg="batch 5464 committed"
2025-12-01T04:52:22Z svc=scheduler level=INFO msg="batch 1039 committed"
2025-12-01T04:52:36Z svc=ingest level=INFO msg="token refresh completed in 3436ms"
2025-12-01T04:52:42Z svc=search level=INFO msg="batch 7078 committed"
2025-12-01T04:52:45Z svc=api level=INFO msg="healthcheck ok rtt=3523ms"
2025-12-01T04:52:49Z svc=ingest level=INFO msg="compaction finished, 2490 segments merged"
2025-12-01T04:52:54Z svc=billing level=INFO msg="cache eviction pass removed 3557 entries"
2025-12-01T04:53:01Z svc=search level=INFO msg="batch 4703 committed"
2025-12-01T04:53:16Z svc=search level=INFO msg="cache eviction pass removed 1199 entries"
2025-12-01T04:53:19Z svc=api level=INFO msg="batch 9395 committed"
2025-12-01T04:53:33Z svc=api level=INFO msg="token refresh completed in 7153ms"
2025-12-01T04:53:40Z svc=scheduler level=INFO msg="cache eviction pass removed 4633 entries"
2025-12-01T04:53:55Z svc=scheduler level=INFO msg="webhook delivery attempt 9324 succeeded"
2025-12-01T04:53:59Z svc=ingest level=INFO msg="token refresh completed in 1778ms"
2025-12-01T04:54:05Z svc=ingest level=INFO msg="webhook delivery attempt 756 succeeded"
2025-12-01T04:54:22Z svc=authz level=INFO msg="webhook delivery attempt 4111 succeeded"
2025-12-01T04:54:31Z svc=scheduler level=INFO msg="compaction finished, 7747 segments merged"
2025-12-01T04:54:37Z svc=billing level=INFO msg="compaction finished, 1138 segments merged"
2025-12-01T04:54:54Z svc=ingest level=INFO msg="webhook delivery attempt 6564 succeeded"
2025-12-01T04:55:04Z svc=authz level=INFO msg="retry queue depth=6027"
2025-12-01T04:55:10Z svc=billing level=INFO msg="retry queue depth=5807"
2025-12-01T04:55:18Z svc=search level=INFO msg="batch 6709 committed"
2025-12-01T04:55:22Z svc=api level=INFO msg="webhook delivery attempt 5714 succeeded"
2025-12-01T04:55:27Z svc=billing level=INFO msg="retry queue depth=4036"
2025-12-01T04:55:42Z svc=billing level=INFO msg="retry queue depth=1556"
2025-12-01T04:55:59Z svc=authz level=INFO msg="batch 2175 committed"
2025-12-01T04:56:14Z svc=ingest level=INFO msg="batch 305 committed"
2025-12-01T04:56:22Z svc=api level=INFO msg="compaction finished, 4684 segments merged"
2025-12-01T04:56:34Z svc=scheduler level=INFO msg="webhook delivery attempt 3645 succeeded"
2025-12-01T04:56:49Z svc=billing level=INFO msg="cache eviction pass removed 9302 entries"
2025-12-01T04:56:54Z svc=billing level=INFO msg="token refresh completed in 3635ms"
2025-12-01T04:57:09Z svc=scheduler level=INFO msg="retry queue depth=1672"
2025-12-01T04:57:14Z svc=billing level=INFO msg="webhook delivery attempt 4839 succeeded"
2025-12-01T04:57:26Z svc=ingest level=INFO msg="compaction finished, 8712 segments merged"
2025-12-01T04:57:32Z svc=authz level=INFO msg="compaction finished, 6474 segments merged"
2025-12-01T04:57:47Z svc=ingest level=INFO msg="webhook delivery attempt 6325 succeeded"
2025-12-01T04:57:58Z svc=search level=INFO msg="token refresh completed in 6310ms"
2025-12-01T04:58:02Z svc=scheduler level=INFO msg="cache eviction pass removed 1415 entries"
2025-12-01T04:58:13Z svc=api level=INFO msg="batch 1610 committed"
2025-12-01T04:58:26Z svc=scheduler level=INFO msg="token refresh completed in 6756ms"
2025-12-01T04:58:30Z svc=api level=INFO msg="compaction finished, 8653 segments merged"
2025-12-01T04:58:47Z svc=scheduler level=INFO msg="cache eviction pass removed 3631 entries"
2025-12-01T04:59:01Z svc=ingest level=INFO msg="webhook delivery attempt 1252 succeeded"
2025-12-01T04:59:09Z svc=scheduler level=INFO msg="token refresh completed in 8107ms"
2025-12-01T04:59:16Z svc=billing level=INFO msg="compaction finished, 4127 segments merged"
2025-12-01T04:59:28Z svc=search level=INFO msg="retry queue depth=5120"
2025-12-01T04:59:39Z svc=authz level=INFO msg="cache eviction pass removed 4949 entries"
2025-12-01T04:59:48Z svc=billing level=INFO msg="token refresh completed in 2066ms"
2025-12-01T04:59:55Z svc=ingest level=INFO msg="batch 5280 committed"
2025-12-01T05:00:00Z svc=scheduler level=INFO msg="batch 2726 committed"
2025-12-01T05:00:06Z svc=billing level=INFO msg="healthcheck ok rtt=5270ms"
2025-12-01T05:00:22Z svc=scheduler level=INFO msg="compaction finished, 4517 segments merged"
2025-12-01T05:00:26Z svc=authz level=INFO msg="batch 408 committed"
2025-12-01T05:00:32Z svc=authz level=INFO msg="webhook delivery attempt 1860 succeeded"
2025-12-01T05:00:47Z svc=authz level=INFO msg="webhook delivery attempt 3063 succeeded"
2025-12-01T05:00:51Z svc=authz level=INFO msg="token refresh completed in 2265ms"
2025-12-01T05:00:57Z svc=api level=INFO msg="retry queue depth=5721"
2025-12-01T05:01:06Z svc=scheduler level=INFO msg="compaction finished, 2307 segments merged"
2025-12-01T05:01:17Z svc=authz level=INFO msg="healthcheck ok rtt=7220ms"
2025-12-01T05:01:33Z svc=ingest level=INFO msg="compaction finished, 197 segments merged"
2025-12-01T05:01:46Z svc=billing level=INFO msg="webhook delivery attempt 904 succeeded"
2025-12-01T05:02:03Z svc=billing level=INFO msg="token refresh completed in 8510ms"
2025-12-01T05:02:16Z svc=ingest level=INFO msg="webhook delivery attempt 559 succeeded"
2025-12-01T05:02:29Z svc=scheduler level=INFO msg="cache eviction pass removed 3509 entries"
2025-12-01T05:02:39Z svc=ingest level=INFO msg="retry queue depth=7786"
2025-12-01T05:02:48Z svc=scheduler level=INFO msg="cache eviction pass removed 7171 entries"
2025-12-01T05:03:02Z svc=search level=INFO msg="retry queue depth=5211"
2025-12-01T05:03:13Z svc=search level=INFO msg="cache eviction pass removed 744 entries"
2025-12-01T05:03:28Z svc=authz level=INFO msg="cache eviction pass removed 6718 entries"
2025-12-01T05:03:41Z svc=scheduler level=INFO msg="cache eviction pass removed 1692 entries"
2025-12-01T05:03:53Z svc=scheduler level=INFO msg="retry queue depth=3159"
2025-12-01T05:04:04Z svc=api level=INFO msg="compaction finished, 2028 segments merged"
2025-12-01T05:04:19Z svc=authz level=INFO msg="healthcheck ok rtt=2841ms"
2025-12-01T05:04:30Z svc=ingest level=INFO msg="compaction finished, 7899 segments merged"
2025-12-01T05:04:38Z svc=billing level=INFO msg="healthcheck ok rtt=4600ms"
2025-12-01T05:04:50Z svc=ingest level=INFO msg="batch 5972 committed"
2025-12-01T05:05:01Z svc=billing level=INFO msg="batch 1950 committed"
2025-12-01T05:05:05Z svc=api level=INFO msg="webhook delivery attempt 5617 succeeded"
2025-12-01T05:05:09Z svc=api level=INFO msg="healthcheck ok rtt=2240ms"
2025-12-01T05:05:24Z svc=scheduler level=INFO msg="healthcheck ok rtt=1224ms"
2025-12-01T05:05:37Z svc=ingest level=INFO msg="healthcheck ok rtt=860ms"
2025-12-01T05:05:53Z svc=scheduler level=INFO msg="webhook delivery attempt 6067 succeeded"
2025-12-01T05:06:10Z svc=search level=INFO msg="batch 5199 committed"
2025-12-01T05:06:26Z svc=billing level=INFO msg="token refresh completed in 206ms"
2025-12-01T05:06:34Z svc=ingest level=INFO msg="healthcheck ok rtt=1807ms"
2025-12-01T05:06:48Z svc=ingest level=INFO msg="batch 626 committed"
2025-12-01T05:07:03Z svc=billing level=INFO msg="batch 1817 committed"
2025-12-01T05:07:09Z svc=authz level=INFO msg="token refresh completed in 1506ms"
2025-12-01T05:07:19Z svc=authz level=INFO msg="cache eviction pass removed 5658 entries"
2025-12-01T05:07:34Z svc=ingest level=INFO msg="retry queue depth=5623"
2025-12-01T05:07:41Z svc=api level=INFO msg="healthcheck ok rtt=1245ms"
2025-12-01T05:07:48Z svc=ingest level=INFO msg="cache eviction pass removed 7404 entries"
2025-12-01T05:07:54Z svc=search level=INFO msg="retry queue depth=5869"
2025-12-01T05:08:04Z svc=scheduler level=INFO msg="cache eviction pass removed 2150 entries"
2025-12-01T05:08:15Z svc=search level=INFO msg="compaction finished, 2020 segments merged"
2025-12-01T05:08:30Z svc=search level=INFO msg="compaction finished, 6434 segments merged"
2025-12-01T05:08:38Z svc=billing level=INFO msg="healthcheck ok rtt=7404ms"
2025-12-01T05:08:44Z svc=api level=INFO msg="cache eviction pass removed 3590 entries"
2025-12-01T05:08:48Z svc=ingest level=INFO msg="token refresh completed in 8730ms"
2025-12-01T05:09:05Z svc=api level=INFO msg="webhook delivery attempt 1125 succeeded"
2025-12-01T05:09:20Z svc=api level=INFO msg="healthcheck ok rtt=6471ms"
2025-12-01T05:09:26Z svc=billing level=INFO msg="healthcheck ok rtt=2444ms"
2025-12-01T05:09:41Z svc=authz level=INFO msg="batch 1546 committed"
2025-12-01T05:09:49Z svc=billing level=INFO msg="webhook delivery attempt 1353 succeeded"
2025-12-01T05:10:06Z svc=ingest level=INFO msg="cache eviction pass removed 1663 entries"
2025-12-01T05:10:19Z svc=billing level=INFO msg="healthcheck ok rtt=1242ms"
2025-12-01T05:10:30Z svc=search level=INFO msg="webhook delivery attempt 6739 succeeded"
2025-12-01T05:10:37Z svc=search level=INFO msg="retry queue depth=2786"
2025-12-01T05:10:53Z svc=ingest level=INFO msg="batch 2786 committed"
2025-12-01T05:11:02Z svc=ingest level=INFO msg="compaction finished, 2534 segments merged"
2025-12-01T05:11:10Z svc=search level=INFO msg="healthcheck ok rtt=1439ms"
2025-12-01T05:11:21Z svc=ingest level=INFO msg="cache eviction pass removed 470 entries"
2025-12-01T05:11:35Z svc=authz level=INFO msg="cache eviction pass removed 3617 entries"
2025-12-01T05:11:45Z svc=api level=INFO msg="retry queue depth=9474"
2025-12-01T05:11:53Z svc=authz level=INFO msg="webhook delivery attempt 4441 succeeded"
2025-12-01T05:12:05Z svc=scheduler level=INFO msg="retry queue depth=3793"
2025-12-01T05:12:15Z svc=scheduler level=INFO msg="webhook delivery attempt 1119 succeeded"
2025-12-01T05:12:27Z svc=scheduler level=INFO msg="compaction finished, 3953 segments merged"
2025-12-01T05:12:32Z svc=authz level=INFO msg="webhook delivery attempt 300 succeeded"
2025-12-01T05:12:47Z svc=search level=INFO msg="webhook delivery attempt 4348 succeeded"
2025-12-01T05:12:57Z svc=search level=INFO msg="compaction finished, 1534 segments merged"
2025-12-01T05:13:01Z svc=search level=INFO msg="cache eviction pass removed 2627 entries"
2025-12-01T05:13:14Z svc=ingest level=INFO msg="compaction finished, 3547 segments merged"
2025-12-01T05:13:31Z svc=search level=INFO msg="token refresh completed in 4418ms"
2025-12-01T05:13:36Z svc=ingest level=INFO msg="webhook delivery attempt 2466 succeeded"
2025-12-01T05:13:39Z svc=scheduler level=INFO msg="compaction finished, 1682 segments merged"
2025-12-01T05:13:48Z svc=search level=INFO msg="webhook delivery attempt 2452 succeeded"
2025-12-01T05:13:58Z svc=api level=INFO msg="healthcheck ok rtt=975ms"
2025-12-01T05:14:14Z svc=authz level=INFO msg="retry queue depth=900"
2025-12-01T05:14:26Z svc=scheduler level=INFO msg="webhook delivery attempt 1496 succeeded"
2025-12-01T05:14:32Z svc=api level=INFO msg="webhook delivery attempt 8463 succeeded"
2025-12-01T05:14:38Z svc=ingest level=INFO msg="healthcheck ok rtt=8884ms"
2025-12-01T05:14:51Z svc=search level=INFO msg="compaction finished, 3398 segments merged"
2025-12-01T05:15:05Z svc=authz level=INFO msg="cache eviction pass removed 6084 entries"
2025-12-01T05:15:11Z svc=scheduler level=INFO msg="cache eviction pass removed 1246 entries"
2025-12-01T05:15:22Z svc=ingest level=INFO msg="cache eviction pass removed 1832 entries"
2025-12-01T05:15:34Z svc=api level=INFO msg="compaction finished, 1367 segments merged"
2025-12-01T05:15:50Z svc=api level=INFO msg="token refresh completed in 7435ms"
2025-12-01T05:15:56Z svc=search level=INFO msg="batch 4347 committed"
2025-12-01T05:16:12Z svc=ingest level=INFO msg="healthcheck ok rtt=6611ms"
2025-12-01T05:16:16Z svc=api level=INFO msg="compaction finished, 8984 segments merged"
2025-12-01T05:16:22Z svc=ingest level=INFO msg="batch 8136 committed"
2025-12-01T05:16:39Z svc=ingest level=INFO msg="healthcheck ok rtt=6732ms"
2025-12-01T05:16:43Z svc=api level=INFO msg="retry queue depth=8966"
2025-12-01T05:16:48Z svc=api level=INFO msg="retry queue depth=3271"
2025-12-01T05:16:58Z svc=ingest level=INFO msg="token refresh completed in 7223ms"
2025-12-01T05:17:09Z svc=ingest level=INFO msg="webhook delivery attempt 5857 succeeded"
2025-12-01T05:17:16Z svc=search level=INFO msg="batch 1808 committed"
2025-12-01T05:17:30Z svc=ingest level=INFO msg="retry queue depth=3193"
2025-12-01T05:17:37Z svc=ingest level=INFO msg="retry queue depth=2817"
2025-12-01T05:17:44Z svc=search level=INFO msg="webhook delivery attempt 1636 succeeded"
2025-12-01T05:17:59Z svc=search level=INFO msg="webhook delivery attempt 5631 succeeded"
2025-12-01T05:18:02Z svc=api level=INFO msg="cache eviction pass removed 8685 entries"
2025-12-01T05:18:16Z svc=billing level=INFO msg="compaction finished, 3479 segments merged"
2025-12-01T05:18:24Z svc=scheduler level=INFO msg="token refresh completed in 2559ms"
2025-12-01T05:18:28Z svc=authz level=INFO msg="compaction finished, 3627 segments merged"
2025-12-01T05:18:36Z svc=search level=INFO msg="retry queue depth=2923"
2025-12-01T05:18:40Z svc=search level=INFO msg="healthcheck ok rtt=4667ms"
2025-12-01T05:18:52Z svc=billing level=INFO msg="compaction finished, 3473 segments merged"
2025-12-01T05:18:55Z svc=ingest level=INFO msg="compaction finished, 9176 segments merged"
2025-12-01T05:19:08Z svc=ingest level=INFO msg="cache eviction pass removed 5100 entries"
2025-12-01T05:19:14Z svc=api level=INFO msg="cache eviction pass removed 7916 entries"
2025-12-01T05:19:25Z svc=search level=INFO msg="token refresh completed in 231ms"
2025-12-01T05:19:37Z svc=authz level=INFO msg="healthcheck ok rtt=608ms"
2025-12-01T05:19:50Z svc=ingest level=INFO msg="healthcheck ok rtt=2322ms"
2025-12-01T05:20:05Z svc=authz level=INFO msg="cache eviction pass removed 5825 entries"
2025-12-01T05:20:17Z svc=api level=INFO msg="retry queue depth=3500"
2025-12-01T05:20:23Z svc=billing level=INFO msg="webhook delivery attempt 3202 succeeded"
2025-12-01T05:20:39Z svc=scheduler level=INFO msg="webhook delivery attempt 3460 succeeded"
2025-12-01T05:20:53Z svc=authz level=INFO msg="token refresh completed in 9109ms"
2025-12-01T05:21:00Z svc=authz level=INFO msg="token refresh completed in 7093ms"
2025-12-01T05:21:15Z svc=search level=INFO msg="webhook delivery attempt 6993 succeeded"
2025-12-01T05:21:18Z svc=search level=INFO msg="retry queue depth=1453"
2025-12-01T05:21:24Z svc=scheduler level=INFO msg="cache eviction pass removed 4407 entries"
2025-12-01T05:21:40Z svc=billing level=INFO msg="token refresh completed in 3253ms"
2025-12-01T05:21:56Z svc=authz level=INFO msg="token refresh completed in 4253ms"
2025-12-01T05:22:11Z svc=search level=INFO msg="batch 1758 committed"
2025-12-01T05:22:17Z svc=authz level=INFO msg="webhook delivery attempt 885 succeeded"
2025-12-01T05:22:27Z svc=scheduler level=INFO msg="cache eviction pass removed 6504 entries"
2025-12-01T05:22:40Z svc=ingest level=INFO msg="batch 7215 committed"
2025-12-01T05:22:53Z svc=ingest level=INFO msg="token refresh completed in 7766ms"
2025-12-01T05:23:07Z svc=billing level=INFO msg="token refresh completed in 6631ms"
2025-12-01T05:23:10Z svc=scheduler level=INFO msg="retry queue depth=8965"
2025-12-01T05:23:18Z svc=scheduler level=INFO msg="webhook delivery attempt 6706 succeeded"
2025-12-01T05:23:22Z svc=ingest level=INFO msg="token refresh completed in 8818ms"
2025-12-01T05:23:29Z svc=authz level=INFO msg="batch 2848 committed"
2025-12-01T05:23:46Z svc=billing level=INFO msg="webhook delivery attempt 639 succeeded"
2025-12-01T05:23:51Z svc=search level=INFO msg="batch 354 committed"
2025-12-01T05:24:07Z svc=search level=INFO msg="healthcheck ok rtt=6610ms"
2025-12-01T05:24:11Z svc=scheduler level=INFO msg="token refresh completed in 427ms"
2025-12-01T05:24:23Z svc=api level=INFO msg="retry queue depth=8034"
2025-12-01T05:24:30Z svc=api level=INFO msg="batch 9123 committed"
2025-12-01T05:24:36Z svc=search level=INFO msg="token refresh completed in 3228ms"
2025-12-01T05:24:53Z svc=scheduler level=INFO msg="retry queue depth=6456"
2025-12-01T05:24:57Z svc=authz level=INFO msg="cache eviction pass removed 6788 entries"
2025-12-01T05:25:06Z svc=api level=INFO msg="token refresh completed in 4614ms"
2025-12-01T05:25:18Z svc=scheduler level=INFO msg="batch 8505 committed"
2025-12-01T05:25:23Z svc=authz level=INFO msg="compaction finished, 3332 segments merged"
2025-12-01T05:25:28Z svc=api level=INFO msg="token refresh completed in 1375ms"
2025-12-01T05:25:42Z svc=search level=INFO msg="compaction finished, 8428 segments merged"
2025-12-01T05:25:56Z svc=search level=INFO msg="webhook delivery attempt 682 succeeded"
2025-12-01T05:26:11Z svc=authz level=INFO msg="webhook delivery attempt 7605 succeeded"
2025-12-01T05:26:23Z svc=ingest level=INFO msg="cache eviction pass removed 8087 entries"
2025-12-01T05:26:34Z svc=ingest level=INFO msg="retry queue depth=8996"
2025-12-01T05:26:50Z svc=billing level=INFO msg="cache eviction pass removed 7160 entries"
2025-12-01T05:26:57Z svc=api level=INFO msg="healthcheck ok rtt=3204ms"
2025-12-01T05:27:07Z svc=ingest level=INFO msg="batch 908 committed"
2025-12-01T05:27:14Z svc=ingest level=INFO msg="healthcheck ok rtt=243ms"
2025-12-01T05:27:25Z svc=api level=INFO msg="retry queue depth=5414"
2025-12-01T05:27:31Z svc=ingest level=INFO msg="token refresh completed in 2859ms"
2025-12-01T05:27:43Z svc=scheduler level=INFO msg="token refresh completed in 9461ms"
2025-12-01T05:27:59Z svc=ingest level=INFO msg="batch 3827 committed"
2025-12-01T05:28:09Z svc=search level=INFO msg="batch 4372 committed"
2025-12-01T05:28:19Z svc=billing level=INFO msg="token refresh completed in 337ms"
2025-12-01T05:28:34Z svc=billing level=INFO msg="batch 5272 committed"
2025-12-01T05:28:43Z svc=scheduler level=INFO msg="retry queue depth=8907"
2025-12-01T05:28:54Z svc=scheduler level=INFO msg="webhook delivery attempt 346 succeeded"
2025-12-01T05:29:10Z svc=billing level=INFO msg="healthcheck ok rtt=3235ms"
2025-12-01T05:29:18Z svc=api level=INFO msg="batch 7127 committed"
2025-12-01T05:29:32Z svc=ingest level=INFO msg="cache eviction pass removed 6677 entries"
2025-12-01T05:29:38Z svc=scheduler level=INFO msg="token refresh completed in 493ms"
2025-12-01T05:29:45Z svc=scheduler level=INFO msg="retry queue depth=6976"
2025-12-01T05:29:51Z svc=search level=INFO msg="cache eviction pass removed 4431 entries"
2025-12-01T05:29:59Z svc=authz level=INFO msg="token refresh completed in 8233ms"
2025-12-01T05:30:13Z svc=api level=INFO msg="webhook delivery attempt 8568 succeeded"
2025-12-01T05:30:21Z svc=authz level=INFO msg="token refresh completed in 7048ms"
2025-12-01T05:30:37Z svc=billing level=INFO msg="token refresh completed in 760ms"
2025-12-01T05:30:43Z svc=search level=INFO msg="webhook delivery attempt 9292 succeeded"
2025-12-01T05:30:50Z svc=scheduler level=INFO msg="token refresh completed in 7714ms"
2025-12-01T05:31:06Z svc=authz level=INFO msg="compaction finished, 6887 segments merged"
2025-12-01T05:31:15Z svc=api level=INFO msg="token refresh completed in 9340ms"
2025-12-01T05:31:32Z svc=authz level=INFO msg="compaction finished, 3312 segments merged"
2025-12-01T05:31:47Z svc=scheduler level=INFO msg="webhook delivery attempt 3345 succeeded"
2025-12-01T05:31:52Z svc=scheduler level=INFO msg="retry queue depth=1532"
2025-12-01T05:32:07Z svc=ingest level=INFO msg="cache eviction pass removed 1397 entries"
2025-12-01T05:32:16Z svc=api level=INFO msg="healthcheck ok rtt=5290ms"
2025-12-01T05:32:22Z svc=api level=INFO msg="batch 6357 committed"
2025-12-01T05:32:30Z svc=billing level=INFO msg="webhook delivery attempt 8391 succeeded"
2025-12-01T05:32:41Z svc=scheduler level=INFO msg="cache eviction pass removed 3889 entries"
2025-12-01T05:32:52Z svc=billing level=INFO msg="webhook delivery attempt 8541 succeeded"
2025-12-01T05:33:02Z svc=api level=INFO msg="cache eviction pass removed 4463 entries"
2025-12-01T05:33:17Z svc=authz level=INFO msg="token refresh completed in 1905ms"
2025-12-01T05:33:25Z svc=authz level=INFO msg="cache eviction pass removed 2341 entries"
2025-12-01T05:33:38Z svc=ingest level=INFO msg="batch 2577 committed"
2025-12-01T05:33:47Z svc=search level=INFO msg="healthcheck ok rtt=5241ms"
2025-12-01T05:34:00Z svc=billing level=INFO msg="compaction finished, 6294 segments merged"
2025-12-01T05:34:13Z svc=billing level=INFO msg="retry queue depth=7661"
2025-12-01T05:34:22Z svc=api level=INFO msg="retry queue depth=8745"
2025-12-01T05:34:26Z svc=api level=INFO msg="retry queue depth=2643"
2025-12-01T05:34:29Z svc=authz level=INFO msg="compaction finished, 5705 segments merged"
2025-12-01T05:34:42Z svc=billing level=INFO msg="compaction finished, 558 segments merged"
2025-12-01T05:34:57Z svc=api level=INFO msg="compaction finished, 8984 segments merged"
2025-12-01T05:35:10Z svc=authz level=INFO msg="healthcheck ok rtt=5235ms"
2025-12-01T05:35:20Z svc=api level=INFO msg="batch 1588 committed"
2025-12-01T05:35:37Z svc=billing level=INFO msg="cache eviction pass removed 3368 entries"
2025-12-01T05:35:49Z svc=ingest level=INFO msg="retry queue depth=4644"
2025-12-01T05:35:59Z svc=api level=INFO msg="retry queue depth=7368"
2025-12-01T05:36:07Z svc=search level=INFO msg="webhook delivery attempt 5047 succeeded"
2025-12-01T05:36:17Z svc=authz level=INFO msg="token refresh completed in 3179ms"
2025-12-01T05:36:31Z svc=ingest level=INFO msg="token refresh completed in 1037ms"
2025-12-01T05:36:39Z svc=scheduler level=INFO msg="retry queue depth=4870"
2025-12-01T05:36:54Z svc=scheduler level=INFO msg="cache eviction pass removed 8820 entries"
2025-12-01T05:37:03Z svc=scheduler level=INFO msg="cache eviction pass removed 3390 entries"
2025-12-01T05:37:14Z svc=ingest level=INFO msg="webhook delivery attempt 29 succeeded"
2025-12-01T05:37:24Z svc=billing level=INFO msg="webhook delivery attempt 3967 succeeded"
2025-12-01T05:37:30Z svc=search level=INFO msg="healthcheck ok rtt=3269ms"
2025-12-01T05:37:46Z svc=scheduler level=INFO msg="webhook delivery attempt 3160 succeeded"
2025-12-01T05:37:49Z svc=api level=INFO msg="batch 9180 committed"
2025-12-01T05:38:03Z svc=search level=INFO msg="token refresh completed in 893ms"
2025-12-01T05:38:09Z svc=scheduler level=INFO msg="batch 4125 committed"
2025-12-01T05:38:21Z svc=api level=INFO msg="compaction finished, 4349 segments merged"
2025-12-01T05:38:34Z svc=scheduler level=INFO msg="webhook delivery attempt 866 succeeded"
2025-12-01T05:38:43Z svc=api level=INFO msg="retry queue depth=6593"
2025-12-01T05:38:53Z svc=ingest level=INFO msg="healthcheck ok rtt=4522ms"
2025-12-01T05:39:08Z svc=ingest level=INFO msg="webhook delivery attempt 7277 succeeded"
2025-12-01T05:39:19Z svc=ingest level=INFO msg="webhook delivery attempt 2035 succeeded"
2025-12-01T05:39:33Z svc=billing level=INFO msg="token refresh completed in 3576ms"
2025-12-01T05:39:37Z svc=ingest level=INFO msg="token refresh completed in 5187ms"
2025-12-01T05:39:41Z svc=billing level=INFO msg="batch 6782 committed"
2025-12-01T05:39:46Z svc=scheduler level=INFO msg="healthcheck ok rtt=4539ms"
2025-12-01T05:40:03Z svc=search level=INFO msg="token refresh completed in 8826ms"
2025-12-01T05:40:20Z svc=search level=INFO msg="token refresh completed in 5643ms"
2025-12-01T05:40:23Z svc=search level=INFO msg="webhook delivery attempt 2518 succeeded"
2025-12-01T05:40:33Z svc=authz level=INFO msg="compaction finished, 4417 segments merged"
2025-12-01T05:40:41Z svc=api level=INFO msg="retry queue depth=4363"
2025-12-01T05:40:49Z svc=api level=INFO msg="cache eviction pass removed 1159 entries"
2025-12-01T05:41:05Z svc=billing level=INFO msg="healthcheck ok rtt=4988ms"
2025-12-01T05:41:09Z svc=billing level=INFO msg="compaction finished, 4161 segments merged"
2025-12-01T05:41:12Z svc=authz level=INFO msg="compaction finished, 7590 segments merged"
2025-12-01T05:41:16Z svc=search level=INFO msg="healthcheck ok rtt=4844ms"
2025-12-01T05:41:25Z svc=billing level=INFO msg="batch 3194 committed"
2025-12-01T05:41:32Z svc=authz level=INFO msg="cache eviction pass removed 2743 entries"
2025-12-01T05:41:41Z svc=search level=INFO msg="compaction finished, 7321 segments merged"
2025-12-01T05:41:58Z svc=search level=INFO msg="retry queue depth=5802"
2025-12-01T05:42:15Z svc=authz level=INFO msg="compaction finished, 8220 segments merged"
2025-12-01T05:42:22Z svc=scheduler level=INFO msg="batch 2612 committed"
2025-12-01T05:42:38Z svc=authz level=INFO msg="webhook delivery attempt 9479 succeeded"
2025-12-01T05:42:50Z svc=ingest level=INFO msg="webhook delivery attempt 368 succeeded"
2025-12-01T05:43:01Z svc=ingest level=INFO msg="healthcheck ok rtt=8318ms"
2025-12-01T05:43:06Z svc=search level=INFO msg="cache eviction pass removed 2610 entries"
2025-12-01T05:43:12Z svc=api level=INFO msg="token refresh completed in 1582ms"
2025-12-01T05:43:20Z svc=authz level=INFO msg="webhook delivery attempt 9132 succeeded"
2025-12-01T05:43:28Z svc=authz level=INFO msg="webhook delivery attempt 7843 succeeded"
2025-12-01T05:43:37Z svc=scheduler level=INFO msg="retry queue depth=2331"
2025-12-01T05:43:43Z svc=authz level=INFO msg="token refresh completed in 3949ms"
2025-12-01T05:43:58Z svc=search level=INFO msg="retry queue depth=5914"
2025-12-01T05:44:03Z svc=billing level=INFO msg="compaction finished, 6447 segments merged"
2025-12-01T05:44:14Z svc=ingest level=INFO msg="healthcheck ok rtt=9431ms"
2025-12-01T05:44:21Z svc=ingest level=INFO msg="compaction finished, 5565 segments merged"
2025-12-01T05:44:33Z svc=ingest level=INFO msg="cache eviction pass removed 1635 entries"
2025-12-01T05:44:45Z svc=billing level=INFO msg="cache eviction pass removed 5276 entries"
2025-12-01T05:44:50Z svc=search level=INFO msg="token refresh completed in 7891ms"
2025-12-01T05:45:07Z svc=scheduler level=INFO msg="cache eviction pass removed 3665 entries"
2025-12-01T05:45:23Z svc=authz level=INFO msg="token refresh completed in 5062ms"
2025-12-01T05:45:27Z svc=authz level=INFO msg="batch 4517 committed"
2025-12-01T05:45:35Z svc=api level=INFO msg="compaction finished, 3363 segments merged"
2025-12-01T05:45:47Z svc=api level=INFO msg="cache eviction pass removed 8739 entries"
2025-12-01T05:45:56Z svc=billing level=INFO msg="cache eviction pass removed 6475 entries"
2025-12-01T05:46:00Z svc=scheduler level=INFO msg="batch 6830 committed"
2025-12-01T05:46:12Z svc=billing level=INFO msg="token refresh completed in 686ms"
2025-12-01T05:46:24Z svc=scheduler level=INFO msg="compaction finished, 9455 segments merged"
2025-12-01T05:46:33Z svc=api level=INFO msg="retry queue depth=8698"
2025-12-01T05:46:50Z svc=ingest level=INFO msg="healthcheck ok rtt=2466ms"
2025-12-01T05:47:06Z svc=billing level=INFO msg="batch 7474 committed"
2025-12-01T05:47:23Z svc=ingest level=INFO msg="token refresh completed in 7959ms"
2025-12-01T05:47:31Z svc=authz level=INFO msg="healthcheck ok rtt=2513ms"
2025-12-01T05:47:42Z svc=search level=INFO msg="webhook delivery attempt 8542 succeeded"
2025-12-01T05:47:47Z svc=ingest level=INFO msg="token refresh completed in 7479ms"
2025-12-01T05:48:02Z svc=api level=INFO msg="retry queue depth=5576"
2025-12-01T05:48:18Z svc=api level=INFO msg="token refresh completed in 3139ms"
2025-12-01T05:48:29Z svc=ingest level=INFO msg="batch 4198 committed"
2025-12-01T05:48:33Z svc=scheduler level=INFO msg="token refresh completed in 2416ms"
2025-12-01T05:48:42Z svc=api level=INFO msg="healthcheck ok rtt=307ms"
2025-12-01T05:48:55Z svc=billing level=INFO msg="retry queue depth=5866"
2025-12-01T05:48:58Z svc=api level=INFO msg="retry queue depth=8936"
2025-12-01T05:49:11Z svc=scheduler level=INFO msg="webhook delivery attempt 18 succeeded"
2025-12-01T05:49:20Z svc=api level=INFO msg="token refresh completed in 4650ms"
2025-12-01T05:49:30Z svc=search level=INFO msg="compaction finished, 6405 segments merged"
2025-12-01T05:49:45Z svc=search level=INFO msg="batch 6664 committed"
2025-12-01T05:49:52Z svc=authz level=INFO msg="retry queue depth=6931"
2025-12-01T05:50:09Z svc=scheduler level=INFO msg="compaction finished, 2952 segments merged"
2025-12-01T05:50:24Z svc=billing level=INFO msg="token refresh completed in 5063ms"
2025-12-01T05:50:32Z svc=authz level=INFO msg="token refresh completed in 4620ms"
2025-12-01T05:50:44Z svc=authz level=INFO msg="cache eviction pass removed 8195 entries"
2025-12-01T05:50:52Z svc=api level=INFO msg="webhook delivery attempt 3887 succeeded"
2025-12-01T05:51:06Z svc=api level=INFO msg="webhook delivery attempt 2587 succeeded"
2025-12-01T05:51:21Z svc=api level=INFO msg="compaction finished, 5457 segments merged"
2025-12-01T05:51:32Z svc=ingest level=INFO msg="healthcheck ok rtt=5002ms"
2025-12-01T05:51:44Z svc=authz level=INFO msg="retry queue depth=4079"
2025-12-01T05:51:53Z svc=billing level=INFO msg="token refresh completed in 8195ms"
2025-12-01T05:52:07Z svc=ingest level=INFO msg="compaction finished, 1373 segments merged"
2025-12-01T05:52:14Z svc=api level=INFO msg="webhook delivery attempt 6392 succeeded"
2025-12-01T05:52:22Z svc=billing level=INFO msg="healthcheck ok rtt=7286ms"
2025-12-01T05:52:38Z svc=api level=INFO msg="compaction finished, 4549 segments merged"
2025-12-01T05:52:48Z svc=billing level=INFO msg="batch 6402 committed"
2025-12-01T05:53:04Z svc=authz level=INFO msg="token refresh completed in 9012ms"
2025-12-01T05:53:14Z svc=scheduler level=INFO msg="retry queue depth=6793"
2025-12-01T05:53:22Z svc=billing level=INFO msg="compaction finished, 4631 segments merged"
2025-12-01T05:53:29Z svc=ingest level=INFO msg="healthcheck ok rtt=222ms"
2025-12-01T05:53:34Z svc=scheduler level=INFO msg="compaction finished, 2185 segments merged"
2025-12-01T05:53:51Z svc=billing level=INFO msg="webhook delivery attempt 1513 succeeded"
2025-12-01T05:54:07Z svc=search level=INFO msg="compaction finished, 2420 segments merged"
2025-12-01T05:54:23Z svc=search level=INFO msg="cache eviction pass removed 9382 entries"
2025-12-01T05:54:39Z svc=billing level=INFO msg="webhook delivery attempt 1203 succeeded"
2025-12-01T05:54:56Z svc=billing level=INFO msg="token refresh completed in 3220ms"
2025-12-01T05:55:09Z svc=search level=INFO msg="cache eviction pass removed 150 entries"
2025-12-01T05:55:24Z svc=authz level=INFO msg="healthcheck ok rtt=4654ms"
2025-12-01T05:55:39Z svc=authz level=INFO msg="healthcheck ok rtt=4053ms"
2025-12-01T05:55:42Z svc=ingest level=INFO msg="healthcheck ok rtt=4577ms"
2025-12-01T05:55:57Z svc=scheduler level=INFO msg="compaction finished, 97 segments merged"
2025-12-01T05:56:01Z svc=scheduler level=INFO msg="compaction finished, 8594 segments merged"
2025-12-01T05:56:13Z svc=api level=INFO msg="healthcheck ok rtt=6857ms"
2025-12-01T05:56:22Z svc=scheduler level=INFO msg="compaction finished, 7352 segments merged"
2025-12-01T05:56:33Z svc=billing level=INFO msg="token refresh completed in 3089ms"
2025-12-01T05:56:38Z svc=scheduler level=INFO msg="compaction finished, 3678 segments merged"
2025-12-01T05:56:54Z svc=scheduler level=INFO msg="cache eviction pass removed 9345 entries"
2025-12-01T05:56:59Z svc=ingest level=INFO msg="token refresh completed in 3519ms"
2025-12-01T05:57:07Z svc=api level=INFO msg="retry queue depth=688"
2025-12-01T05:57:14Z svc=ingest level=INFO msg="compaction finished, 5857 segments merged"
2025-12-01T05:57:28Z svc=ingest level=INFO msg="token refresh completed in 3918ms"
2025-12-01T05:57:41Z svc=api level=INFO msg="batch 4423 committed"
2025-12-01T05:57:53Z svc=ingest level=INFO msg="webhook delivery attempt 242 succeeded"
2025-12-01T05:58:00Z svc=search level=INFO msg="healthcheck ok rtt=1168ms"
2025-12-01T05:58:07Z svc=scheduler level=INFO msg="token refresh completed in 6654ms"
2025-12-01T05:58:23Z svc=billing level=INFO msg="cache eviction pass removed 5490 entries"
2025-12-01T05:58:38Z svc=search level=INFO msg="webhook delivery attempt 6199 succeeded"
2025-12-01T05:58:44Z svc=scheduler level=INFO msg="cache eviction pass removed 1527 entries"
2025-12-01T05:58:47Z svc=scheduler level=INFO msg="retry queue depth=2309"
2025-12-01T05:58:53Z svc=ingest level=INFO msg="healthcheck ok rtt=6651ms"
2025-12-01T05:59:07Z svc=ingest level=INFO msg="token refresh completed in 3332ms"
2025-12-01T05:59:22Z svc=ingest level=INFO msg="retry queue depth=6087"
2025-12-01T05:59:33Z svc=scheduler level=INFO msg="compaction finished, 3301 segments merged"
2025-12-01T05:59:48Z svc=billing level=INFO msg="batch 2520 committed"
2025-12-01T05:59:57Z svc=ingest level=INFO msg="batch 9033 committed"
2025-12-01T06:00:08Z svc=search level=INFO msg="webhook delivery attempt 2872 succeeded"
2025-12-01T06:00:20Z svc=scheduler level=INFO msg="token refresh completed in 5266ms"
2025-12-01T06:00:24Z svc=billing level=INFO msg="webhook delivery attempt 3754 succeeded"
2025-12-01T06:00:37Z svc=authz level=INFO msg="token refresh completed in 3033ms"
2025-12-01T06:00:48Z svc=authz level=INFO msg="compaction finished, 5185 segments merged"
2025-12-01T06:00:55Z svc=authz level=INFO msg="retry queue depth=6110"
2025-12-01T06:01:09Z svc=billing level=INFO msg="retry queue depth=2463"
2025-12-01T06:01:18Z svc=search level=INFO msg="cache eviction pass removed 9377 entries"
2025-12-01T06:01:24Z svc=billing level=INFO msg="token refresh completed in 2829ms"
2025-12-01T06:01:37Z svc=api level=INFO msg="token refresh completed in 8029ms"
2025-12-01T06:01:53Z svc=search level=INFO msg="batch 1733 committed"
2025-12-01T06:02:10Z svc=authz level=INFO msg="retry queue depth=9452"
2025-12-01T06:02:20Z svc=ingest level=INFO msg="healthcheck ok rtt=4661ms"
2025-12-01T06:02:36Z svc=authz level=INFO msg="healthcheck ok rtt=2498ms"
2025-12-01T06:02:45Z svc=scheduler level=INFO msg="batch 4176 committed"
2025-12-01T06:03:00Z svc=ingest level=INFO msg="token refresh completed in 9079ms"
2025-12-01T06:03:07Z svc=scheduler level=INFO msg="healthcheck ok rtt=4948ms"
2025-12-01T06:03:18Z svc=scheduler level=INFO msg="cache eviction pass removed 4751 entries"
2025-12-01T06:03:33Z svc=scheduler level=INFO msg="batch 3132 committed"
2025-12-01T06:03:49Z svc=search level=INFO msg="compaction finished, 4187 segments merged"
2025-12-01T06:03:54Z svc=ingest level=INFO msg="batch 8869 committed"
2025-12-01T06:04:01Z svc=scheduler level=INFO msg="healthcheck ok rtt=2087ms"
2025-12-01T06:04:13Z svc=api level=INFO msg="token refresh completed in 8196ms"
2025-12-01T06:04:25Z svc=search level=INFO msg="batch 9154 committed"
2025-12-01T06:04:34Z svc=billing level=INFO msg="token refresh completed in 5919ms"
2025-12-01T06:04:44Z svc=billing level=INFO msg="compaction finished, 2050 segments merged"
2025-12-01T06:04:54Z svc=billing level=INFO msg="retry queue depth=3654"
2025-12-01T06:05:10Z svc=ingest level=INFO msg="healthcheck ok rtt=6492ms"
2025-12-01T06:05:13Z svc=ingest level=INFO msg="token refresh completed in 1356ms"
2025-12-01T06:05:16Z svc=ingest level=INFO msg="cache eviction pass removed 6604 entries"
2025-12-01T06:05:31Z svc=scheduler level=INFO msg="webhook delivery attempt 1351 succeeded"
2025-12-01T06:05:44Z svc=ingest level=INFO msg="compaction finished, 4172 segments merged"
2025-12-01T06:05:49Z svc=billing level=INFO msg="cache eviction pass removed 3031 entries"
2025-12-01T06:05:54Z svc=ingest level=INFO msg="batch 1575 committed"
2025-12-01T06:06:05Z svc=scheduler level=INFO msg="retry queue depth=5570"
2025-12-01T06:06:10Z svc=scheduler level=INFO msg="retry queue depth=4669"
2025-12-01T06:06:18Z svc=billing level=INFO msg="compaction finished, 6368 segments merged"
2025-12-01T06:06:34Z svc=scheduler level=INFO msg="webhook delivery attempt 2133 succeeded"
2025-12-01T06:06:48Z svc=billing level=INFO msg="webhook delivery attempt 2445 succeeded"
2025-12-01T06:07:03Z svc=ingest level=INFO msg="batch 96 committed"
2025-12-01T06:07:13Z svc=scheduler level=INFO msg="retry queue depth=8685"
2025-12-01T06:07:27Z svc=ingest level=INFO msg="token refresh completed in 7182ms"
2025-12-01T06:07:37Z svc=authz level=INFO msg="webhook delivery attempt 4630 succeeded"
2025-12-01T06:07:52Z svc=ingest level=INFO msg="batch 2824 committed"
2025-12-01T06:08:06Z svc=ingest level=INFO msg="token refresh completed in 8417ms"
2025-12-01T06:08:20Z svc=billing level=INFO msg="healthcheck ok rtt=8412ms"
2025-12-01T06:08:28Z svc=search level=INFO msg="token refresh completed in 8600ms"
2025-12-01T06:08:37Z svc=scheduler level=INFO msg="webhook delivery attempt 3519 succeeded"
2025-12-01T06:08:45Z svc=authz level=INFO msg="compaction finished, 1379 segments merged"
2025-12-01T06:08:49Z svc=search level=INFO msg="healthcheck ok rtt=7140ms"
2025-12-01T06:09:02Z svc=search level=INFO msg="cache eviction pass removed 3851 entries"
2025-12-01T06:09:18Z svc=search level=INFO msg="webhook delivery attempt 2919 succeeded"
2025-12-01T06:09:34Z svc=search level=INFO msg="webhook delivery attempt 3203 succeeded"
2025-12-01T06:09:40Z svc=billing level=INFO msg="healthcheck ok rtt=2141ms"
2025-12-01T06:09:47Z svc=billing level=INFO msg="batch 7196 committed"
2025-12-01T06:09:50Z svc=api level=INFO msg="cache eviction pass removed 5992 entries"
2025-12-01T06:10:05Z svc=scheduler level=INFO msg="compaction finished, 1285 segments merged"
2025-12-01T06:10:09Z svc=scheduler level=INFO msg="batch 1532 committed"
2025-12-01T06:10:22Z svc=billing level=INFO msg="compaction finished, 1564 segments merged"
2025-12-01T06:10:38Z svc=search level=INFO msg="compaction finished, 5816 segments merged"
2025-12-01T06:10:45Z svc=ingest level=INFO msg="batch 1440 committed"
2025-12-01T06:10:49Z svc=ingest level=INFO msg="healthcheck ok rtt=1992ms"
2025-12-01T06:10:55Z svc=search level=INFO msg="webhook delivery attempt 3590 succeeded"
2025-12-01T06:10:58Z svc=api level=INFO msg="cache eviction pass removed 7700 entries"
2025-12-01T06:11:07Z svc=billing level=INFO msg="batch 2826 committed"
2025-12-01T06:11:13Z svc=search level=INFO msg="retry queue depth=4733"
2025-12-01T06:11:27Z svc=api level=INFO msg="batch 5006 committed"
2025-12-01T06:11:32Z svc=scheduler level=INFO msg="cache eviction pass removed 6217 entries"
2025-12-01T06:11:47Z svc=api level=INFO msg="token refresh completed in 4706ms"
2025-12-01T06:11:56Z svc=authz level=INFO msg="batch 8761 committed"
2025-12-01T06:12:03Z svc=search level=INFO msg="healthcheck ok rtt=1348ms"
2025-12-01T06:12:17Z svc=api level=INFO msg="token refresh completed in 2894ms"
2025-12-01T06:12:32Z svc=ingest level=INFO msg="compaction finished, 632 segments merged"
2025-12-01T06:12:39Z svc=authz level=INFO msg="cache eviction pass removed 4318 entries"
2025-12-01T06:12:52Z svc=api level=INFO msg="token refresh completed in 6786ms"
2025-12-01T06:13:01Z svc=api level=INFO msg="compaction finished, 7734 segments merged"
2025-12-01T06:13:06Z svc=search level=INFO msg="webhook delivery attempt 3279 succeeded"
2025-12-01T06:13:18Z svc=search level=INFO msg="healthcheck ok rtt=5704ms"
2025-12-01T06:13:31Z svc=api level=INFO msg="healthcheck ok rtt=5973ms"
2025-12-01T06:13:45Z svc=ingest level=INFO msg="webhook delivery attempt 5872 succeeded"
2025-12-01T06:14:00Z svc=ingest level=INFO msg="compaction finished, 3397 segments merged"
2025-12-01T06:14:06Z svc=search level=INFO msg="cache eviction pass removed 5888 entries"
2025-12-01T06:14:21Z svc=billing level=INFO msg="compaction finished, 7788 segments merged"
2025-12-01T06:14:33Z svc=search level=INFO msg="cache eviction pass removed 8625 entries"
2025-12-01T06:14:49Z svc=scheduler level=INFO msg="retry queue depth=9427"
2025-12-01T06:14:52Z svc=api level=INFO msg="webhook delivery attempt 5914 succeeded"
2025-12-01T06:14:59Z svc=search level=INFO msg="token refresh completed in 6460ms"
2025-12-01T06:15:06Z svc=ingest level=INFO msg="compaction finished, 2359 segments merged"
2025-12-01T06:15:14Z svc=scheduler level=INFO msg="retry queue depth=7524"
2025-12-01T06:15:25Z svc=billing level=INFO msg="cache eviction pass removed 2540 entries"
2025-12-01T06:15:42Z svc=scheduler level=INFO msg="healthcheck ok rtt=9240ms"
2025-12-01T06:15:50Z svc=authz level=INFO msg="healthcheck ok rtt=4941ms"
2025-12-01T06:16:06Z svc=api level=INFO msg="compaction finished, 4568 segments merged"
2025-12-01T06:16:21Z svc=api level=INFO msg="batch 5380 committed"
2025-12-01T06:16:27Z svc=billing level=INFO msg="healthcheck ok rtt=8114ms"
2025-12-01T06:16:36Z svc=billing level=INFO msg="retry queue depth=7038"
2025-12-01T06:16:50Z svc=search level=INFO msg="compaction finished, 7605 segments merged"
2025-12-01T06:17:07Z svc=search level=INFO msg="retry queue depth=6062"
2025-12-01T06:17:22Z svc=search level=INFO msg="token refresh completed in 5476ms"
2025-12-01T06:17:28Z svc=authz level=INFO msg="token refresh completed in 1790ms"
2025-12-01T06:17:33Z svc=api level=INFO msg="compaction finished, 1808 segments merged"
2025-12-01T06:17:42Z svc=ingest level=INFO msg="webhook delivery attempt 6898 succeeded"
2025-12-01T06:17:51Z svc=scheduler level=INFO msg="healthcheck ok rtt=5836ms"
2025-12-01T06:18:02Z svc=scheduler level=INFO msg="webhook delivery attempt 8691 succeeded"
2025-12-01T06:18:17Z svc=billing level=INFO msg="compaction finished, 8636 segments merged"
2025-12-01T06:18:21Z svc=authz level=INFO msg="token refresh completed in 4159ms"
2025-12-01T06:18:32Z svc=ingest level=INFO msg="healthcheck ok rtt=104ms"
2025-12-01T06:18:44Z svc=api level=INFO msg="cache eviction pass removed 1300 entries"
2025-12-01T06:18:57Z svc=billing level=INFO msg="cache eviction pass removed 6611 entries"
2025-12-01T06:19:00Z svc=search level=INFO msg="retry queue depth=5545"
2025-12-01T06:19:14Z svc=ingest level=INFO msg="webhook delivery attempt 8119 succeeded"
2025-12-01T06:19:21Z svc=scheduler level=INFO msg="retry queue depth=6169"
2025-12-01T06:19:26Z svc=authz level=INFO msg="batch 6512 committed"
2025-12-01T06:19:43Z svc=scheduler level=INFO msg="cache eviction pass removed 5571 entries"
2025-12-01T06:19:53Z svc=scheduler level=INFO msg="compaction finished, 8344 segments merged"
2025-12-01T06:19:58Z svc=ingest level=INFO msg="webhook delivery attempt 7046 succeeded"
2025-12-01T06:20:15Z svc=authz level=INFO msg="retry queue depth=740"
2025-12-01T06:20:19Z svc=billing level=INFO msg="webhook delivery attempt 646 succeeded"
2025-12-01T06:20:32Z svc=scheduler level=INFO msg="healthcheck ok rtt=9275ms"
2025-12-01T06:20:39Z svc=api level=INFO msg="batch 7590 committed"
2025-12-01T06:20:44Z svc=scheduler level=INFO msg="token refresh completed in 5047ms"
2025-12-01T06:20:55Z svc=ingest level=INFO msg="cache eviction pass removed 2622 entries"
2025-12-01T06:21:01Z svc=scheduler level=INFO msg="batch 9157 committed"
2025-12-01T06:21:18Z svc=ingest level=INFO msg="healthcheck ok rtt=7667ms"
2025-12-01T06:21:28Z svc=scheduler level=INFO msg="webhook delivery attempt 2702 succeeded"
2025-12-01T06:21:33Z svc=search level=INFO msg="compaction finished, 8242 segments merged"
2025-12-01T06:21:46Z svc=api level=INFO msg="cache eviction pass removed 1754 entries"
2025-12-01T06:21:51Z svc=authz level=INFO msg="token refresh completed in 1852ms"
2025-12-01T06:21:56Z svc=authz level=INFO msg="batch 5829 committed"
2025-12-01T06:22:02Z svc=api level=INFO msg="healthcheck ok rtt=2025ms"
2025-12-01T06:22:06Z svc=search level=INFO msg="healthcheck ok rtt=841ms"
2025-12-01T06:22:23Z svc=ingest level=INFO msg="healthcheck ok rtt=1007ms"
2025-12-01T06:22:35Z svc=scheduler level=INFO msg="token refresh completed in 5537ms"
2025-12-01T06:22:44Z svc=api level=INFO msg="webhook delivery attempt 4696 succeeded"
2025-12-01T06:22:58Z svc=billing level=INFO msg="healthcheck ok rtt=7591ms"
2025-12-01T06:23:02Z svc=authz level=INFO msg="webhook delivery attempt 1959 succeeded"
2025-12-01T06:23:06Z svc=ingest level=INFO msg="token refresh completed in 1629ms"
2025-12-01T06:23:20Z svc=billing level=INFO msg="cache eviction pass removed 8628 entries"
2025-12-01T06:23:29Z svc=ingest level=INFO msg="healthcheck ok rtt=2018ms"
2025-12-01T06:23:34Z svc=api level=INFO msg="token refresh completed in 8321ms"
2025-12-01T06:23:43Z svc=scheduler level=INFO msg="batch 4050 committed"
2025-12-01T06:23:53Z svc=ingest level=INFO msg="compaction finished, 7412 segments merged"
2025-12-01T06:24:06Z svc=search level=INFO msg="compaction finished, 6054 segments merged"
2025-12-01T06:24:13Z svc=api level=INFO msg="compaction finished, 1942 segments merged"
2025-12-01T06:24:30Z svc=ingest level=INFO msg="healthcheck ok rtt=8941ms"
2025-12-01T06:24:43Z svc=api level=INFO msg="healthcheck ok rtt=6327ms"
2025-12-01T06:24:50Z svc=search level=INFO msg="token refresh completed in 474ms"
2025-12-01T06:24:58Z svc=billing level=INFO msg="retry queue depth=7970"
2025-12-01T06:25:07Z svc=ingest level=INFO msg="retry queue depth=7263"
2025-12-01T06:25:20Z svc=billing level=INFO msg="compaction finished, 6874 segments merged"
2025-12-01T06:25:37Z svc=ingest level=INFO msg="token refresh completed in 652ms"
2025-12-01T06:25:42Z svc=scheduler level=INFO msg="batch 3034 committed"
2025-12-01T06:25:54Z svc=billing level=INFO msg="webhook delivery attempt 5972 succeeded"
2025-12-01T06:26:04Z svc=search level=INFO msg="cache eviction pass removed 2631 entries"
2025-12-01T06:26:12Z svc=authz level=INFO msg="compaction finished, 4485 segments merged"
2025-12-01T06:26:19Z svc=api level=INFO msg="healthcheck ok rtt=8837ms"
2025-12-01T06:26:23Z svc=billing level=INFO msg="token refresh completed in 7900ms"
2025-12-01T06:26:38Z svc=ingest level=INFO msg="compaction finished, 687 segments merged"
2025-12-01T06:26:42Z svc=api level=INFO msg="healthcheck ok rtt=4449ms"
2025-12-01T06:26:47Z svc=search level=INFO msg="healthcheck ok rtt=3626ms"
2025-12-01T06:26:58Z svc=ingest level=INFO msg="batch 8911 committed"
2025-12-01T06:27:08Z svc=authz level=INFO msg="healthcheck ok rtt=4787ms"
2025-12-01T06:27:19Z svc=billing level=INFO msg="token refresh completed in 5497ms"
2025-12-01T06:27:36Z svc=search level=INFO msg="retry queue depth=5748"
2025-12-01T06:27:42Z svc=scheduler level=INFO msg="compaction finished, 1214 segments merged"
2025-12-01T06:27:47Z svc=search level=INFO msg="compaction finished, 4792 segments merged"
2025-12-01T06:27:51Z svc=billing level=INFO msg="webhook delivery attempt 6392 succeeded"
2025-12-01T06:28:01Z svc=scheduler level=INFO msg="compaction finished, 8888 segments merged"
2025-12-01T06:28:12Z svc=authz level=INFO msg="retry queue depth=2751"
2025-12-01T06:28:21Z svc=billing level=INFO msg="retry queue depth=7681"
2025-12-01T06:28:32Z svc=billing level=INFO msg="retry queue depth=4088"
2025-12-01T06:28:37Z svc=scheduler level=INFO msg="compaction finished, 7318 segments merged"
2025-12-01T06:28:41Z svc=ingest level=INFO msg="compaction finished, 2069 segments merged"
2025-12-01T06:28:58Z svc=authz level=INFO msg="batch 292 committed"
2025-12-01T06:29:12Z svc=authz level=INFO msg="batch 6290 committed"
2025-12-01T06:29:22Z svc=authz level=INFO msg="healthcheck ok rtt=3142ms"
2025-12-01T06:29:31Z svc=ingest level=INFO msg="compaction finished, 6254 segments merged"
2025-12-01T06:29:38Z svc=search level=INFO msg="compaction finished, 2650 segments merged"
2025-12-01T06:29:54Z svc=authz level=INFO msg="token refresh completed in 3456ms"
2025-12-01T06:30:11Z svc=authz level=INFO msg="healthcheck ok rtt=532ms"
2025-12-01T06:30:18Z svc=authz level=INFO msg="compaction finished, 7833 segments merged"
2025-12-01T06:30:24Z svc=authz level=INFO msg="cache eviction pass removed 1126 entries"
2025-12-01T06:30:36Z svc=api level=INFO msg="retry queue depth=7529"
2025-12-01T06:30:43Z svc=scheduler level=INFO msg="compaction finished, 6250 segments merged"
2025-12-01T06:30:49Z svc=scheduler level=INFO msg="healthcheck ok rtt=669ms"
2025-12-01T06:30:57Z svc=api level=INFO msg="cache eviction pass removed 8387 entries"
2025-12-01T06:31:14Z svc=api level=INFO msg="compaction finished, 5365 segments merged"
2025-12-01T06:31:30Z svc=ingest level=INFO msg="healthcheck ok rtt=6746ms"
2025-12-01T06:31:39Z svc=authz level=INFO msg="batch 9465 committed"
2025-12-01T06:31:53Z svc=billing level=INFO msg="token refresh completed in 6469ms"
2025-12-01T06:32:05Z svc=scheduler level=INFO msg="retry queue depth=7441"
2025-12-01T06:32:19Z svc=search level=INFO msg="cache eviction pass removed 861 entries"
2025-12-01T06:32:34Z svc=ingest level=INFO msg="compaction finished, 7898 segments merged"
2025-12-01T06:32:48Z svc=ingest level=INFO msg="compaction finished, 532 segments merged"
2025-12-01T06:32:54Z svc=ingest level=INFO msg="compaction finished, 4353 segments merged"
2025-12-01T06:32:57Z svc=search level=INFO msg="compaction finished, 6168 segments merged"
2025-12-01T06:33:09Z svc=api level=INFO msg="cache eviction pass removed 72 entries"
2025-12-01T06:33:21Z svc=search level=INFO msg="compaction finished, 7005 segments merged"
2025-12-01T06:33:33Z svc=ingest level=INFO msg="healthcheck ok rtt=6156ms"
2025-12-01T06:33:46Z svc=api level=INFO msg="webhook delivery attempt 7186 succeeded"
2025-12-01T06:33:57Z svc=billing level=INFO msg="batch 1102 committed"
2025-12-01T06:34:13Z svc=scheduler level=INFO msg="token refresh completed in 6256ms"
2025-12-01T06:34:27Z svc=search level=INFO msg="batch 8072 committed"
2025-12-01T06:34:36Z svc=billing level=INFO msg="cache eviction pass removed 2924 entries"
2025-12-01T06:34:43Z svc=search level=INFO msg="compaction finished, 5262 segments merged"
2025-12-01T06:34:52Z svc=authz level=INFO msg="retry queue depth=2615"
2025-12-01T06:35:08Z svc=billing level=INFO msg="retry queue depth=4839"
2025-12-01T06:35:18Z svc=ingest level=INFO msg="cache eviction pass removed 3790 entries"
2025-12-01T06:35:27Z svc=billing level=INFO msg="token refresh completed in 3346ms"
2025-12-01T06:35:34Z svc=api level=INFO msg="token refresh completed in 7911ms"
2025-12-01T06:35:40Z svc=authz level=INFO msg="token refresh completed in 7996ms"
2025-12-01T06:35:52Z svc=api level=INFO msg="webhook delivery attempt 7591 succeeded"
2025-12-01T06:36:07Z svc=api level=INFO msg="healthcheck ok rtt=2416ms"
2025-12-01T06:36:22Z svc=search level=INFO msg="token refresh completed in 5958ms"
2025-12-01T06:36:25Z svc=authz level=INFO msg="cache eviction pass removed 7992 entries"
2025-12-01T06:36:36Z svc=ingest level=INFO msg="batch 3478 committed"
2025-12-01T06:36:46Z svc=scheduler level=INFO msg="compaction finished, 8881 segments merged"
2025-12-01T06:36:58Z svc=billing level=INFO msg="token refresh completed in 813ms"
2025-12-01T06:37:12Z svc=ingest level=INFO msg="webhook delivery attempt 6384 succeeded"
2025-12-01T06:37:24Z svc=search level=INFO msg="token refresh completed in 6952ms"
2025-12-01T06:37:32Z svc=api level=INFO msg="token refresh completed in 1413ms"
2025-12-01T06:37:43Z svc=billing level=INFO msg="retry queue depth=7438"
2025-12-01T06:37:52Z svc=search level=INFO msg="webhook delivery attempt 214 succeeded"
2025-12-01T06:38:07Z svc=ingest level=INFO msg="cache eviction pass removed 3586 entries"
2025-12-01T06:38:15Z svc=search level=INFO msg="cache eviction pass removed 4868 entries"
2025-12-01T06:38:31Z svc=billing level=INFO msg="compaction finished, 2982 segments merged"
2025-12-01T06:38:37Z svc=ingest level=INFO msg="batch 3437 committed"
2025-12-01T06:38:51Z svc=search level=INFO msg="webhook delivery attempt 5326 succeeded"
2025-12-01T06:39:08Z svc=authz level=INFO msg="webhook delivery attempt 6474 succeeded"
2025-12-01T06:39:20Z svc=api level=INFO msg="batch 2156 committed"
2025-12-01T06:39:30Z svc=authz level=INFO msg="batch 7610 committed"
2025-12-01T06:39:44Z svc=ingest level=INFO msg="batch 576 committed"
2025-12-01T06:40:01Z svc=search level=INFO msg="retry queue depth=2807"
2025-12-01T06:40:08Z svc=ingest level=INFO msg="compaction finished, 5258 segments merged"
2025-12-01T06:40:24Z svc=ingest level=INFO msg="webhook delivery attempt 3986 succeeded"
2025-12-01T06:40:32Z svc=api level=INFO msg="batch 5979 committed"
2025-12-01T06:40:37Z svc=search level=INFO msg="webhook delivery attempt 9269 succeeded"
2025-12-01T06:40:50Z svc=search level=INFO msg="token refresh completed in 3914ms"
2025-12-01T06:40:56Z svc=authz level=INFO msg="retry queue depth=6230"
2025-12-01T06:41:09Z svc=search level=INFO msg="compaction finished, 6344 segments merged"
2025-12-01T06:41:25Z svc=ingest level=INFO msg="cache eviction pass removed 2950 entries"
2025-12-01T06:41:30Z svc=scheduler level=INFO msg="token refresh completed in 4142ms"
2025-12-01T06:41:35Z svc=scheduler level=INFO msg="webhook delivery attempt 7074 succeeded"
2025-12-01T06:41:50Z svc=api level=INFO msg="retry queue depth=7151"
2025-12-01T06:41:58Z svc=scheduler level=INFO msg="webhook delivery attempt 6791 succeeded"
2025-12-01T06:42:05Z svc=scheduler level=INFO msg="cache eviction pass removed 6073 entries"
2025-12-01T06:42:18Z svc=search level=INFO msg="healthcheck ok rtt=4503ms"
2025-12-01T06:42:23Z svc=ingest level=INFO msg="webhook delivery attempt 4404 succeeded"
2025-12-01T06:42:29Z svc=api level=INFO msg="retry queue depth=3138"
2025-12-01T06:42:33Z svc=ingest level=INFO msg="retry queue depth=1296"
2025-12-01T06:42:40Z svc=ingest level=INFO msg="retry queue depth=4757"
2025-12-01T06:42:55Z svc=api level=INFO msg="batch 8182 committed"
2025-12-01T06:42:58Z svc=scheduler level=INFO msg="retry queue depth=8294"
2025-12-01T06:43:06Z svc=api level=INFO msg="cache eviction pass removed 5480 entries"
2025-12-01T06:43:21Z svc=ingest level=INFO msg="cache eviction pass removed 4082 entries"
2025-12-01T06:43:36Z svc=billing level=INFO msg="batch 5188 committed"
2025-12-01T06:43:53Z svc=authz level=INFO msg="compaction finished, 4918 segments merged"
2025-12-01T06:44:02Z svc=ingest level=INFO msg="batch 8800 committed"
2025-12-01T06:44:14Z svc=api level=INFO msg="retry queue depth=1118"
2025-12-01T06:44:24Z svc=api level=INFO msg="webhook delivery attempt 4994 succeeded"
2025-12-01T06:44:37Z svc=api level=INFO msg="webhook delivery attempt 1213 succeeded"
2025-12-01T06:44:42Z svc=api level=INFO msg="webhook delivery attempt 5799 succeeded"
2025-12-01T06:44:54Z svc=authz level=INFO msg="compaction finished, 6904 segments merged"
2025-12-01T06:45:10Z svc=scheduler level=INFO msg="compaction finished, 7011 segments merged"
2025-12-01T06:45:18Z svc=billing level=INFO msg="batch 6709 committed"
2025-12-01T06:45:26Z svc=billing level=INFO msg="compaction finished, 1159 segments merged"
2025-12-01T06:45:37Z svc=scheduler level=INFO msg="webhook delivery attempt 4203 succeeded"
2025-12-01T06:45:53Z svc=authz level=INFO msg="token refresh completed in 7079ms"
2025-12-01T06:45:57Z svc=ingest level=INFO msg="healthcheck ok rtt=853ms"
2025-12-01T06:46:04Z svc=authz level=INFO msg="batch 6091 committed"
2025-12-01T06:46:19Z svc=authz level=INFO msg="healthcheck ok rtt=4245ms"
2025-12-01T06:46:22Z svc=billing level=INFO msg="healthcheck ok rtt=6421ms"
2025-12-01T06:46:37Z svc=billing level=INFO msg="batch 7263 committed"
2025-12-01T06:46:52Z svc=api level=INFO msg="compaction finished, 4988 segments merged"
2025-12-01T06:47:00Z svc=search level=INFO msg="retry queue depth=2678"
2025-12-01T06:47:08Z svc=ingest level=INFO msg="batch 8616 committed"
2025-12-01T06:47:18Z svc=api level=INFO msg="token refresh completed in 1799ms"
2025-12-01T06:47:29Z svc=scheduler level=INFO msg="cache eviction pass removed 1486 entries"
2025-12-01T06:47:39Z svc=api level=INFO msg="healthcheck ok rtt=6879ms"
2025-12-01T06:47:47Z svc=api level=INFO msg="compaction finished, 4139 segments merged"
2025-12-01T06:47:54Z svc=scheduler level=INFO msg="compaction finished, 2810 segments merged"
2025-12-01T06:48:03Z svc=authz level=INFO msg="retry queue depth=5021"
2025-12-01T06:48:11Z svc=api level=INFO msg="batch 2235 committed"
2025-12-01T06:48:21Z svc=scheduler level=INFO msg="healthcheck ok rtt=4441ms"
2025-12-01T06:48:26Z svc=billing level=INFO msg="batch 5480 committed"
2025-12-01T06:48:40Z svc=api level=INFO msg="compaction finished, 1771 segments merged"
2025-12-01T06:48:54Z svc=search level=INFO msg="healthcheck ok rtt=1898ms"
2025-12-01T06:49:06Z svc=billing level=INFO msg="batch 2137 committed"
2025-12-01T06:49:09Z svc=ingest level=INFO msg="healthcheck ok rtt=1437ms"
2025-12-01T06:49:22Z svc=search level=INFO msg="token refresh completed in 1867ms"
2025-12-01T06:49:39Z svc=api level=INFO msg="compaction finished, 2911 segments merged"
2025-12-01T06:49:55Z svc=ingest level=INFO msg="cache eviction pass removed 8850 entries"
2025-12-01T06:50:10Z svc=search level=INFO msg="retry queue depth=7933"
2025-12-01T06:50:18Z svc=scheduler level=INFO msg="token refresh completed in 1087ms"
2025-12-01T06:50:27Z svc=search level=INFO msg="retry queue depth=3521"
2025-12-01T06:50:39Z svc=scheduler level=INFO msg="token refresh completed in 9422ms"
2025-12-01T06:50:54Z svc=billing level=INFO msg="compaction finished, 2111 segments merged"
2025-12-01T06:50:59Z svc=scheduler level=INFO msg="token refresh completed in 5214ms"
2025-12-01T06:51:09Z svc=billing level=INFO msg="cache eviction pass removed 3959 entries"
2025-12-01T06:51:13Z svc=authz level=INFO msg="webhook delivery attempt 7846 succeeded"
2025-12-01T06:51:30Z svc=billing level=INFO msg="batch 3099 committed"
2025-12-01T06:51:42Z svc=authz level=INFO msg="compaction finished, 8313 segments merged"
2025-12-01T06:51:58Z svc=billing level=INFO msg="healthcheck ok rtt=4774ms"
2025-12-01T06:52:03Z svc=search level=INFO msg="healthcheck ok rtt=8591ms"
2025-12-01T06:52:12Z svc=ingest level=INFO msg="webhook delivery attempt 2543 succeeded"
2025-12-01T06:52:16Z svc=search level=INFO msg="healthcheck ok rtt=8461ms"
2025-12-01T06:52:29Z svc=billing level=INFO msg="retry queue depth=1290"
2025-12-01T06:52:40Z svc=authz level=INFO msg="healthcheck ok rtt=73ms"
2025-12-01T06:52:48Z svc=ingest level=INFO msg="retry queue depth=3610"
2025-12-01T06:52:57Z svc=billing level=INFO msg="webhook delivery attempt 1901 succeeded"
2025-12-01T06:53:04Z svc=scheduler level=INFO msg="healthcheck ok rtt=6939ms"
2025-12-01T06:53:20Z svc=scheduler level=INFO msg="compaction finished, 1222 segments merged"
2025-12-01T06:53:28Z svc=search level=INFO msg="healthcheck ok rtt=8368ms"
2025-12-01T06:53:38Z svc=api level=INFO msg="token refresh completed in 2476ms"
2025-12-01T06:53:51Z svc=api level=INFO msg="retry queue depth=2937"
2025-12-01T06:53:55Z svc=scheduler level=INFO msg="batch 7731 committed"
2025-12-01T06:54:09Z svc=billing level=INFO msg="retry queue depth=4577"
2025-12-01T06:54:26Z svc=search level=INFO msg="retry queue depth=4421"
2025-12-01T06:54:32Z svc=ingest level=INFO msg="cache eviction pass removed 9475 entries"
2025-12-01T06:54:36Z svc=billing level=INFO msg="retry queue depth=8462"
2025-12-01T06:54:40Z svc=search level=INFO msg="retry queue depth=2402"
2025-12-01T06:54:44Z svc=search level=INFO msg="compaction finished, 9182 segments merged"
2025-12-01T06:54:48Z svc=api level=INFO msg="healthcheck ok rtt=8054ms"
2025-12-01T06:54:55Z svc=billing level=INFO msg="webhook delivery attempt 153 succeeded"
2025-12-01T06:55:12Z svc=ingest level=INFO msg="batch 1617 committed"
2025-12-01T06:55:17Z svc=scheduler level=INFO msg="healthcheck ok rtt=7558ms"
2025-12-01T06:55:28Z svc=api level=INFO msg="compaction finished, 6745 segments merged"
2025-12-01T06:55:33Z svc=billing level=INFO msg="healthcheck ok rtt=6145ms"
2025-12-01T06:55:43Z svc=scheduler level=INFO msg="cache eviction pass removed 6903 entries"
2025-12-01T06:55:58Z svc=authz level=INFO msg="healthcheck ok rtt=4964ms"
2025-12-01T06:56:03Z svc=billing level=INFO msg="cache eviction pass removed 59 entries"
2025-12-01T06:56:08Z svc=api level=INFO msg="retry queue depth=2207"
2025-12-01T06:56:11Z svc=billing level=INFO msg="batch 2986 committed"
2025-12-01T06:56:24Z svc=authz level=INFO msg="retry queue depth=5456"
2025-12-01T06:56:29Z svc=scheduler level=INFO msg="compaction finished, 5822 segments merged"
2025-12-01T06:56:45Z svc=billing level=INFO msg="healthcheck ok rtt=5311ms"
2025-12-01T06:56:52Z svc=authz level=INFO msg="retry queue depth=8091"
2025-12-01T06:57:06Z svc=search level=INFO msg="token refresh completed in 701ms"
2025-12-01T06:57:14Z svc=authz level=INFO msg="webhook delivery attempt 5970 succeeded"
2025-12-01T06:57:29Z svc=search level=INFO msg="healthcheck ok rtt=8795ms"
2025-12-01T06:57:37Z svc=api level=INFO msg="compaction finished, 409 segments merged"
2025-12-01T06:57:49Z svc=search level=INFO msg="batch 4694 committed"
2025-12-01T06:57:58Z svc=billing level=INFO msg="webhook delivery attempt 4919 succeeded"
2025-12-01T06:58:01Z svc=billing level=INFO msg="cache eviction pass removed 3775 entries"
2025-12-01T06:58:17Z svc=ingest level=INFO msg="retry queue depth=8828"
2025-12-01T06:58:21Z svc=ingest level=INFO msg="healthcheck ok rtt=6606ms"
2025-12-01T06:58:27Z svc=authz level=INFO msg="webhook delivery attempt 3590 succeeded"
2025-12-01T06:58:40Z svc=api level=INFO msg="healthcheck ok rtt=4749ms"
2025-12-01T06:58:55Z svc=search level=INFO msg="compaction finished, 9417 segments merged"
2025-12-01T06:59:02Z svc=api level=INFO msg="cache eviction pass removed 4183 entries"
2025-12-01T06:59:13Z svc=authz level=INFO msg="healthcheck ok rtt=2110ms"
2025-12-01T06:59:17Z svc=ingest level=INFO msg="batch 263 committed"
2025-12-01T06:59:21Z svc=authz level=INFO msg="healthcheck ok rtt=178ms"
2025-12-01T06:59:32Z svc=authz level=INFO msg="cache eviction pass removed 2357 entries"
2025-12-01T06:59:36Z svc=billing level=INFO msg="healthcheck ok rtt=2899ms"
2025-12-01T06:59:52Z svc=billing level=INFO msg="healthcheck ok rtt=4435ms"
2025-12-01T07:00:05Z svc=authz level=INFO msg="healthcheck ok rtt=7634ms"
2025-12-01T07:00:18Z svc=scheduler level=INFO msg="token refresh completed in 1421ms"
2025-12-01T07:00:22Z svc=search level=INFO msg="batch 1973 committed"
2025-12-01T07:00:34Z svc=scheduler level=INFO msg="cache eviction pass removed 3649 entries"
2025-12-01T07:00:51Z svc=scheduler level=INFO msg="webhook delivery attempt 6780 succeeded"
2025-12-01T07:01:07Z svc=api level=INFO msg="webhook delivery attempt 1808 succeeded"
2025-12-01T07:01:10Z svc=scheduler level=INFO msg="compaction finished, 4903 segments merged"
2025-12-01T07:01:16Z svc=api level=INFO msg="compaction finished, 4234 segments merged"
2025-12-01T07:01:31Z svc=api level=INFO msg="compaction finished, 1644 segments merged"
2025-12-01T07:01:37Z svc=ingest level=INFO msg="webhook delivery attempt 3954 succeeded"
2025-12-01T07:01:51Z svc=api level=INFO msg="compaction finished, 1245 segments merged"
2025-12-01T07:01:55Z svc=ingest level=INFO msg="webhook delivery attempt 1880 succeeded"
2025-12-01T07:02:12Z svc=search level=INFO msg="token refresh completed in 2582ms"
2025-12-01T07:02:19Z svc=billing level=INFO msg="healthcheck ok rtt=3464ms"
2025-12-01T07:02:27Z svc=billing level=INFO msg="cache eviction pass removed 2776 entries"
2025-12-01T07:02:40Z svc=authz level=INFO msg="batch 2240 committed"
2025-12-01T07:02:53Z svc=ingest level=INFO msg="batch 3419 committed"
2025-12-01T07:03:09Z svc=api level=INFO msg="cache eviction pass removed 9390 entries"
2025-12-01T07:03:24Z svc=scheduler level=INFO msg="webhook delivery attempt 5083 succeeded"
2025-12-01T07:03:36Z svc=search level=INFO msg="batch 5897 committed"
2025-12-01T07:03:46Z svc=search level=INFO msg="cache eviction pass removed 5971 entries"
2025-12-01T07:03:51Z svc=search level=INFO msg="webhook delivery attempt 7519 succeeded"
2025-12-01T07:03:57Z svc=scheduler level=INFO msg="retry queue depth=5208"
2025-12-01T07:04:11Z svc=search level=INFO msg="compaction finished, 2558 segments merged"
2025-12-01T07:04:24Z svc=scheduler level=INFO msg="batch 3542 committed"
2025-12-01T07:04:32Z svc=search level=INFO msg="cache eviction pass removed 5883 entries"
2025-12-01T07:04:49Z svc=scheduler level=INFO msg="compaction finished, 317 segments merged"
2025-12-01T07:05:01Z svc=scheduler level=INFO msg="webhook delivery attempt 3706 succeeded"
2025-12-01T07:05:15Z svc=billing level=INFO msg="token refresh completed in 9435ms"
2025-12-01T07:05:19Z svc=billing level=INFO msg="cache eviction pass removed 3043 entries"
2025-12-01T07:05:31Z svc=ingest level=INFO msg="token refresh completed in 8685ms"
2025-12-01T07:05:34Z svc=billing level=INFO msg="cache eviction pass removed 4503 entries"
2025-12-01T07:05:45Z svc=api level=INFO msg="retry queue depth=8017"
2025-12-01T07:05:59Z svc=search level=INFO msg="webhook delivery attempt 7289 succeeded"
2025-12-01T07:06:02Z svc=ingest level=INFO msg="healthcheck ok rtt=378ms"
2025-12-01T07:06:06Z svc=api level=INFO msg="compaction finished, 219 segments merged"
2025-12-01T07:06:14Z svc=search level=INFO msg="webhook delivery attempt 2229 succeeded"
2025-12-01T07:06:25Z svc=billing level=INFO msg="webhook delivery attempt 5007 succeeded"
2025-12-01T07:06:34Z svc=search level=INFO msg="retry queue depth=7278"
2025-12-01T07:06:37Z svc=search level=INFO msg="webhook delivery attempt 280 succeeded"
2025-12-01T07:06:43Z svc=authz level=INFO msg="healthcheck ok rtt=5641ms"
2025-12-01T07:06:58Z svc=scheduler level=INFO msg="webhook delivery attempt 3241 succeeded"
2025-12-01T07:07:02Z svc=ingest level=INFO msg="healthcheck ok rtt=1652ms"
2025-12-01T07:07:13Z svc=search level=INFO msg="retry queue depth=6301"
2025-12-01T07:07:26Z svc=api level=INFO msg="token refresh completed in 955ms"
2025-12-01T07:07:30Z svc=authz level=INFO msg="cache eviction pass removed 4498 entries"
2025-12-01T07:07:35Z svc=authz level=INFO msg="retry queue depth=9144"
2025-12-01T07:07:46Z svc=api level=INFO msg="webhook delivery attempt 3948 succeeded"
2025-12-01T07:07:53Z svc=api level=INFO msg="token refresh completed in 5878ms"
2025-12-01T07:07:58Z svc=api level=INFO msg="cache eviction pass removed 5688 entries"
2025-12-01T07:08:04Z svc=search level=INFO msg="retry queue depth=3477"
2025-12-01T07:08:08Z svc=search level=INFO msg="batch 4423 committed"
2025-12-01T07:08:21Z svc=ingest level=INFO msg="cache eviction pass removed 6825 entries"
2025-12-01T07:08:36Z svc=ingest level=INFO msg="webhook delivery attempt 326 succeeded"
2025-12-01T07:08:46Z svc=ingest level=INFO msg="compaction finished, 6488 segments merged"
2025-12-01T07:08:49Z svc=billing level=INFO msg="compaction finished, 4460 segments merged"
2025-12-01T07:08:54Z svc=search level=INFO msg="token refresh completed in 8188ms"
2025-12-01T07:08:58Z svc=billing level=INFO msg="token refresh completed in 6797ms"
2025-12-01T07:09:07Z svc=search level=INFO msg="healthcheck ok rtt=8653ms"
2025-12-01T07:09:17Z svc=scheduler level=INFO msg="healthcheck ok rtt=773ms"
2025-12-01T07:09:20Z svc=ingest level=INFO msg="cache eviction pass removed 2694 entries"
2025-12-01T07:09:35Z svc=search level=INFO msg="cache eviction pass removed 3958 entries"
2025-12-01T07:09:47Z svc=billing level=INFO msg="token refresh completed in 1247ms"
2025-12-01T07:10:04Z svc=search level=INFO msg="batch 1177 committed"
2025-12-01T07:10:08Z svc=search level=INFO msg="cache eviction pass removed 1466 entries"
2025-12-01T07:10:21Z svc=scheduler level=INFO msg="retry queue depth=7854"
2025-12-01T07:10:37Z svc=ingest level=INFO msg="retry queue depth=7627"
2025-12-01T07:10:49Z svc=search level=INFO msg="batch 8168 committed"
2025-12-01T07:11:01Z svc=api level=INFO msg="token refresh completed in 3612ms"
2025-12-01T07:11:16Z svc=search level=INFO msg="healthcheck ok rtt=8457ms"
2025-12-01T07:11:21Z svc=scheduler level=INFO msg="cache eviction pass removed 7138 entries"
2025-12-01T07:11:37Z svc=scheduler level=INFO msg="token refresh completed in 276ms"
2025-12-01T07:11:43Z svc=api level=INFO msg="batch 1444 committed"
2025-12-01T07:11:46Z svc=authz level=INFO msg="webhook delivery attempt 4641 succeeded"
2025-12-01T07:11:54Z svc=authz level=INFO msg="cache eviction pass removed 894 entries"
2025-12-01T07:12:11Z svc=scheduler level=INFO msg="token refresh completed in 3652ms"
2025-12-01T07:12:27Z svc=search level=INFO msg="webhook delivery attempt 8568 succeeded"
2025-12-01T07:12:33Z svc=billing level=INFO msg="token refresh completed in 9499ms"
2025-12-01T07:12:41Z svc=scheduler level=INFO msg="retry queue depth=2081"
2025-12-01T07:12:46Z svc=search level=INFO msg="batch 7102 committed"
2025-12-01T07:13:01Z svc=billing level=INFO msg="compaction finished, 311 segments merged"
2025-12-01T07:13:14Z svc=billing level=INFO msg="batch 8478 committed"
2025-12-01T07:13:22Z svc=scheduler level=INFO msg="token refresh completed in 2245ms"
2025-12-01T07:13:29Z svc=scheduler level=INFO msg="webhook delivery attempt 11 succeeded"
2025-12-01T07:13:41Z svc=search level=INFO msg="healthcheck ok rtt=1349ms"
2025-12-01T07:13:47Z svc=search level=INFO msg="batch 216 committed"
2025-12-01T07:14:03Z svc=ingest level=INFO msg="token refresh completed in 2384ms"
2025-12-01T07:14:12Z svc=ingest level=INFO msg="batch 3267 committed"
2025-12-01T07:14:29Z svc=search level=INFO msg="webhook delivery attempt 9027 succeeded"
2025-12-01T07:14:41Z svc=ingest level=INFO msg="batch 9275 committed"
2025-12-01T07:14:45Z svc=api level=INFO msg="retry queue depth=3039"
2025-12-01T07:14:54Z svc=ingest level=INFO msg="cache eviction pass removed 4186 entries"
2025-12-01T07:15:03Z svc=billing level=INFO msg="batch 3376 committed"
2025-12-01T07:15:08Z svc=billing level=INFO msg="compaction finished, 2316 segments merged"
2025-12-01T07:15:12Z svc=search level=INFO msg="healthcheck ok rtt=1807ms"
2025-12-01T07:15:21Z svc=billing level=INFO msg="batch 6784 committed"
2025-12-01T07:15:27Z svc=search level=INFO msg="batch 328 committed"
2025-12-01T07:15:33Z svc=ingest level=INFO msg="compaction finished, 7835 segments merged"
2025-12-01T07:15:48Z svc=authz level=INFO msg="token refresh completed in 9108ms"
2025-12-01T07:16:04Z svc=authz level=INFO msg="webhook delivery attempt 9134 succeeded"
2025-12-01T07:16:10Z svc=ingest level=INFO msg="token refresh completed in 6356ms"
2025-12-01T07:16:13Z svc=billing level=INFO msg="cache eviction pass removed 269 entries"
2025-12-01T07:16:24Z svc=ingest level=INFO msg="token refresh completed in 3271ms"
2025-12-01T07:16:39Z svc=billing level=INFO msg="retry queue depth=7977"
2025-12-01T07:16:44Z svc=api level=INFO msg="cache eviction pass removed 8428 entries"
2025-12-01T07:16:54Z svc=api level=INFO msg="token refresh completed in 9211ms"
2025-12-01T07:17:08Z svc=authz level=INFO msg="compaction finished, 6990 segments merged"
2025-12-01T07:17:20Z svc=billing level=INFO msg="webhook delivery attempt 7925 succeeded"
2025-12-01T07:17:30Z svc=billing level=INFO msg="healthcheck ok rtt=6495ms"
2025-12-01T07:17:39Z svc=scheduler level=INFO msg="token refresh completed in 903ms"
2025-12-01T07:17:45Z svc=authz level=INFO msg="token refresh completed in 8770ms"
2025-12-01T07:17:57Z svc=billing level=INFO msg="webhook delivery attempt 7439 succeeded"
2025-12-01T07:18:02Z svc=authz level=INFO msg="healthcheck ok rtt=2669ms"
2025-12-01T07:18:17Z svc=ingest level=INFO msg="retry queue depth=1653"
2025-12-01T07:18:22Z svc=scheduler level=INFO msg="batch 3822 committed"
2025-12-01T07:18:29Z svc=authz level=INFO msg="compaction finished, 7206 segments merged"
2025-12-01T07:18:34Z svc=search level=INFO msg="retry queue depth=8209"
2025-12-01T07:18:43Z svc=api level=INFO msg="batch 7791 committed"
2025-12-01T07:18:48Z svc=billing level=INFO msg="healthcheck ok rtt=7733ms"
2025-12-01T07:18:53Z svc=ingest level=INFO msg="healthcheck ok rtt=8982ms"
2025-12-01T07:18:56Z svc=ingest level=INFO msg="retry queue depth=9300"
2025-12-01T07:19:09Z svc=billing level=INFO msg="retry queue depth=6641"
2025-12-01T07:19:24Z svc=ingest level=INFO msg="token refresh completed in 2707ms"
2025-12-01T07:19:34Z svc=api level=INFO msg="token refresh completed in 1613ms"
2025-12-01T07:19:50Z svc=search level=INFO msg="webhook delivery attempt 1644 succeeded"
2025-12-01T07:19:59Z svc=authz level=INFO msg="token refresh completed in 1091ms"
2025-12-01T07:20:16Z svc=api level=INFO msg="token refresh completed in 9227ms"
2025-12-01T07:20:24Z svc=ingest level=INFO msg="retry queue depth=5381"
2025-12-01T07:20:27Z svc=scheduler level=INFO msg="token refresh completed in 1542ms"
2025-12-01T07:20:44Z svc=billing level=INFO msg="cache eviction pass removed 3428 entries"
2025-12-01T07:20:51Z svc=api level=INFO msg="retry queue depth=5185"
2025-12-01T07:21:08Z svc=authz level=INFO msg="token refresh completed in 1387ms"
2025-12-01T07:21:20Z svc=authz level=INFO msg="token refresh completed in 5573ms"
2025-12-01T07:21:35Z svc=search level=INFO msg="cache eviction pass removed 4549 entries"
2025-12-01T07:21:47Z svc=search level=INFO msg="retry queue depth=2528"
2025-12-01T07:21:51Z svc=billing level=INFO msg="batch 8898 committed"
2025-12-01T07:22:06Z svc=billing level=INFO msg="compaction finished, 3338 segments merged"
2025-12-01T07:22:14Z svc=search level=INFO msg="token refresh completed in 5860ms"
2025-12-01T07:22:17Z svc=api level=INFO msg="retry queue depth=8042"
2025-12-01T07:22:23Z svc=ingest level=INFO msg="healthcheck ok rtt=6791ms"
2025-12-01T07:22:34Z svc=api level=INFO msg="webhook delivery attempt 1252 succeeded"
2025-12-01T07:22:50Z svc=api level=INFO msg="webhook delivery attempt 2993 succeeded"
2025-12-01T07:23:00Z svc=api level=INFO msg="cache eviction pass removed 2276 entries"
2025-12-01T07:23:15Z svc=billing level=INFO msg="retry queue depth=4214"
2025-12-01T07:23:29Z svc=billing level=INFO msg="cache eviction pass removed 6804 entries"
2025-12-01T07:23:44Z svc=search level=INFO msg="healthcheck ok rtt=3423ms"
2025-12-01T07:23:51Z svc=billing level=INFO msg="cache eviction pass removed 1157 entries"
2025-12-01T07:23:57Z svc=scheduler level=INFO msg="cache eviction pass removed 437 entries"
2025-12-01T07:24:05Z svc=authz level=INFO msg="compaction finished, 342 segments merged"
2025-12-01T07:24:10Z svc=api level=INFO msg="batch 353 committed"
2025-12-01T07:24:17Z svc=billing level=INFO msg="webhook delivery attempt 4102 succeeded"
2025-12-01T07:24:29Z svc=authz level=INFO msg="token refresh completed in 9198ms"
2025-12-01T07:24:44Z svc=search level=INFO msg="token refresh completed in 3328ms"
2025-12-01T07:25:00Z svc=billing level=INFO msg="healthcheck ok rtt=1238ms"
2025-12-01T07:25:12Z svc=authz level=INFO msg="cache eviction pass removed 96 entries"
2025-12-01T07:25:26Z svc=api level=INFO msg="batch 3188 committed"
2025-12-01T07:25:43Z svc=billing level=INFO msg="cache eviction pass removed 7889 entries"
2025-12-01T07:25:46Z svc=api level=INFO msg="token refresh completed in 7435ms"
2025-12-01T07:25:57Z svc=authz level=INFO msg="retry queue depth=4111"
2025-12-01T07:26:11Z svc=search level=INFO msg="compaction finished, 7049 segments merged"
2025-12-01T07:26:17Z svc=search level=INFO msg="compaction finished, 7733 segments merged"
2025-12-01T07:26:20Z svc=billing level=INFO msg="token refresh completed in 1664ms"
2025-12-01T07:26:33Z svc=search level=INFO msg="token refresh completed in 3298ms"
2025-12-01T07:26:42Z svc=ingest level=INFO msg="token refresh completed in 6616ms"
2025-12-01T07:26:49Z svc=billing level=INFO msg="batch 395 committed"
2025-12-01T07:26:57Z svc=scheduler level=INFO msg="token refresh completed in 3374ms"
2025-12-01T07:27:07Z svc=api level=INFO msg="cache eviction pass removed 7831 entries"
2025-12-01T07:27:16Z svc=authz level=INFO msg="batch 5967 committed"
2025-12-01T07:27:27Z svc=ingest level=INFO msg="webhook delivery attempt 8446 succeeded"
2025-12-01T07:27:38Z svc=billing level=INFO msg="healthcheck ok rtt=7217ms"
2025-12-01T07:27:51Z svc=search level=INFO msg="compaction finished, 2613 segments merged"
2025-12-01T07:27:56Z svc=search level=INFO msg="batch 31 committed"
2025-12-01T07:28:00Z svc=authz level=INFO msg="token refresh completed in 1772ms"
2025-12-01T07:28:05Z svc=ingest level=INFO msg="retry queue depth=2584"
2025-12-01T07:28:15Z svc=api level=INFO msg="cache eviction pass removed 1294 entries"
2025-12-01T07:28:26Z svc=search level=INFO msg="batch 2869 committed"
2025-12-01T07:28:41Z svc=ingest level=INFO msg="token refresh completed in 1609ms"
2025-12-01T07:28:58Z svc=ingest level=INFO msg="webhook delivery attempt 7057 succeeded"
2025-12-01T07:29:04Z svc=api level=INFO msg="healthcheck ok rtt=8562ms"
2025-12-01T07:29:20Z svc=api level=INFO msg="compaction finished, 3940 segments merged"
2025-12-01T07:29:33Z svc=authz level=INFO msg="compaction finished, 1214 segments merged"
2025-12-01T07:29:39Z svc=api level=INFO msg="retry queue depth=2747"
2025-12-01T07:29:46Z svc=api level=INFO msg="healthcheck ok rtt=3466ms"
2025-12-01T07:29:53Z svc=search level=INFO msg="webhook delivery attempt 2932 succeeded"
2025-12-01T07:30:00Z svc=search level=INFO msg="healthcheck ok rtt=6599ms"
2025-12-01T07:30:11Z svc=billing level=INFO msg="batch 2783 committed"
2025-12-01T07:30:27Z svc=billing level=INFO msg="batch 8617 committed"
2025-12-01T07:30:41Z svc=ingest level=INFO msg="compaction finished, 675 segments merged"
2025-12-01T07:30:50Z svc=billing level=INFO msg="batch 6750 committed"
2025-12-01T07:31:06Z svc=ingest level=INFO msg="compaction finished, 5199 segments merged"
2025-12-01T07:31:17Z svc=api level=INFO msg="retry queue depth=2369"
2025-12-01T07:31:29Z svc=api level=INFO msg="cache eviction pass removed 2510 entries"
2025-12-01T07:31:46Z svc=api level=INFO msg="token refresh completed in 7469ms"
2025-12-01T07:31:52Z svc=api level=INFO msg="batch 7878 committed"
2025-12-01T07:32:02Z svc=api level=INFO msg="cache eviction pass removed 7551 entries"
2025-12-01T07:32:14Z svc=api level=INFO msg="retry queue depth=7754"
2025-12-01T07:32:29Z svc=billing level=INFO msg="token refresh completed in 1012ms"
2025-12-01T07:32:38Z svc=billing level=INFO msg="batch 301 committed"
2025-12-01T07:32:50Z svc=api level=INFO msg="healthcheck ok rtt=6657ms"
2025-12-01T07:32:53Z svc=authz level=INFO msg="cache eviction pass removed 6200 entries"
2025-12-01T07:33:06Z svc=api level=INFO msg="token refresh completed in 4262ms"
2025-12-01T07:33:17Z svc=scheduler level=INFO msg="token refresh completed in 1464ms"
2025-12-01T07:33:29Z svc=scheduler level=INFO msg="webhook delivery attempt 6178 succeeded"
2025-12-01T07:33:43Z svc=authz level=INFO msg="retry queue depth=1008"
2025-12-01T07:33:55Z svc=authz level=INFO msg="healthcheck ok rtt=1111ms"
2025-12-01T07:34:04Z svc=search level=INFO msg="batch 7097 committed"
2025-12-01T07:34:17Z svc=billing level=INFO msg="batch 3030 committed"
2025-12-01T07:34:27Z svc=scheduler level=INFO msg="retry queue depth=8121"
2025-12-01T07:34:34Z svc=ingest level=INFO msg="healthcheck ok rtt=3698ms"
2025-12-01T07:34:46Z svc=scheduler level=INFO msg="batch 6542 committed"
2025-12-01T07:34:50Z svc=api level=INFO msg="compaction finished, 699 segments merged"
2025-12-01T07:34:59Z svc=ingest level=INFO msg="batch 845 committed"
2025-12-01T07:35:09Z svc=api level=INFO msg="cache eviction pass removed 8712 entries"
2025-12-01T07:35:15Z svc=billing level=INFO msg="batch 9136 committed"
2025-12-01T07:35:26Z svc=ingest level=INFO msg="token refresh completed in 4844ms"
2025-12-01T07:35:43Z svc=search level=INFO msg="token refresh completed in 6167ms"
2025-12-01T07:35:47Z svc=api level=INFO msg="batch 3308 committed"
2025-12-01T07:35:52Z svc=ingest level=INFO msg="token refresh completed in 9275ms"
2025-12-01T07:35:58Z svc=billing level=INFO msg="batch 5848 committed"
2025-12-01T07:36:10Z svc=search level=INFO msg="healthcheck ok rtt=2912ms"
2025-12-01T07:36:23Z svc=billing level=INFO msg="cache eviction pass removed 3309 entries"
2025-12-01T07:36:26Z svc=billing level=INFO msg="batch 1906 committed"
2025-12-01T07:36:39Z svc=billing level=INFO msg="batch 6577 committed"
2025-12-01T07:36:52Z svc=authz level=INFO msg="token refresh completed in 3539ms"
2025-12-01T07:37:06Z svc=scheduler level=INFO msg="compaction finished, 6935 segments merged"
2025-12-01T07:37:10Z svc=ingest level=INFO msg="compaction finished, 879 segments merged"
2025-12-01T07:37:25Z svc=billing level=INFO msg="token refresh completed in 2887ms"
2025-12-01T07:37:30Z svc=api level=INFO msg="webhook delivery attempt 6928 succeeded"
2025-12-01T07:37:34Z svc=billing level=INFO msg="batch 5605 committed"
2025-12-01T07:37:43Z svc=ingest level=INFO msg="batch 6654 committed"
2025-12-01T07:37:49Z svc=ingest level=INFO msg="token refresh completed in 203ms"
2025-12-01T07:37:59Z svc=api level=INFO msg="batch 8271 committed"
2025-12-01T07:38:04Z svc=ingest level=INFO msg="retry queue depth=769"
2025-12-01T07:38:13Z svc=scheduler level=INFO msg="retry queue depth=1768"
2025-12-01T07:38:16Z svc=authz level=INFO msg="token refresh completed in 363ms"
2025-12-01T07:38:19Z svc=api level=INFO msg="webhook delivery attempt 8939 succeeded"
2025-12-01T07:38:24Z svc=ingest level=INFO msg="batch 7839 committed"
2025-12-01T07:38:37Z svc=billing level=INFO msg="token refresh completed in 6001ms"
2025-12-01T07:38:53Z svc=authz level=INFO msg="healthcheck ok rtt=1820ms"
2025-12-01T07:39:03Z svc=api level=INFO msg="batch 6719 committed"
2025-12-01T07:39:20Z svc=scheduler level=INFO msg="retry queue depth=8627"
2025-12-01T07:39:34Z svc=scheduler level=INFO msg="webhook delivery attempt 6593 succeeded"
2025-12-01T07:39:50Z svc=billing level=INFO msg="healthcheck ok rtt=5163ms"
2025-12-01T07:40:02Z svc=api level=INFO msg="webhook delivery attempt 6140 succeeded"
2025-12-01T07:40:19Z svc=api level=INFO msg="healthcheck ok rtt=3302ms"
2025-12-01T07:40:35Z svc=scheduler level=INFO msg="cache eviction pass removed 1922 entries"
2025-12-01T07:40:49Z svc=scheduler level=INFO msg="batch 9426 committed"
2025-12-01T07:41:06Z svc=authz level=INFO msg="token refresh completed in 2447ms"
2025-12-01T07:41:11Z svc=billing level=INFO msg="compaction finished, 5856 segments merged"
2025-12-01T07:41:17Z svc=billing level=INFO msg="webhook delivery attempt 7299 succeeded"
2025-12-01T07:41:24Z svc=search level=INFO msg="healthcheck ok rtt=1355ms"
2025-12-01T07:41:28Z svc=search level=INFO msg="retry queue depth=9337"
2025-12-01T07:41:40Z svc=ingest level=INFO msg="token refresh completed in 8990ms"
2025-12-01T07:41:53Z svc=billing level=INFO msg="batch 203 committed"
2025-12-01T07:42:05Z svc=api level=INFO msg="compaction finished, 1599 segments merged"
2025-12-01T07:42:18Z svc=scheduler level=INFO msg="cache eviction pass removed 2718 entries"
2025-12-01T07:42:28Z svc=search level=INFO msg="webhook delivery attempt 2040 succeeded"
2025-12-01T07:42:36Z svc=billing level=INFO msg="healthcheck ok rtt=1634ms"
2025-12-01T07:42:50Z svc=api level=INFO msg="healthcheck ok rtt=470ms"
2025-12-01T07:43:04Z svc=ingest level=INFO msg="retry queue depth=6206"
2025-12-01T07:43:07Z svc=scheduler level=INFO msg="retry queue depth=4453"
2025-12-01T07:43:20Z svc=api level=INFO msg="healthcheck ok rtt=4638ms"
2025-12-01T07:43:26Z svc=billing level=INFO msg="token refresh completed in 8015ms"
2025-12-01T07:43:29Z svc=authz level=INFO msg="cache eviction pass removed 8619 entries"
2025-12-01T07:43:44Z svc=scheduler level=INFO msg="healthcheck ok rtt=5754ms"
2025-12-01T07:43:49Z svc=search level=INFO msg="compaction finished, 4219 segments merged"
2025-12-01T07:44:01Z svc=api level=INFO msg="retry queue depth=558"
2025-12-01T07:44:18Z svc=billing level=INFO msg="retry queue depth=8021"
2025-12-01T07:44:32Z svc=scheduler level=INFO msg="token refresh completed in 2114ms"
2025-12-01T07:44:37Z svc=billing level=INFO msg="compaction finished, 5680 segments merged"
2025-12-01T07:44:53Z svc=search level=INFO msg="token refresh completed in 1165ms"
2025-12-01T07:45:01Z svc=ingest level=INFO msg="healthcheck ok rtt=4399ms"
2025-12-01T07:45:08Z svc=scheduler level=INFO msg="compaction finished, 7628 segments merged"
2025-12-01T07:45:11Z svc=search level=INFO msg="cache eviction pass removed 8922 entries"
2025-12-01T07:45:18Z svc=ingest level=INFO msg="token refresh completed in 9429ms"
2025-12-01T07:45:31Z svc=search level=INFO msg="cache eviction pass removed 6590 entries"
2025-12-01T07:45:34Z svc=ingest level=INFO msg="compaction finished, 2421 segments merged"
2025-12-01T07:45:48Z svc=authz level=INFO msg="compaction finished, 973 segments merged"
2025-12-01T07:45:55Z svc=scheduler level=INFO msg="retry queue depth=5936"
2025-12-01T07:46:04Z svc=authz level=INFO msg="cache eviction pass removed 2912 entries"
2025-12-01T07:46:16Z svc=ingest level=INFO msg="retry queue depth=3796"
2025-12-01T07:46:26Z svc=api level=INFO msg="cache eviction pass removed 2307 entries"
2025-12-01T07:46:31Z svc=api level=INFO msg="compaction finished, 2017 segments merged"
2025-12-01T07:46:43Z svc=ingest level=INFO msg="compaction finished, 311 segments merged"
2025-12-01T07:47:00Z svc=search level=INFO msg="batch 5518 committed"
2025-12-01T07:47:04Z svc=ingest level=INFO msg="batch 1615 committed"
2025-12-01T07:47:11Z svc=billing level=INFO msg="webhook delivery attempt 7977 succeeded"
2025-12-01T07:47:23Z svc=authz level=INFO msg="retry queue depth=4550"
2025-12-01T07:47:38Z svc=api level=INFO msg="token refresh completed in 2751ms"
2025-12-01T07:47:54Z svc=scheduler level=INFO msg="healthcheck ok rtt=5453ms"
2025-12-01T07:47:58Z svc=billing level=INFO msg="compaction finished, 1969 segments merged"
2025-12-01T07:48:10Z svc=api level=INFO msg="retry queue depth=7419"
2025-12-01T07:48:14Z svc=search level=INFO msg="cache eviction pass removed 7388 entries"
2025-12-01T07:48:29Z svc=ingest level=INFO msg="batch 5785 committed"
2025-12-01T07:48:45Z svc=api level=INFO msg="cache eviction pass removed 8842 entries"
2025-12-01T07:49:02Z svc=authz level=INFO msg="compaction finished, 9011 segments merged"
2025-12-01T07:49:17Z svc=billing level=INFO msg="healthcheck ok rtt=9118ms"
2025-12-01T07:49:22Z svc=scheduler level=INFO msg="token refresh completed in 1225ms"
2025-12-01T07:49:33Z svc=scheduler level=INFO msg="retry queue depth=7387"
2025-12-01T07:49:50Z svc=api level=INFO msg="retry queue depth=782"
2025-12-01T07:50:00Z svc=api level=INFO msg="batch 3206 committed"
2025-12-01T07:50:08Z svc=search level=INFO msg="healthcheck ok rtt=216ms"
2025-12-01T07:50:12Z svc=ingest level=INFO msg="healthcheck ok rtt=555ms"
2025-12-01T07:50:15Z svc=api level=INFO msg="token refresh completed in 845ms"
2025-12-01T07:50:22Z svc=billing level=INFO msg="retry queue depth=2780"
2025-12-01T07:50:32Z svc=billing level=INFO msg="retry queue depth=2038"
2025-12-01T07:50:40Z svc=authz level=INFO msg="cache eviction pass removed 4605 entries"
2025-12-01T07:50:54Z svc=ingest level=INFO msg="batch 850 committed"
2025-12-01T07:51:10Z svc=ingest level=INFO msg="retry queue depth=1543"
2025-12-01T07:51:17Z svc=billing level=INFO msg="token refresh completed in 6358ms"
2025-12-01T07:51:26Z svc=billing level=INFO msg="webhook delivery attempt 5364 succeeded"
2025-12-01T07:51:34Z svc=authz level=INFO msg="compaction finished, 1781 segments merged"
2025-12-01T07:51:50Z svc=billing level=INFO msg="healthcheck ok rtt=6660ms"
2025-12-01T07:52:00Z svc=api level=INFO msg="cache eviction pass removed 6754 entries"
2025-12-01T07:52:15Z svc=authz level=INFO msg="batch 8231 committed"
2025-12-01T07:52:30Z svc=billing level=INFO msg="retry queue depth=5441"
2025-12-01T07:52:33Z svc=ingest level=INFO msg="retry queue depth=5923"
2025-12-01T07:52:43Z svc=authz level=INFO msg="compaction finished, 619 segments merged"
2025-12-01T07:52:50Z svc=billing level=INFO msg="retry queue depth=7542"
2025-12-01T07:52:59Z svc=scheduler level=INFO msg="cache eviction pass removed 6497 entries"
2025-12-01T07:53:05Z svc=authz level=INFO msg="token refresh completed in 1205ms"
2025-12-01T07:53:15Z svc=ingest level=INFO msg="webhook delivery attempt 6895 succeeded"
2025-12-01T07:53:19Z svc=billing level=INFO msg="healthcheck ok rtt=1832ms"
2025-12-01T07:53:23Z svc=billing level=INFO msg="healthcheck ok rtt=5442ms"
2025-12-01T07:53:40Z svc=ingest level=INFO msg="healthcheck ok rtt=6605ms"
2025-12-01T07:53:52Z svc=api level=INFO msg="token refresh completed in 194ms"
2025-12-01T07:53:55Z svc=ingest level=INFO msg="cache eviction pass removed 3252 entries"
2025-12-01T07:54:12Z svc=billing level=INFO msg="healthcheck ok rtt=2451ms"
2025-12-01T07:54:20Z svc=search level=INFO msg="webhook delivery attempt 1861 succeeded"
2025-12-01T07:54:26Z svc=authz level=INFO msg="retry queue depth=2298"
2025-12-01T07:54:37Z svc=billing level=INFO msg="batch 6639 committed"
2025-12-01T07:54:51Z svc=authz level=INFO msg="cache eviction pass removed 8841 entries"
2025-12-01T07:54:58Z svc=search level=INFO msg="retry queue depth=1559"
2025-12-01T07:55:02Z svc=api level=INFO msg="healthcheck ok rtt=6553ms"
2025-12-01T07:55:07Z svc=api level=INFO msg="batch 7478 committed"
2025-12-01T07:55:13Z svc=billing level=INFO msg="webhook delivery attempt 8268 succeeded"
2025-12-01T07:55:30Z svc=billing level=INFO msg="token refresh completed in 9224ms"
2025-12-01T07:55:44Z svc=api level=INFO msg="token refresh completed in 9307ms"
2025-12-01T07:55:50Z svc=search level=INFO msg="healthcheck ok rtt=4970ms"
2025-12-01T07:55:56Z svc=scheduler level=INFO msg="webhook delivery attempt 9421 succeeded"
2025-12-01T07:55:59Z svc=api level=INFO msg="compaction finished, 9490 segments merged"
2025-12-01T07:56:16Z svc=authz level=INFO msg="retry queue depth=5830"
2025-12-01T07:56:31Z svc=search level=INFO msg="retry queue depth=965"
2025-12-01T07:56:44Z svc=api level=INFO msg="token refresh completed in 2941ms"
2025-12-01T07:56:57Z svc=authz level=INFO msg="healthcheck ok rtt=6453ms"
2025-12-01T07:57:09Z svc=scheduler level=INFO msg="healthcheck ok rtt=4488ms"
2025-12-01T07:57:12Z svc=scheduler level=INFO msg="token refresh completed in 3511ms"
2025-12-01T07:57:22Z svc=search level=INFO msg="healthcheck ok rtt=2686ms"
2025-12-01T07:57:31Z svc=ingest level=INFO msg="compaction finished, 4939 segments merged"
2025-12-01T07:57:39Z svc=billing level=INFO msg="compaction finished, 1932 segments merged"
2025-12-01T07:57:43Z svc=authz level=INFO msg="healthcheck ok rtt=7685ms"
2025-12-01T07:57:58Z svc=scheduler level=INFO msg="compaction finished, 6074 segments merged"
2025-12-01T07:58:07Z svc=search level=INFO msg="healthcheck ok rtt=8654ms"
2025-12-01T07:58:22Z svc=authz level=INFO msg="webhook delivery attempt 3794 succeeded"
2025-12-01T07:58:38Z svc=authz level=INFO msg="token refresh completed in 5014ms"
2025-12-01T07:58:48Z svc=authz level=INFO msg="token refresh completed in 4530ms"
2025-12-01T07:58:52Z svc=search level=INFO msg="compaction finished, 2142 segments merged"
2025-12-01T07:59:08Z svc=scheduler level=INFO msg="retry queue depth=7679"
2025-12-01T07:59:20Z svc=scheduler level=INFO msg="cache eviction pass removed 924 entries"
2025-12-01T07:59:29Z svc=search level=INFO msg="cache eviction pass removed 3930 entries"
2025-12-01T07:59:41Z svc=ingest level=INFO msg="healthcheck ok rtt=1573ms"
2025-12-01T07:59:44Z svc=api level=INFO msg="compaction finished, 7786 segments merged"
2025-12-01T07:59:59Z svc=search level=INFO msg="webhook delivery attempt 2948 succeeded"
2025-12-01T08:00:04Z svc=authz level=INFO msg="retry queue depth=9357"
2025-12-01T08:00:14Z svc=ingest level=INFO msg="batch 5517 committed"
2025-12-01T08:00:17Z svc=search level=INFO msg="compaction finished, 8398 segments merged"
2025-12-01T08:00:24Z svc=search level=INFO msg="compaction finished, 6901 segments merged"
2025-12-01T08:00:35Z svc=billing level=INFO msg="token refresh completed in 3163ms"
2025-12-01T08:00:45Z svc=billing level=INFO msg="token refresh completed in 7741ms"
2025-12-01T08:00:59Z svc=ingest level=INFO msg="healthcheck ok rtt=3085ms"
2025-12-01T08:01:07Z svc=scheduler level=INFO msg="retry queue depth=2124"
2025-12-01T08:01:22Z svc=ingest level=INFO msg="webhook delivery attempt 8764 succeeded"
2025-12-01T08:01:33Z svc=search level=INFO msg="retry queue depth=2732"
2025-12-01T08:01:39Z svc=api level=INFO msg="token refresh completed in 5929ms"
2025-12-01T08:01:55Z svc=api level=INFO msg="batch 8406 committed"
2025-12-01T08:01:58Z svc=authz level=INFO msg="cache eviction pass removed 729 entries"
2025-12-01T08:02:11Z svc=ingest level=INFO msg="compaction finished, 2349 segments merged"
2025-12-01T08:02:21Z svc=authz level=INFO msg="token refresh completed in 7153ms"
2025-12-01T08:02:35Z svc=search level=INFO msg="healthcheck ok rtt=5690ms"
2025-12-01T08:02:46Z svc=scheduler level=INFO msg="webhook delivery attempt 1821 succeeded"
2025-12-01T08:03:00Z svc=authz level=INFO msg="batch 6510 committed"
2025-12-01T08:03:16Z svc=api level=INFO msg="token refresh completed in 2054ms"
2025-12-01T08:03:23Z svc=scheduler level=INFO msg="batch 3903 committed"
2025-12-01T08:03:28Z svc=billing level=INFO msg="cache eviction pass removed 4429 entries"
2025-12-01T08:03:38Z svc=ingest level=INFO msg="batch 1271 committed"
2025-12-01T08:03:45Z svc=billing level=INFO msg="healthcheck ok rtt=5409ms"
2025-12-01T08:03:49Z svc=search level=INFO msg="token refresh completed in 4714ms"
2025-12-01T08:03:55Z svc=search level=INFO msg="webhook delivery attempt 6001 succeeded"
2025-12-01T08:04:00Z svc=api level=INFO msg="batch 3556 committed"
2025-12-01T08:04:04Z svc=api level=INFO msg="webhook delivery attempt 6838 succeeded"
2025-12-01T08:04:21Z svc=authz level=INFO msg="retry queue depth=2308"
2025-12-01T08:04:28Z svc=scheduler level=INFO msg="cache eviction pass removed 577 entries"
2025-12-01T08:04:32Z svc=scheduler level=INFO msg="token refresh completed in 4882ms"
2025-12-01T08:04:47Z svc=api level=INFO msg="healthcheck ok rtt=5096ms"
2025-12-01T08:04:59Z svc=api level=INFO msg="cache eviction pass removed 5953 entries"
2025-12-01T08:05:09Z svc=authz level=INFO msg="retry queue depth=5977"
2025-12-01T08:05:16Z svc=api level=INFO msg="compaction finished, 3480 segments merged"
2025-12-01T08:05:33Z svc=search level=INFO msg="batch 3654 committed"
2025-12-01T08:05:40Z svc=billing level=INFO msg="webhook delivery attempt 5454 succeeded"
2025-12-01T08:05:53Z svc=search level=INFO msg="cache eviction pass removed 8701 entries"
2025-12-01T08:06:02Z svc=api level=INFO msg="cache eviction pass removed 555 entries"
2025-12-01T08:06:14Z svc=search level=INFO msg="webhook delivery attempt 4723 succeeded"
2025-12-01T08:06:20Z svc=scheduler level=INFO msg="webhook delivery attempt 3129 succeeded"
2025-12-01T08:06:23Z svc=scheduler level=INFO msg="token refresh completed in 6023ms"
2025-12-01T08:06:31Z svc=billing level=INFO msg="token refresh completed in 2430ms"
2025-12-01T08:06:37Z svc=scheduler level=INFO msg="retry queue depth=842"
2025-12-01T08:06:44Z svc=billing level=INFO msg="webhook delivery attempt 7978 succeeded"
2025-12-01T08:06:48Z svc=api level=INFO msg="compaction finished, 9476 segments merged"
2025-12-01T08:06:55Z svc=search level=INFO msg="cache eviction pass removed 626 entries"
2025-12-01T08:07:06Z svc=ingest level=INFO msg="retry queue depth=5405"
2025-12-01T08:07:16Z svc=billing level=INFO msg="webhook delivery attempt 908 succeeded"
2025-12-01T08:07:27Z svc=search level=INFO msg="healthcheck ok rtt=7457ms"
2025-12-01T08:07:35Z svc=scheduler level=INFO msg="token refresh completed in 2052ms"
2025-12-01T08:07:47Z svc=billing level=INFO msg="webhook delivery attempt 51 succeeded"
2025-12-01T08:07:52Z svc=scheduler level=INFO msg="cache eviction pass removed 8981 entries"
2025-12-01T08:08:08Z svc=scheduler level=INFO msg="token refresh completed in 9192ms"
2025-12-01T08:08:15Z svc=billing level=INFO msg="compaction finished, 5826 segments merged"
2025-12-01T08:08:27Z svc=search level=INFO msg="webhook delivery attempt 3669 succeeded"
2025-12-01T08:08:33Z svc=authz level=INFO msg="webhook delivery attempt 5284 succeeded"
2025-12-01T08:08:38Z svc=search level=INFO msg="batch 3018 committed"
2025-12-01T08:08:46Z svc=authz level=INFO msg="retry queue depth=2984"
2025-12-01T08:08:59Z svc=scheduler level=INFO msg="webhook delivery attempt 3351 succeeded"
2025-12-01T08:09:10Z svc=api level=INFO msg="webhook delivery attempt 448 succeeded"
2025-12-01T08:09:15Z svc=search level=INFO msg="batch 5490 committed"
2025-12-01T08:09:23Z svc=api level=INFO msg="cache eviction pass removed 1721 entries"
2025-12-01T08:09:35Z svc=billing level=INFO msg="cache eviction pass removed 8232 entries"
2025-12-01T08:09:52Z svc=billing level=INFO msg="batch 3453 committed"
2025-12-01T08:10:03Z svc=authz level=INFO msg="compaction finished, 4759 segments merged"
2025-12-01T08:10:12Z svc=ingest level=INFO msg="retry queue depth=4888"
2025-12-01T08:10:23Z svc=scheduler level=INFO msg="webhook delivery attempt 380 succeeded"
2025-12-01T08:10:32Z svc=ingest level=INFO msg="healthcheck ok rtt=5822ms"
2025-12-01T08:10:44Z svc=ingest level=INFO msg="compaction finished, 4129 segments merged"
2025-12-01T08:10:50Z svc=search level=INFO msg="batch 7363 committed"
2025-12-01T08:11:06Z svc=authz level=INFO msg="batch 9152 committed"
2025-12-01T08:11:10Z svc=scheduler level=INFO msg="batch 5027 committed"
2025-12-01T08:11:19Z svc=authz level=INFO msg="token refresh completed in 1489ms"
2025-12-01T08:11:34Z svc=authz level=INFO msg="webhook delivery attempt 1719 succeeded"
2025-12-01T08:11:40Z svc=api level=INFO msg="retry queue depth=5874"
2025-12-01T08:11:43Z svc=ingest level=INFO msg="cache eviction pass removed 2709 entries"
2025-12-01T08:11:56Z svc=search level=INFO msg="token refresh completed in 5372ms"
2025-12-01T08:12:07Z svc=ingest level=INFO msg="compaction finished, 675 segments merged"
2025-12-01T08:12:14Z svc=scheduler level=INFO msg="cache eviction pass removed 846 entries"
2025-12-01T08:12:20Z svc=ingest level=INFO msg="compaction finished, 1708 segments merged"
2025-12-01T08:12:27Z svc=billing level=INFO msg="token refresh completed in 2865ms"
2025-12-01T08:12:36Z svc=authz level=INFO msg="webhook delivery attempt 3812 succeeded"
2025-12-01T08:12:41Z svc=billing level=INFO msg="webhook delivery attempt 4740 succeeded"
2025-12-01T08:12:54Z svc=authz level=INFO msg="healthcheck ok rtt=6146ms"
2025-12-01T08:13:05Z svc=authz level=INFO msg="token refresh completed in 8766ms"
2025-12-01T08:13:15Z svc=scheduler level=INFO msg="compaction finished, 588 segments merged"
2025-12-01T08:13:31Z svc=scheduler level=INFO msg="cache eviction pass removed 6968 entries"
2025-12-01T08:13:40Z svc=api level=INFO msg="token refresh completed in 957ms"
2025-12-01T08:13:53Z svc=ingest level=INFO msg="retry queue depth=9491"
2025-12-01T08:14:07Z svc=billing level=INFO msg="token refresh completed in 3263ms"
2025-12-01T08:14:16Z svc=billing level=INFO msg="compaction finished, 5436 segments merged"
2025-12-01T08:14:29Z svc=authz level=INFO msg="webhook delivery attempt 3372 succeeded"
2025-12-01T08:14:37Z svc=authz level=INFO msg="retry queue depth=6032"
2025-12-01T08:14:44Z svc=search level=INFO msg="token refresh completed in 2323ms"
2025-12-01T08:14:47Z svc=ingest level=INFO msg="batch 2408 committed"
2025-12-01T08:15:04Z svc=billing level=INFO msg="cache eviction pass removed 170 entries"
2025-12-01T08:15:19Z svc=scheduler level=INFO msg="healthcheck ok rtt=6696ms"
2025-12-01T08:15:36Z svc=ingest level=INFO msg="webhook delivery attempt 7854 succeeded"
2025-12-01T08:15:42Z svc=authz level=INFO msg="webhook delivery attempt 3060 succeeded"
2025-12-01T08:15:47Z svc=search level=INFO msg="token refresh completed in 4034ms"
2025-12-01T08:16:04Z svc=scheduler level=INFO msg="batch 985 committed"
2025-12-01T08:16:13Z svc=scheduler level=INFO msg="healthcheck ok rtt=1166ms"
2025-12-01T08:16:28Z svc=api level=INFO msg="retry queue depth=7669"
2025-12-01T08:16:31Z svc=ingest level=INFO msg="webhook delivery attempt 5208 succeeded"
2025-12-01T08:16:39Z svc=authz level=INFO msg="cache eviction pass removed 1401 entries"
2025-12-01T08:16:52Z svc=scheduler level=INFO msg="healthcheck ok rtt=340ms"
2025-12-01T08:17:09Z svc=authz level=INFO msg="cache eviction pass removed 8817 entries"
2025-12-01T08:17:26Z svc=api level=INFO msg="batch 2130 committed"
2025-12-01T08:17:40Z svc=scheduler level=INFO msg="compaction finished, 1989 segments merged"
2025-12-01T08:17:51Z svc=ingest level=INFO msg="cache eviction pass removed 3403 entries"
2025-12-01T08:18:02Z svc=api level=INFO msg="cache eviction pass removed 8445 entries"
2025-12-01T08:18:10Z svc=ingest level=INFO msg="retry queue depth=4924"
2025-12-01T08:18:22Z svc=authz level=INFO msg="token refresh completed in 2861ms"
2025-12-01T08:18:25Z svc=search level=INFO msg="healthcheck ok rtt=3570ms"
2025-12-01T08:18:34Z svc=billing level=INFO msg="token refresh completed in 8400ms"
2025-12-01T08:18:48Z svc=scheduler level=INFO msg="batch 8712 committed"
2025-12-01T08:19:04Z svc=billing level=INFO msg="healthcheck ok rtt=8651ms"
2025-12-01T08:19:15Z svc=authz level=INFO msg="token refresh completed in 6777ms"
2025-12-01T08:19:32Z svc=scheduler level=INFO msg="batch 6780 committed"
2025-12-01T08:19:38Z svc=authz level=INFO msg="retry queue depth=7287"
2025-12-01T08:19:51Z svc=billing level=INFO msg="batch 8591 committed"
2025-12-01T08:19:54Z svc=scheduler level=INFO msg="compaction finished, 5794 segments merged"
2025-12-01T08:20:07Z svc=api level=INFO msg="cache eviction pass removed 5671 entries"
2025-12-01T08:20:21Z svc=ingest level=INFO msg="retry queue depth=8376"
2025-12-01T08:20:27Z svc=authz level=INFO msg="cache eviction pass removed 942 entries"
2025-12-01T08:20:37Z svc=billing level=INFO msg="webhook delivery attempt 629 succeeded"
2025-12-01T08:20:40Z svc=ingest level=INFO msg="retry queue depth=2909"
2025-12-01T08:20:48Z svc=billing level=INFO msg="compaction finished, 3618 segments merged"
2025-12-01T08:20:51Z svc=ingest level=INFO msg="compaction finished, 9488 segments merged"
2025-12-01T08:20:56Z svc=billing level=INFO msg="webhook delivery attempt 7455 succeeded"
2025-12-01T08:21:03Z svc=ingest level=INFO msg="token refresh completed in 3003ms"
2025-12-01T08:21:10Z svc=scheduler level=INFO msg="webhook delivery attempt 7321 succeeded"
2025-12-01T08:21:17Z svc=authz level=INFO msg="token refresh completed in 5292ms"
2025-12-01T08:21:33Z svc=billing level=INFO msg="cache eviction pass removed 3267 entries"
2025-12-01T08:21:44Z svc=ingest level=INFO msg="compaction finished, 7125 segments merged"
2025-12-01T08:21:53Z svc=api level=INFO msg="batch 4867 committed"
2025-12-01T08:22:02Z svc=search level=INFO msg="compaction finished, 3457 segments merged"
2025-12-01T08:22:15Z svc=ingest level=INFO msg="token refresh completed in 349ms"
2025-12-01T08:22:22Z svc=ingest level=INFO msg="healthcheck ok rtt=8285ms"
2025-12-01T08:22:30Z svc=billing level=INFO msg="batch 6055 committed"
2025-12-01T08:22:42Z svc=scheduler level=INFO msg="webhook delivery attempt 7105 succeeded"
2025-12-01T08:22:54Z svc=billing level=INFO msg="webhook delivery attempt 8969 succeeded"
2025-12-01T08:23:08Z svc=ingest level=INFO msg="token refresh completed in 6198ms"
2025-12-01T08:23:25Z svc=billing level=INFO msg="compaction finished, 1577 segments merged"
2025-12-01T08:23:37Z svc=api level=INFO msg="webhook delivery attempt 5664 succeeded"
2025-12-01T08:23:44Z svc=api level=INFO msg="webhook delivery attempt 4543 succeeded"
2025-12-01T08:23:59Z svc=api level=INFO msg="token refresh completed in 1016ms"
2025-12-01T08:24:04Z svc=search level=INFO msg="batch 3654 committed"
2025-12-01T08:24:07Z svc=api level=INFO msg="batch 117 committed"
2025-12-01T08:24:18Z svc=scheduler level=INFO msg="compaction finished, 5594 segments merged"
2025-12-01T08:24:28Z svc=api level=INFO msg="webhook delivery attempt 2507 succeeded"
2025-12-01T08:24:34Z svc=billing level=INFO msg="batch 7672 committed"
2025-12-01T08:24:45Z svc=api level=INFO msg="healthcheck ok rtt=1221ms"
2025-12-01T08:24:56Z svc=authz level=INFO msg="compaction finished, 9205 segments merged"
2025-12-01T08:25:05Z svc=authz level=INFO msg="cache eviction pass removed 5370 entries"
2025-12-01T08:25:12Z svc=ingest level=INFO msg="batch 4624 committed"
2025-12-01T08:25:15Z svc=scheduler level=INFO msg="cache eviction pass removed 8794 entries"
2025-12-01T08:25:21Z svc=search level=INFO msg="retry queue depth=9166"
2025-12-01T08:25:32Z svc=search level=INFO msg="healthcheck ok rtt=8515ms"
2025-12-01T08:25:49Z svc=billing level=INFO msg="healthcheck ok rtt=5497ms"
2025-12-01T08:25:52Z svc=billing level=INFO msg="token refresh completed in 7454ms"
2025-12-01T08:26:01Z svc=authz level=INFO msg="token refresh completed in 3341ms"
2025-12-01T08:26:09Z svc=api level=INFO msg="cache eviction pass removed 570 entries"
2025-12-01T08:26:17Z svc=authz level=INFO msg="healthcheck ok rtt=5268ms"
2025-12-01T08:26:30Z svc=billing level=INFO msg="cache eviction pass removed 357 entries"
2025-12-01T08:26:34Z svc=billing level=INFO msg="healthcheck ok rtt=3081ms"
2025-12-01T08:26:51Z svc=ingest level=INFO msg="healthcheck ok rtt=1699ms"
2025-12-01T08:26:57Z svc=billing level=INFO msg="retry queue depth=6344"
2025-12-01T08:27:14Z svc=authz level=INFO msg="batch 787 committed"
2025-12-01T08:27:29Z svc=scheduler level=INFO msg="batch 4641 committed"
2025-12-01T08:27:45Z svc=billing level=INFO msg="batch 2995 committed"
2025-12-01T08:27:52Z svc=api level=INFO msg="token refresh completed in 1856ms"
2025-12-01T08:27:57Z svc=search level=INFO msg="token refresh completed in 7041ms"
2025-12-01T08:28:02Z svc=billing level=INFO msg="webhook delivery attempt 8049 succeeded"
2025-12-01T08:28:06Z svc=api level=INFO msg="cache eviction pass removed 7461 entries"
2025-12-01T08:28:19Z svc=scheduler level=INFO msg="compaction finished, 1542 segments merged"
2025-12-01T08:28:33Z svc=authz level=INFO msg="healthcheck ok rtt=6590ms"
2025-12-01T08:28:49Z svc=billing level=INFO msg="retry queue depth=4521"
2025-12-01T08:28:57Z svc=scheduler level=INFO msg="token refresh completed in 6606ms"
2025-12-01T08:29:05Z svc=scheduler level=INFO msg="retry queue depth=7703"
2025-12-01T08:29:19Z svc=ingest level=INFO msg="cache eviction pass removed 8703 entries"
2025-12-01T08:29:36Z svc=billing level=INFO msg="cache eviction pass removed 1507 entries"
2025-12-01T08:29:48Z svc=billing level=INFO msg="retry queue depth=7064"
2025-12-01T08:30:04Z svc=search level=INFO msg="compaction finished, 4287 segments merged"
2025-12-01T08:30:18Z svc=authz level=INFO msg="healthcheck ok rtt=4092ms"
2025-12-01T08:30:23Z svc=api level=INFO msg="retry queue depth=664"
2025-12-01T08:30:28Z svc=ingest level=INFO msg="batch 8453 committed"
2025-12-01T08:30:43Z svc=authz level=INFO msg="batch 9440 committed"
2025-12-01T08:30:53Z svc=search level=INFO msg="retry queue depth=1127"
2025-12-01T08:31:10Z svc=api level=INFO msg="webhook delivery attempt 2810 succeeded"
2025-12-01T08:31:17Z svc=search level=INFO msg="token refresh completed in 4543ms"
2025-12-01T08:31:26Z svc=billing level=INFO msg="token refresh completed in 4000ms"
2025-12-01T08:31:37Z svc=scheduler level=INFO msg="batch 9408 committed"
2025-12-01T08:31:44Z svc=scheduler level=INFO msg="cache eviction pass removed 2924 entries"
2025-12-01T08:31:53Z svc=scheduler level=INFO msg="token refresh completed in 4841ms"
2025-12-01T08:31:58Z svc=search level=INFO msg="webhook delivery attempt 1213 succeeded"
2025-12-01T08:32:12Z svc=search level=INFO msg="healthcheck ok rtt=9473ms"
2025-12-01T08:32:18Z svc=scheduler level=INFO msg="token refresh completed in 7023ms"
2025-12-01T08:32:35Z svc=search level=INFO msg="token refresh completed in 9251ms"
2025-12-01T08:32:43Z svc=scheduler level=INFO msg="retry queue depth=598"
2025-12-01T08:32:46Z svc=authz level=INFO msg="webhook delivery attempt 3193 succeeded"
2025-12-01T08:33:01Z svc=billing level=INFO msg="retry queue depth=3625"
2025-12-01T08:33:08Z svc=scheduler level=INFO msg="cache eviction pass removed 8931 entries"
2025-12-01T08:33:12Z svc=api level=INFO msg="healthcheck ok rtt=3678ms"
2025-12-01T08:33:26Z svc=ingest level=INFO msg="compaction finished, 8761 segments merged"
2025-12-01T08:33:37Z svc=api level=INFO msg="retry queue depth=5694"
2025-12-01T08:33:51Z svc=billing level=INFO msg="cache eviction pass removed 4813 entries"
2025-12-01T08:33:59Z svc=api level=INFO msg="batch 5806 committed"
2025-12-01T08:34:02Z svc=authz level=INFO msg="token refresh completed in 8413ms"
2025-12-01T08:34:14Z svc=scheduler level=INFO msg="batch 6363 committed"
2025-12-01T08:34:19Z svc=scheduler level=INFO msg="token refresh completed in 8110ms"
2025-12-01T08:34:29Z svc=api level=INFO msg="healthcheck ok rtt=8384ms"
2025-12-01T08:34:42Z svc=scheduler level=INFO msg="healthcheck ok rtt=5668ms"
2025-12-01T08:34:58Z svc=scheduler level=INFO msg="batch 7150 committed"
2025-12-01T08:35:12Z svc=search level=INFO msg="token refresh completed in 8355ms"
2025-12-01T08:35:19Z svc=api level=INFO msg="healthcheck ok rtt=3850ms"
2025-12-01T08:35:36Z svc=search level=INFO msg="batch 8529 committed"
2025-12-01T08:35:47Z svc=scheduler level=INFO msg="batch 3754 committed"
2025-12-01T08:35:52Z svc=search level=INFO msg="batch 1472 committed"
2025-12-01T08:36:04Z svc=billing level=INFO msg="compaction finished, 9500 segments merged"
2025-12-01T08:36:15Z svc=search level=INFO msg="cache eviction pass removed 278 entries"
2025-12-01T08:36:24Z svc=scheduler level=INFO msg="batch 1165 committed"
2025-12-01T08:36:32Z svc=search level=INFO msg="cache eviction pass removed 7045 entries"
2025-12-01T08:36:40Z svc=authz level=INFO msg="retry queue depth=1587"
2025-12-01T08:36:57Z svc=search level=INFO msg="retry queue depth=2988"
2025-12-01T08:37:04Z svc=billing level=INFO msg="batch 9278 committed"
2025-12-01T08:37:15Z svc=api level=INFO msg="retry queue depth=4708"
2025-12-01T08:37:22Z svc=authz level=INFO msg="healthcheck ok rtt=7692ms"
2025-12-01T08:37:35Z svc=api level=INFO msg="token refresh completed in 8930ms"
2025-12-01T08:37:50Z svc=authz level=INFO msg="webhook delivery attempt 5968 succeeded"
2025-12-01T08:37:57Z svc=billing level=INFO msg="batch 7929 committed"
2025-12-01T08:38:14Z svc=billing level=INFO msg="token refresh completed in 5693ms"
2025-12-01T08:38:20Z svc=billing level=INFO msg="compaction finished, 4730 segments merged"
2025-12-01T08:38:29Z svc=authz level=INFO msg="healthcheck ok rtt=7334ms"
2025-12-01T08:38:39Z svc=api level=INFO msg="retry queue depth=1512"
2025-12-01T08:38:47Z svc=authz level=INFO msg="webhook delivery attempt 3928 succeeded"
2025-12-01T08:38:56Z svc=api level=INFO msg="compaction finished, 4786 segments merged"
2025-12-01T08:39:11Z svc=api level=INFO msg="webhook delivery attempt 3698 succeeded"
2025-12-01T08:39:24Z svc=search level=INFO msg="webhook delivery attempt 4991 succeeded"
2025-12-01T08:39:36Z svc=ingest level=INFO msg="retry queue depth=6568"
2025-12-01T08:39:53Z svc=billing level=INFO msg="token refresh completed in 9224ms"
2025-12-01T08:40:00Z svc=scheduler level=INFO msg="retry queue depth=4788"
2025-12-01T08:40:17Z svc=billing level=INFO msg="healthcheck ok rtt=7889ms"
2025-12-01T08:40:30Z svc=authz level=INFO msg="retry queue depth=7487"
2025-12-01T08:40:43Z svc=billing level=INFO msg="retry queue depth=8794"
2025-12-01T08:40:48Z svc=ingest level=INFO msg="webhook delivery attempt 3158 succeeded"
2025-12-01T08:40:53Z svc=authz level=INFO msg="batch 1645 committed"
2025-12-01T08:41:05Z svc=billing level=INFO msg="cache eviction pass removed 9089 entries"
2025-12-01T08:41:08Z svc=scheduler level=INFO msg="batch 9100 committed"
2025-12-01T08:41:15Z svc=billing level=INFO msg="cache eviction pass removed 6839 entries"
2025-12-01T08:41:23Z svc=api level=INFO msg="batch 1143 committed"
2025-12-01T08:41:33Z svc=ingest level=INFO msg="cache eviction pass removed 606 entries"
2025-12-01T08:41:45Z svc=ingest level=INFO msg="webhook delivery attempt 9202 succeeded"
2025-12-01T08:42:02Z svc=ingest level=INFO msg="token refresh completed in 1390ms"
2025-12-01T08:42:05Z svc=billing level=INFO msg="token refresh completed in 1096ms"
2025-12-01T08:42:20Z svc=billing level=INFO msg="batch 9272 committed"
2025-12-01T08:42:31Z svc=api level=INFO msg="batch 4592 committed"
2025-12-01T08:42:38Z svc=ingest level=INFO msg="retry queue depth=606"
2025-12-01T08:42:53Z svc=api level=INFO msg="compaction finished, 4564 segments merged"
2025-12-01T08:43:10Z svc=ingest level=INFO msg="healthcheck ok rtt=6049ms"
2025-12-01T08:43:13Z svc=ingest level=INFO msg="retry queue depth=9315"
2025-12-01T08:43:26Z svc=authz level=INFO msg="webhook delivery attempt 690 succeeded"
2025-12-01T08:43:42Z svc=api level=INFO msg="healthcheck ok rtt=2552ms"
2025-12-01T08:43:57Z svc=billing level=INFO msg="webhook delivery attempt 6812 succeeded"
2025-12-01T08:44:08Z svc=search level=INFO msg="compaction finished, 4145 segments merged"
2025-12-01T08:44:19Z svc=authz level=INFO msg="cache eviction pass removed 488 entries"
2025-12-01T08:44:31Z svc=authz level=INFO msg="batch 7054 committed"
2025-12-01T08:44:44Z svc=ingest level=INFO msg="batch 8014 committed"
2025-12-01T08:44:47Z svc=api level=INFO msg="batch 8672 committed"
2025-12-01T08:44:54Z svc=authz level=INFO msg="compaction finished, 957 segments merged"
2025-12-01T08:45:11Z svc=billing level=INFO msg="retry queue depth=7495"
2025-12-01T08:45:20Z svc=api level=INFO msg="healthcheck ok rtt=2763ms"
2025-12-01T08:45:30Z svc=ingest level=INFO msg="retry queue depth=1263"
2025-12-01T08:45:39Z svc=billing level=INFO msg="healthcheck ok rtt=5876ms"
2025-12-01T08:45:50Z svc=search level=INFO msg="token refresh completed in 3585ms"
2025-12-01T08:45:57Z svc=billing level=INFO msg="healthcheck ok rtt=5650ms"
2025-12-01T08:46:08Z svc=search level=INFO msg="cache eviction pass removed 4034 entries"
2025-12-01T08:46:11Z svc=search level=INFO msg="cache eviction pass removed 8641 entries"
2025-12-01T08:46:19Z svc=api level=INFO msg="cache eviction pass removed 3230 entries"
2025-12-01T08:46:33Z svc=api level=INFO msg="token refresh completed in 3362ms"
2025-12-01T08:46:45Z svc=ingest level=INFO msg="healthcheck ok rtt=7281ms"
2025-12-01T08:46:49Z svc=api level=INFO msg="retry queue depth=4890"
2025-12-01T08:47:04Z svc=scheduler level=INFO msg="compaction finished, 6046 segments merged"
2025-12-01T08:47:17Z svc=scheduler level=INFO msg="retry queue depth=5738"
2025-12-01T08:47:32Z svc=api level=INFO msg="healthcheck ok rtt=9392ms"
2025-12-01T08:47:41Z svc=billing level=INFO msg="compaction finished, 7005 segments merged"
2025-12-01T08:47:46Z svc=api level=INFO msg="retry queue depth=2076"
2025-12-01T08:47:49Z svc=authz level=INFO msg="retry queue depth=2576"
2025-12-01T08:48:01Z svc=billing level=INFO msg="webhook delivery attempt 3036 succeeded"
2025-12-01T08:48:04Z svc=billing level=INFO msg="retry queue depth=3325"
2025-12-01T08:48:20Z svc=scheduler level=INFO msg="cache eviction pass removed 5021 entries"
2025-12-01T08:48:33Z svc=ingest level=INFO msg="token refresh completed in 5190ms"
2025-12-01T08:48:36Z svc=ingest level=INFO msg="batch 164 committed"
2025-12-01T08:48:44Z svc=ingest level=INFO msg="batch 6364 committed"
2025-12-01T08:48:50Z svc=api level=INFO msg="compaction finished, 1999 segments merged"
2025-12-01T08:48:53Z svc=api level=INFO msg="retry queue depth=1298"
2025-12-01T08:49:06Z svc=billing level=INFO msg="cache eviction pass removed 8923 entries"
2025-12-01T08:49:16Z svc=authz level=INFO msg="token refresh completed in 3724ms"
2025-12-01T08:49:32Z svc=api level=INFO msg="healthcheck ok rtt=871ms"
2025-12-01T08:49:48Z svc=ingest level=INFO msg="webhook delivery attempt 4350 succeeded"
2025-12-01T08:50:02Z svc=api level=INFO msg="token refresh completed in 5873ms"
2025-12-01T08:50:05Z svc=search level=INFO msg="webhook delivery attempt 301 succeeded"
2025-12-01T08:50:22Z svc=ingest level=INFO msg="healthcheck ok rtt=6063ms"
2025-12-01T08:50:26Z svc=search level=INFO msg="compaction finished, 5614 segments merged"
2025-12-01T08:50:36Z svc=authz level=INFO msg="batch 744 committed"
2025-12-01T08:50:41Z svc=scheduler level=INFO msg="retry queue depth=7452"
2025-12-01T08:50:52Z svc=billing level=INFO msg="retry queue depth=6069"
2025-12-01T08:50:59Z svc=scheduler level=INFO msg="retry queue depth=4120"
2025-12-01T08:51:09Z svc=search level=INFO msg="retry queue depth=9251"
2025-12-01T08:51:15Z svc=search level=INFO msg="healthcheck ok rtt=1976ms"
2025-12-01T08:51:27Z svc=authz level=INFO msg="retry queue depth=3344"
2025-12-01T08:51:43Z svc=billing level=INFO msg="batch 739 committed"
2025-12-01T08:51:54Z svc=scheduler level=INFO msg="batch 8357 committed"
2025-12-01T08:52:06Z svc=api level=INFO msg="webhook delivery attempt 6382 succeeded"
2025-12-01T08:52:15Z svc=ingest level=INFO msg="compaction finished, 584 segments merged"
2025-12-01T08:52:18Z svc=ingest level=INFO msg="webhook delivery attempt 5336 succeeded"
2025-12-01T08:52:32Z svc=scheduler level=INFO msg="healthcheck ok rtt=5327ms"
2025-12-01T08:52:47Z svc=scheduler level=INFO msg="compaction finished, 8918 segments merged"
2025-12-01T08:53:02Z svc=api level=INFO msg="retry queue depth=7297"
2025-12-01T08:53:14Z svc=api level=INFO msg="cache eviction pass removed 1359 entries"
2025-12-01T08:53:20Z svc=authz level=INFO msg="webhook delivery attempt 3226 succeeded"
2025-12-01T08:53:29Z svc=search level=INFO msg="batch 1552 committed"
2025-12-01T08:53:42Z svc=scheduler level=INFO msg="compaction finished, 1584 segments merged"
2025-12-01T08:53:56Z svc=authz level=INFO msg="webhook delivery attempt 2847 succeeded"
2025-12-01T08:54:08Z svc=authz level=INFO msg="healthcheck ok rtt=337ms"
2025-12-01T08:54:25Z svc=billing level=INFO msg="webhook delivery attempt 9005 succeeded"
2025-12-01T08:54:42Z svc=api level=INFO msg="webhook delivery attempt 2329 succeeded"
2025-12-01T08:54:52Z svc=scheduler level=INFO msg="retry queue depth=274"
2025-12-01T08:55:04Z svc=billing level=INFO msg="compaction finished, 4806 segments merged"
2025-12-01T08:55:16Z svc=scheduler level=INFO msg="batch 4785 committed"
2025-12-01T08:55:33Z svc=billing level=INFO msg="token refresh completed in 8057ms"
2025-12-01T08:55:49Z svc=api level=INFO msg="token refresh completed in 2900ms"
2025-12-01T08:55:52Z svc=scheduler level=INFO msg="compaction finished, 2772 segments merged"
2025-12-01T08:56:00Z svc=api level=INFO msg="batch 8394 committed"
2025-12-01T08:56:14Z svc=authz level=INFO msg="cache eviction pass removed 5165 entries"
2025-12-01T08:56:18Z svc=billing level=INFO msg="batch 556 committed"
2025-12-01T08:56:24Z svc=authz level=INFO msg="healthcheck ok rtt=4716ms"
2025-12-01T08:56:34Z svc=ingest level=INFO msg="batch 4359 committed"
2025-12-01T08:56:48Z svc=authz level=INFO msg="healthcheck ok rtt=1376ms"
2025-12-01T08:56:58Z svc=ingest level=INFO msg="retry queue depth=8400"
2025-12-01T08:57:01Z svc=authz level=INFO msg="healthcheck ok rtt=4408ms"
2025-12-01T08:57:17Z svc=authz level=INFO msg="batch 6120 committed"
2025-12-01T08:57:24Z svc=api level=INFO msg="webhook delivery attempt 1427 succeeded"
2025-12-01T08:57:30Z svc=billing level=INFO msg="cache eviction pass removed 6826 entries"
2025-12-01T08:57:36Z svc=scheduler level=INFO msg="webhook delivery attempt 2943 succeeded"
2025-12-01T08:57:47Z svc=authz level=INFO msg="batch 1751 committed"
2025-12-01T08:57:59Z svc=billing level=INFO msg="cache eviction pass removed 4159 entries"
2025-12-01T08:58:08Z svc=authz level=INFO msg="webhook delivery attempt 6783 succeeded"
2025-12-01T08:58:23Z svc=scheduler level=INFO msg="healthcheck ok rtt=632ms"
2025-12-01T08:58:30Z svc=api level=INFO msg="retry queue depth=8505"
2025-12-01T08:58:38Z svc=billing level=INFO msg="healthcheck ok rtt=680ms"
2025-12-01T08:58:43Z svc=scheduler level=INFO msg="cache eviction pass removed 5262 entries"
2025-12-01T08:58:56Z svc=api level=INFO msg="healthcheck ok rtt=124ms"
2025-12-01T08:59:00Z svc=api level=INFO msg="retry queue depth=223"
2025-12-01T08:59:04Z svc=authz level=INFO msg="batch 8433 committed"
2025-12-01T08:59:18Z svc=ingest level=INFO msg="batch 7560 committed"
2025-12-01T08:59:29Z svc=scheduler level=INFO msg="compaction finished, 3849 segments merged"
2025-12-01T08:59:39Z svc=ingest level=INFO msg="compaction finished, 4564 segments merged"
2025-12-01T08:59:43Z svc=api level=INFO msg="compaction finished, 773 segments merged"
2025-12-01T08:59:47Z svc=authz level=INFO msg="retry queue depth=4059"
2025-12-01T08:59:58Z svc=authz level=INFO msg="cache eviction pass removed 1699 entries"
2025-12-01T09:00:02Z svc=billing level=INFO msg="batch 4694 committed"
2025-12-01T09:00:13Z svc=scheduler level=INFO msg="webhook delivery attempt 6769 succeeded"
2025-12-01T09:00:26Z svc=api level=INFO msg="retry queue depth=1526"
2025-12-01T09:00:33Z svc=scheduler level=INFO msg="healthcheck ok rtt=5387ms"
2025-12-01T09:00:45Z svc=ingest level=INFO msg="healthcheck ok rtt=8514ms"
2025-12-01T09:00:55Z svc=ingest level=INFO msg="webhook delivery attempt 7145 succeeded"
2025-12-01T09:01:11Z svc=authz level=INFO msg="healthcheck ok rtt=4291ms"
2025-12-01T09:01:23Z svc=search level=INFO msg="batch 3023 committed"
2025-12-01T09:01:27Z svc=authz level=INFO msg="webhook delivery attempt 2466 succeeded"
2025-12-01T09:01:35Z svc=scheduler level=INFO msg="retry queue depth=9442"
2025-12-01T09:01:42Z svc=search level=INFO msg="cache eviction pass removed 7874 entries"
2025-12-01T09:01:52Z svc=search level=INFO msg="compaction finished, 6128 segments merged"
2025-12-01T09:01:59Z svc=api level=INFO msg="batch 1947 committed"
2025-12-01T09:02:09Z svc=billing level=INFO msg="compaction finished, 4281 segments merged"
2025-12-01T09:02:12Z svc=api level=INFO msg="batch 5638 committed"
2025-12-01T09:02:23Z svc=ingest level=INFO msg="compaction finished, 9079 segments merged"
2025-12-01T09:02:34Z svc=billing level=INFO msg="compaction finished, 1908 segments merged"
2025-12-01T09:02:43Z svc=authz level=INFO msg="webhook delivery attempt 3621 succeeded"
2025-12-01T09:03:00Z svc=scheduler level=INFO msg="healthcheck ok rtt=3576ms"
2025-12-01T09:03:07Z svc=ingest level=INFO msg="retry queue depth=8255"
2025-12-01T09:03:21Z svc=search level=INFO msg="webhook delivery attempt 7106 succeeded"
2025-12-01T09:03:38Z svc=scheduler level=INFO msg="token refresh completed in 5679ms"
2025-12-01T09:03:43Z svc=scheduler level=INFO msg="batch 5326 committed"
2025-12-01T09:03:59Z svc=api level=INFO msg="batch 1935 committed"
2025-12-01T09:04:06Z svc=search level=INFO msg="retry queue depth=5558"
2025-12-01T09:04:14Z svc=authz level=INFO msg="compaction finished, 7630 segments merged"
2025-12-01T09:04:18Z svc=billing level=INFO msg="batch 8068 committed"
2025-12-01T09:04:22Z svc=scheduler level=INFO msg="batch 8106 committed"
2025-12-01T09:04:31Z svc=ingest level=INFO msg="batch 4394 committed"
2025-12-01T09:04:39Z svc=scheduler level=INFO msg="webhook delivery attempt 9164 succeeded"
2025-12-01T09:04:46Z svc=ingest level=INFO msg="cache eviction pass removed 6162 entries"
2025-12-01T09:04:52Z svc=billing level=INFO msg="token refresh completed in 1016ms"
2025-12-01T09:05:07Z svc=search level=INFO msg="healthcheck ok rtt=311ms"
2025-12-01T09:05:24Z svc=scheduler level=INFO msg="batch 9125 committed"
2025-12-01T09:05:29Z svc=api level=INFO msg="healthcheck ok rtt=4236ms"
2025-12-01T09:05:40Z svc=billing level=INFO msg="batch 7279 committed"
2025-12-01T09:05:45Z svc=scheduler level=INFO msg="compaction finished, 5887 segments merged"
2025-12-01T09:06:02Z svc=billing level=INFO msg="compaction finished, 4671 segments merged"
2025-12-01T09:06:08Z svc=authz level=INFO msg="cache eviction pass removed 5101 entries"
2025-12-01T09:06:23Z svc=api level=INFO msg="batch 4965 committed"
2025-12-01T09:06:40Z svc=billing level=INFO msg="webhook delivery attempt 7905 succeeded"
2025-12-01T09:06:51Z svc=search level=INFO msg="token refresh completed in 4708ms"
2025-12-01T09:07:00Z svc=billing level=INFO msg="compaction finished, 9116 segments merged"
2025-12-01T09:07:04Z svc=scheduler level=INFO msg="webhook delivery attempt 575 succeeded"
2025-12-01T09:07:12Z svc=authz level=INFO msg="compaction finished, 5667 segments merged"
2025-12-01T09:07:27Z svc=api level=INFO msg="batch 5570 committed"
2025-12-01T09:07:35Z svc=search level=INFO msg="retry queue depth=6570"
2025-12-01T09:07:49Z svc=scheduler level=INFO msg="webhook delivery attempt 666 succeeded"
2025-12-01T09:07:58Z svc=ingest level=INFO msg="retry queue depth=9157"
2025-12-01T09:08:11Z svc=billing level=INFO msg="cache eviction pass removed 5617 entries"
2025-12-01T09:08:18Z svc=api level=INFO msg="cache eviction pass removed 3876 entries"
2025-12-01T09:08:21Z svc=ingest level=INFO msg="webhook delivery attempt 9118 succeeded"
2025-12-01T09:08:33Z svc=search level=INFO msg="healthcheck ok rtt=7729ms"
2025-12-01T09:08:40Z svc=billing level=INFO msg="webhook delivery attempt 4236 succeeded"
2025-12-01T09:08:51Z svc=authz level=INFO msg="batch 1439 committed"
2025-12-01T09:09:07Z svc=ingest level=INFO msg="token refresh completed in 3679ms"
2025-12-01T09:09:23Z svc=scheduler level=INFO msg="retry queue depth=411"
2025-12-01T09:09:29Z svc=billing level=INFO msg="compaction finished, 2849 segments merged"
2025-12-01T09:09:42Z svc=ingest level=INFO msg="webhook delivery attempt 7876 succeeded"
2025-12-01T09:09:55Z svc=authz level=INFO msg="compaction finished, 3193 segments merged"
2025-12-01T09:10:07Z svc=authz level=INFO msg="retry queue depth=7745"
2025-12-01T09:10:24Z svc=billing level=INFO msg="webhook delivery attempt 6587 succeeded"
2025-12-01T09:10:32Z svc=billing level=INFO msg="batch 2379 committed"
2025-12-01T09:10:42Z svc=ingest level=INFO msg="batch 1455 committed"
2025-12-01T09:10:54Z svc=scheduler level=INFO msg="healthcheck ok rtt=7411ms"
2025-12-01T09:11:07Z svc=authz level=INFO msg="healthcheck ok rtt=7211ms"
2025-12-01T09:11:15Z svc=billing level=INFO msg="batch 7217 committed"
2025-12-01T09:11:25Z svc=billing level=INFO msg="batch 148 committed"
2025-12-01T09:11:30Z svc=ingest level=INFO msg="healthcheck ok rtt=5532ms"
2025-12-01T09:11:37Z svc=authz level=INFO msg="batch 4921 committed"
2025-12-01T09:11:41Z svc=ingest level=INFO msg="batch 4955 committed"
2025-12-01T09:11:48Z svc=search level=INFO msg="webhook delivery attempt 7361 succeeded"
2025-12-01T09:12:05Z svc=api level=INFO msg="webhook delivery attempt 5199 succeeded"
2025-12-01T09:12:11Z svc=billing level=INFO msg="retry queue depth=6974"
2025-12-01T09:12:16Z svc=search level=INFO msg="healthcheck ok rtt=8891ms"
2025-12-01T09:12:21Z svc=scheduler level=INFO msg="token refresh completed in 5642ms"
2025-12-01T09:12:27Z svc=authz level=INFO msg="healthcheck ok rtt=4084ms"
2025-12-01T09:12:36Z svc=authz level=INFO msg="cache eviction pass removed 4498 entries"
2025-12-01T09:12:47Z svc=scheduler level=INFO msg="retry queue depth=2527"
2025-12-01T09:12:51Z svc=scheduler level=INFO msg="token refresh completed in 2369ms"
2025-12-01T09:13:06Z svc=api level=INFO msg="batch 3735 committed"
2025-12-01T09:13:16Z svc=authz level=INFO msg="healthcheck ok rtt=7762ms"
2025-12-01T09:13:31Z svc=ingest level=INFO msg="webhook delivery attempt 3772 succeeded"
2025-12-01T09:13:35Z svc=billing level=INFO msg="retry queue depth=3752"
2025-12-01T09:13:51Z svc=api level=INFO msg="compaction finished, 5903 segments merged"
2025-12-01T09:14:01Z svc=api level=INFO msg="healthcheck ok rtt=9174ms"
2025-12-01T09:14:13Z svc=scheduler level=INFO msg="token refresh completed in 4733ms"
2025-12-01T09:14:30Z svc=authz level=INFO msg="healthcheck ok rtt=7365ms"
2025-12-01T09:14:38Z svc=billing level=INFO msg="healthcheck ok rtt=280ms"
2025-12-01T09:14:44Z svc=ingest level=INFO msg="batch 8348 committed"
2025-12-01T09:14:54Z svc=api level=INFO msg="compaction finished, 7971 segments merged"
2025-12-01T09:15:00Z svc=api level=INFO msg="cache eviction pass removed 9419 entries"
2025-12-01T09:15:15Z svc=api level=INFO msg="webhook delivery attempt 9107 succeeded"
2025-12-01T09:15:26Z svc=search level=INFO msg="compaction finished, 1362 segments merged"
2025-12-01T09:15:29Z svc=scheduler level=INFO msg="webhook delivery attempt 8444 succeeded"
2025-12-01T09:15:37Z svc=authz level=INFO msg="compaction finished, 5335 segments merged"
2025-12-01T09:15:47Z svc=search level=INFO msg="healthcheck ok rtt=8428ms"
2025-12-01T09:15:57Z svc=authz level=INFO msg="retry queue depth=4913"
2025-12-01T09:16:05Z svc=scheduler level=INFO msg="batch 1977 committed"
2025-12-01T09:16:09Z svc=authz level=INFO msg="webhook delivery attempt 1116 succeeded"
2025-12-01T09:16:22Z svc=api level=INFO msg="healthcheck ok rtt=237ms"
2025-12-01T09:16:36Z svc=scheduler level=INFO msg="webhook delivery attempt 8843 succeeded"
2025-12-01T09:16:42Z svc=scheduler level=INFO msg="token refresh completed in 9396ms"
2025-12-01T09:16:58Z svc=api level=INFO msg="compaction finished, 1434 segments merged"
2025-12-01T09:17:11Z svc=scheduler level=INFO msg="webhook delivery attempt 235 succeeded"
2025-12-01T09:17:15Z svc=search level=INFO msg="batch 6168 committed"
2025-12-01T09:17:18Z svc=search level=INFO msg="compaction finished, 5577 segments merged"
2025-12-01T09:17:27Z svc=scheduler level=INFO msg="batch 5675 committed"
2025-12-01T09:17:32Z svc=search level=INFO msg="batch 3775 committed"
2025-12-01T09:17:45Z svc=authz level=INFO msg="batch 5469 committed"
2025-12-01T09:17:59Z svc=scheduler level=INFO msg="batch 9061 committed"
2025-12-01T09:18:14Z svc=billing level=INFO msg="batch 7798 committed"
2025-12-01T09:18:23Z svc=scheduler level=INFO msg="healthcheck ok rtt=6083ms"
2025-12-01T09:18:26Z svc=billing level=INFO msg="token refresh completed in 160ms"
2025-12-01T09:18:41Z svc=authz level=INFO msg="batch 72 committed"
2025-12-01T09:18:51Z svc=ingest level=INFO msg="batch 8692 committed"
2025-12-01T09:19:06Z svc=api level=INFO msg="webhook delivery attempt 5118 succeeded"
2025-12-01T09:19:16Z svc=billing level=INFO msg="retry queue depth=8395"
2025-12-01T09:19:26Z svc=search level=INFO msg="token refresh completed in 3596ms"
2025-12-01T09:19:32Z svc=ingest level=INFO msg="batch 5988 committed"
2025-12-01T09:19:41Z svc=billing level=INFO msg="token refresh completed in 3221ms"
2025-12-01T09:19:57Z svc=ingest level=INFO msg="retry queue depth=7228"
2025-12-01T09:20:13Z svc=api level=INFO msg="compaction finished, 9176 segments merged"
2025-12-01T09:20:23Z svc=api level=INFO msg="token refresh completed in 2231ms"
2025-12-01T09:20:26Z svc=api level=INFO msg="healthcheck ok rtt=8159ms"
2025-12-01T09:20:38Z svc=search level=INFO msg="compaction finished, 1444 segments merged"
2025-12-01T09:20:51Z svc=billing level=INFO msg="compaction finished, 8697 segments merged"
2025-12-01T09:20:55Z svc=search level=INFO msg="batch 5500 committed"
2025-12-01T09:21:12Z svc=billing level=INFO msg="token refresh completed in 1235ms"
2025-12-01T09:21:17Z svc=search level=INFO msg="retry queue depth=4784"
2025-12-01T09:21:25Z svc=ingest level=INFO msg="retry queue depth=5767"
2025-12-01T09:21:29Z svc=api level=INFO msg="retry queue depth=8829"
2025-12-01T09:21:33Z svc=search level=INFO msg="batch 1527 committed"
2025-12-01T09:21:45Z svc=billing level=INFO msg="token refresh completed in 5045ms"
2025-12-01T09:21:52Z svc=billing level=INFO msg="compaction finished, 2784 segments merged"
2025-12-01T09:21:57Z svc=search level=INFO msg="retry queue depth=7445"
2025-12-01T09:22:00Z svc=scheduler level=INFO msg="healthcheck ok rtt=1298ms"
2025-12-01T09:22:13Z svc=authz level=INFO msg="cache eviction pass removed 6024 entries"
2025-12-01T09:22:18Z svc=api level=INFO msg="healthcheck ok rtt=9257ms"
2025-12-01T09:22:29Z svc=api level=INFO msg="batch 8965 committed"
2025-12-01T09:22:42Z svc=billing level=INFO msg="webhook delivery attempt 1014 succeeded"
2025-12-01T09:22:59Z svc=ingest level=INFO msg="retry queue depth=2643"
2025-12-01T09:23:07Z svc=search level=INFO msg="retry queue depth=1464"
2025-12-01T09:23:23Z svc=scheduler level=INFO msg="healthcheck ok rtt=1460ms"
2025-12-01T09:23:36Z svc=ingest level=INFO msg="compaction finished, 7704 segments merged"
2025-12-01T09:23:49Z svc=authz level=INFO msg="compaction finished, 8818 segments merged"
2025-12-01T09:24:05Z svc=authz level=INFO msg="compaction finished, 713 segments merged"
2025-12-01T09:24:10Z svc=ingest level=INFO msg="compaction finished, 8377 segments merged"
2025-12-01T09:24:14Z svc=ingest level=INFO msg="batch 6279 committed"
2025-12-01T09:24:25Z svc=authz level=INFO msg="webhook delivery attempt 1412 succeeded"
2025-12-01T09:24:41Z svc=api level=INFO msg="token refresh completed in 6365ms"
2025-12-01T09:24:56Z svc=billing level=INFO msg="compaction finished, 8031 segments merged"
2025-12-01T09:25:13Z svc=ingest level=INFO msg="healthcheck ok rtt=5371ms"
2025-12-01T09:25:26Z svc=scheduler level=INFO msg="batch 6277 committed"
2025-12-01T09:25:35Z svc=search level=INFO msg="webhook delivery attempt 198 succeeded"
2025-12-01T09:25:51Z svc=ingest level=INFO msg="webhook delivery attempt 2423 succeeded"
2025-12-01T09:26:04Z svc=scheduler level=INFO msg="compaction finished, 2006 segments merged"
2025-12-01T09:26:09Z svc=authz level=INFO msg="compaction finished, 3781 segments merged"
2025-12-01T09:26:16Z svc=search level=INFO msg="batch 609 committed"
2025-12-01T09:26:29Z svc=billing level=INFO msg="batch 4098 committed"
2025-12-01T09:26:33Z svc=ingest level=INFO msg="webhook delivery attempt 8473 succeeded"
2025-12-01T09:26:47Z svc=authz level=INFO msg="webhook delivery attempt 4927 succeeded"
2025-12-01T09:26:58Z svc=ingest level=INFO msg="cache eviction pass removed 2309 entries"
2025-12-01T09:27:13Z svc=scheduler level=INFO msg="retry queue depth=842"
2025-12-01T09:27:21Z svc=authz level=INFO msg="webhook delivery attempt 2835 succeeded"
2025-12-01T09:27:34Z svc=scheduler level=INFO msg="token refresh completed in 4509ms"
2025-12-01T09:27:45Z svc=scheduler level=INFO msg="retry queue depth=6530"
2025-12-01T09:27:56Z svc=search level=INFO msg="healthcheck ok rtt=7950ms"
2025-12-01T09:28:05Z svc=ingest level=INFO msg="compaction finished, 316 segments merged"
2025-12-01T09:28:11Z svc=authz level=INFO msg="retry queue depth=8434"
2025-12-01T09:28:20Z svc=scheduler level=INFO msg="healthcheck ok rtt=5672ms"
2025-12-01T09:28:29Z svc=ingest level=INFO msg="healthcheck ok rtt=4270ms"
2025-12-01T09:28:40Z svc=api level=INFO msg="webhook delivery attempt 267 succeeded"
2025-12-01T09:28:53Z svc=billing level=INFO msg="cache eviction pass removed 8981 entries"
2025-12-01T09:29:00Z svc=api level=INFO msg="token refresh completed in 5314ms"
2025-12-01T09:29:13Z svc=scheduler level=INFO msg="webhook delivery attempt 3119 succeeded"
2025-12-01T09:29:21Z svc=scheduler level=INFO msg="healthcheck ok rtt=3490ms"
2025-12-01T09:29:37Z svc=search level=INFO msg="healthcheck ok rtt=2846ms"
2025-12-01T09:29:54Z svc=authz level=INFO msg="webhook delivery attempt 9241 succeeded"
2025-12-01T09:30:07Z svc=billing level=INFO msg="compaction finished, 6203 segments merged"
2025-12-01T09:30:13Z svc=ingest level=INFO msg="batch 1997 committed"
2025-12-01T09:30:24Z svc=authz level=INFO msg="token refresh completed in 4972ms"
2025-12-01T09:30:36Z svc=ingest level=INFO msg="cache eviction pass removed 4128 entries"
2025-12-01T09:30:50Z svc=ingest level=INFO msg="compaction finished, 6507 segments merged"
2025-12-01T09:30:53Z svc=search level=INFO msg="retry queue depth=3055"
2025-12-01T09:31:09Z svc=api level=INFO msg="retry queue depth=8088"
2025-12-01T09:31:18Z svc=billing level=INFO msg="webhook delivery attempt 7344 succeeded"
2025-12-01T09:31:25Z svc=scheduler level=INFO msg="cache eviction pass removed 7539 entries"
2025-12-01T09:31:29Z svc=scheduler level=INFO msg="batch 5660 committed"
2025-12-01T09:31:42Z svc=ingest level=INFO msg="cache eviction pass removed 2194 entries"
2025-12-01T09:31:48Z svc=search level=INFO msg="webhook delivery attempt 6547 succeeded"
2025-12-01T09:31:56Z svc=scheduler level=INFO msg="healthcheck ok rtt=4926ms"
2025-12-01T09:32:10Z svc=scheduler level=INFO msg="healthcheck ok rtt=1123ms"
2025-12-01T09:32:24Z svc=scheduler level=INFO msg="webhook delivery attempt 7408 succeeded"
2025-12-01T09:32:30Z svc=scheduler level=INFO msg="cache eviction pass removed 9182 entries"
2025-12-01T09:32:41Z svc=api level=INFO msg="token refresh completed in 7814ms"
2025-12-01T09:32:44Z svc=api level=INFO msg="retry queue depth=4571"
2025-12-01T09:32:47Z svc=authz level=INFO msg="webhook delivery attempt 8056 succeeded"
2025-12-01T09:32:50Z svc=ingest level=INFO msg="batch 4670 committed"
2025-12-01T09:33:07Z svc=search level=INFO msg="webhook delivery attempt 3371 succeeded"
2025-12-01T09:33:10Z svc=ingest level=INFO msg="batch 4391 committed"
2025-12-01T09:33:14Z svc=billing level=INFO msg="batch 6625 committed"
2025-12-01T09:33:28Z svc=billing level=INFO msg="batch 8791 committed"
2025-12-01T09:33:40Z svc=authz level=INFO msg="webhook delivery attempt 3850 succeeded"
2025-12-01T09:33:46Z svc=ingest level=INFO msg="webhook delivery attempt 7349 succeeded"
2025-12-01T09:33:59Z svc=api level=INFO msg="token refresh completed in 917ms"
2025-12-01T09:34:02Z svc=ingest level=INFO msg="healthcheck ok rtt=8248ms"
2025-12-01T09:34:16Z svc=api level=INFO msg="token refresh completed in 6283ms"
2025-12-01T09:34:33Z svc=api level=INFO msg="cache eviction pass removed 7022 entries"
2025-12-01T09:34:37Z svc=ingest level=INFO msg="cache eviction pass removed 488 entries"
2025-12-01T09:34:53Z svc=ingest level=INFO msg="compaction finished, 8853 segments merged"
2025-12-01T09:34:58Z svc=scheduler level=INFO msg="healthcheck ok rtt=4787ms"
2025-12-01T09:35:13Z svc=api level=INFO msg="webhook delivery attempt 859 succeeded"
2025-12-01T09:35:21Z svc=authz level=INFO msg="token refresh completed in 6794ms"
2025-12-01T09:35:31Z svc=billing level=INFO msg="webhook delivery attempt 1672 succeeded"
2025-12-01T09:35:43Z svc=ingest level=INFO msg="retry queue depth=45"
2025-12-01T09:35:46Z svc=ingest level=INFO msg="token refresh completed in 4224ms"
2025-12-01T09:36:00Z svc=ingest level=INFO msg="healthcheck ok rtt=1014ms"
2025-12-01T09:36:05Z svc=scheduler level=INFO msg="healthcheck ok rtt=8360ms"
2025-12-01T09:36:11Z svc=ingest level=INFO msg="token refresh completed in 3575ms"
2025-12-01T09:36:19Z svc=scheduler level=INFO msg="webhook delivery attempt 5981 succeeded"
2025-12-01T09:36:35Z svc=billing level=INFO msg="compaction finished, 175 segments merged"
2025-12-01T09:36:41Z svc=search level=INFO msg="batch 7633 committed"
2025-12-01T09:36:44Z svc=search level=INFO msg="compaction finished, 5625 segments merged"
2025-12-01T09:36:50Z svc=search level=INFO msg="batch 4582 committed"
2025-12-01T09:37:02Z svc=authz level=INFO msg="batch 7048 committed"
2025-12-01T09:37:07Z svc=billing level=INFO msg="webhook delivery attempt 3203 succeeded"
2025-12-01T09:37:21Z svc=scheduler level=INFO msg="healthcheck ok rtt=1085ms"
2025-12-01T09:37:30Z svc=ingest level=INFO msg="healthcheck ok rtt=8501ms"
2025-12-01T09:37:43Z svc=ingest level=INFO msg="webhook delivery attempt 8476 succeeded"
2025-12-01T09:37:47Z svc=ingest level=INFO msg="retry queue depth=3147"
2025-12-01T09:38:02Z svc=scheduler level=INFO msg="compaction finished, 4645 segments merged"
2025-12-01T09:38:14Z svc=billing level=INFO msg="healthcheck ok rtt=2595ms"
2025-12-01T09:38:20Z svc=billing level=INFO msg="compaction finished, 1126 segments merged"
2025-12-01T09:38:27Z svc=ingest level=INFO msg="webhook delivery attempt 3745 succeeded"
2025-12-01T09:38:30Z svc=billing level=INFO msg="token refresh completed in 3013ms"
2025-12-01T09:38:47Z svc=api level=INFO msg="webhook delivery attempt 6917 succeeded"
2025-12-01T09:38:59Z svc=api level=INFO msg="batch 2606 committed"
2025-12-01T09:39:02Z svc=billing level=INFO msg="healthcheck ok rtt=859ms"
2025-12-01T09:39:05Z svc=search level=INFO msg="webhook delivery attempt 3102 succeeded"
2025-12-01T09:39:19Z svc=authz level=INFO msg="healthcheck ok rtt=5786ms"
2025-12-01T09:39:29Z svc=authz level=INFO msg="retry queue depth=3543"
2025-12-01T09:39:33Z svc=authz level=INFO msg="healthcheck ok rtt=3248ms"
2025-12-01T09:39:39Z svc=api level=INFO msg="webhook delivery attempt 8777 succeeded"
2025-12-01T09:39:52Z svc=scheduler level=INFO msg="healthcheck ok rtt=2075ms"
2025-12-01T09:39:58Z svc=search level=INFO msg="cache eviction pass removed 5007 entries"
2025-12-01T09:40:03Z svc=billing level=INFO msg="batch 2691 committed"
2025-12-01T09:40:18Z svc=authz level=INFO msg="compaction finished, 543 segments merged"
2025-12-01T09:40:23Z svc=search level=INFO msg="cache eviction pass removed 460 entries"
2025-12-01T09:40:28Z svc=billing level=INFO msg="healthcheck ok rtt=1020ms"
2025-12-01T09:40:42Z svc=search level=INFO msg="token refresh completed in 4670ms"
2025-12-01T09:40:57Z svc=billing level=INFO msg="batch 9109 committed"
2025-12-01T09:41:10Z svc=scheduler level=INFO msg="webhook delivery attempt 5247 succeeded"
2025-12-01T09:41:22Z svc=api level=INFO msg="webhook delivery attempt 5446 succeeded"
2025-12-01T09:41:39Z svc=billing level=INFO msg="retry queue depth=8083"
2025-12-01T09:41:54Z svc=billing level=INFO msg="webhook delivery attempt 5322 succeeded"
2025-12-01T09:42:05Z svc=api level=INFO msg="compaction finished, 2278 segments merged"
2025-12-01T09:42:18Z svc=ingest level=INFO msg="webhook delivery attempt 270 succeeded"
2025-12-01T09:42:22Z svc=billing level=INFO msg="healthcheck ok rtt=8425ms"
2025-12-01T09:42:29Z svc=api level=INFO msg="healthcheck ok rtt=4692ms"
2025-12-01T09:42:45Z svc=ingest level=INFO msg="cache eviction pass removed 7857 entries"
2025-12-01T09:42:54Z svc=scheduler level=INFO msg="retry queue depth=4719"
2025-12-01T09:43:02Z svc=authz level=INFO msg="healthcheck ok rtt=5706ms"
2025-12-01T09:43:09Z svc=authz level=INFO msg="batch 9496 committed"
2025-12-01T09:43:19Z svc=search level=INFO msg="cache eviction pass removed 6055 entries"
2025-12-01T09:43:28Z svc=ingest level=INFO msg="retry queue depth=2057"
2025-12-01T09:43:41Z svc=billing level=INFO msg="token refresh completed in 3076ms"
2025-12-01T09:43:44Z svc=scheduler level=INFO msg="retry queue depth=9093"
2025-12-01T09:43:52Z svc=scheduler level=INFO msg="webhook delivery attempt 8400 succeeded"
2025-12-01T09:44:05Z svc=api level=INFO msg="retry queue depth=43"
2025-12-01T09:44:21Z svc=billing level=INFO msg="cache eviction pass removed 7867 entries"
2025-12-01T09:44:26Z svc=authz level=INFO msg="batch 5206 committed"
2025-12-01T09:44:34Z svc=api level=INFO msg="token refresh completed in 544ms"
2025-12-01T09:44:50Z svc=scheduler level=INFO msg="compaction finished, 2673 segments merged"
2025-12-01T09:45:07Z svc=api level=INFO msg="cache eviction pass removed 6933 entries"
2025-12-01T09:45:22Z svc=scheduler level=INFO msg="retry queue depth=8907"
2025-12-01T09:45:33Z svc=billing level=INFO msg="cache eviction pass removed 4880 entries"
2025-12-01T09:45:50Z svc=ingest level=INFO msg="token refresh completed in 3925ms"
2025-12-01T09:45:57Z svc=ingest level=INFO msg="batch 7544 committed"
2025-12-01T09:46:09Z svc=search level=INFO msg="batch 702 committed"
2025-12-01T09:46:24Z svc=billing level=INFO msg="cache eviction pass removed 6144 entries"
2025-12-01T09:46:39Z svc=ingest level=INFO msg="batch 315 committed"
2025-12-01T09:46:44Z svc=authz level=INFO msg="token refresh completed in 7851ms"
2025-12-01T09:46:52Z svc=search level=INFO msg="webhook delivery attempt 1437 succeeded"
2025-12-01T09:47:04Z svc=ingest level=INFO msg="retry queue depth=8461"
2025-12-01T09:47:21Z svc=authz level=INFO msg="webhook delivery attempt 4141 succeeded"
2025-12-01T09:47:31Z svc=api level=INFO msg="webhook delivery attempt 7327 succeeded"
2025-12-01T09:47:43Z svc=scheduler level=INFO msg="healthcheck ok rtt=4433ms"
2025-12-01T09:47:47Z svc=ingest level=INFO msg="healthcheck ok rtt=3730ms"
2025-12-01T09:47:50Z svc=billing level=INFO msg="batch 1428 committed"
2025-12-01T09:47:54Z svc=authz level=INFO msg="retry queue depth=5748"
2025-12-01T09:48:11Z svc=ingest level=INFO msg="batch 9184 committed"
2025-12-01T09:48:23Z svc=ingest level=INFO msg="token refresh completed in 3062ms"
2025-12-01T09:48:26Z svc=search level=INFO msg="webhook delivery attempt 8324 succeeded"
2025-12-01T09:48:32Z svc=authz level=INFO msg="token refresh completed in 3023ms"
2025-12-01T09:48:43Z svc=billing level=INFO msg="token refresh completed in 6096ms"
2025-12-01T09:48:50Z svc=ingest level=INFO msg="cache eviction pass removed 4307 entries"
2025-12-01T09:49:03Z svc=ingest level=INFO msg="retry queue depth=2240"
2025-12-01T09:49:15Z svc=authz level=INFO msg="token refresh completed in 2482ms"
2025-12-01T09:49:30Z svc=authz level=INFO msg="batch 778 committed"
2025-12-01T09:49:43Z svc=billing level=INFO msg="token refresh completed in 836ms"
2025-12-01T09:49:50Z svc=billing level=INFO msg="webhook delivery attempt 9066 succeeded"
2025-12-01T09:49:56Z svc=api level=INFO msg="cache eviction pass removed 5999 entries"
2025-12-01T09:50:05Z svc=api level=INFO msg="healthcheck ok rtt=5356ms"
2025-12-01T09:50:20Z svc=authz level=INFO msg="batch 5301 committed"
2025-12-01T09:50:37Z svc=ingest level=INFO msg="token refresh completed in 171ms"
2025-12-01T09:50:49Z svc=billing level=INFO msg="compaction finished, 7893 segments merged"
2025-12-01T09:51:04Z svc=search level=INFO msg="healthcheck ok rtt=1780ms"
2025-12-01T09:51:15Z svc=authz level=INFO msg="retry queue depth=2561"
2025-12-01T09:51:21Z svc=ingest level=INFO msg="compaction finished, 3764 segments merged"
2025-12-01T09:51:28Z svc=ingest level=INFO msg="compaction finished, 685 segments merged"
2025-12-01T09:51:39Z svc=billing level=INFO msg="batch 2389 committed"
2025-12-01T09:51:51Z svc=ingest level=INFO msg="compaction finished, 7866 segments merged"
2025-12-01T09:52:06Z svc=api level=INFO msg="retry queue depth=3531"
2025-12-01T09:52:17Z svc=authz level=INFO msg="cache eviction pass removed 8453 entries"
2025-12-01T09:52:31Z svc=search level=INFO msg="healthcheck ok rtt=7182ms"
2025-12-01T09:52:41Z svc=api level=INFO msg="batch 9500 committed"
2025-12-01T09:52:44Z svc=ingest level=INFO msg="healthcheck ok rtt=6997ms"
2025-12-01T09:53:00Z svc=api level=INFO msg="healthcheck ok rtt=4571ms"
2025-12-01T09:53:07Z svc=api level=INFO msg="compaction finished, 3614 segments merged"
2025-12-01T09:53:17Z svc=search level=INFO msg="webhook delivery attempt 9466 succeeded"
2025-12-01T09:53:30Z svc=authz level=INFO msg="token refresh completed in 5442ms"
2025-12-01T09:53:36Z svc=billing level=INFO msg="token refresh completed in 9014ms"
2025-12-01T09:53:53Z svc=authz level=INFO msg="cache eviction pass removed 2631 entries"
2025-12-01T09:53:57Z svc=api level=INFO msg="retry queue depth=4672"
2025-12-01T09:54:06Z svc=billing level=INFO msg="healthcheck ok rtt=2297ms"
2025-12-01T09:54:18Z svc=api level=INFO msg="token refresh completed in 9139ms"
2025-12-01T09:54:27Z svc=billing level=INFO msg="token refresh completed in 5767ms"
2025-12-01T09:54:34Z svc=api level=INFO msg="retry queue depth=7889"
2025-12-01T09:54:44Z svc=scheduler level=INFO msg="cache eviction pass removed 5776 entries"
2025-12-01T09:54:56Z svc=search level=INFO msg="healthcheck ok rtt=7972ms"
2025-12-01T09:55:07Z svc=billing level=INFO msg="retry queue depth=4046"
2025-12-01T09:55:17Z svc=scheduler level=INFO msg="batch 179 committed"
2025-12-01T09:55:30Z svc=api level=INFO msg="healthcheck ok rtt=4560ms"
2025-12-01T09:55:39Z svc=scheduler level=INFO msg="token refresh completed in 6413ms"
2025-12-01T09:55:54Z svc=api level=INFO msg="cache eviction pass removed 8260 entries"
2025-12-01T09:56:10Z svc=authz level=INFO msg="webhook delivery attempt 7659 succeeded"
2025-12-01T09:56:23Z svc=search level=INFO msg="healthcheck ok rtt=8095ms"
2025-12-01T09:56:33Z svc=authz level=INFO msg="healthcheck ok rtt=2946ms"
2025-12-01T09:56:36Z svc=api level=INFO msg="token refresh completed in 1094ms"
2025-12-01T09:56:46Z svc=authz level=INFO msg="token refresh completed in 2232ms"
2025-12-01T09:56:58Z svc=billing level=INFO msg="retry queue depth=8904"
2025-12-01T09:57:12Z svc=ingest level=INFO msg="retry queue depth=5719"
2025-12-01T09:57:19Z svc=api level=INFO msg="compaction finished, 5738 segments merged"
2025-12-01T09:57:33Z svc=billing level=INFO msg="healthcheck ok rtt=9340ms"
2025-12-01T09:57:46Z svc=ingest level=INFO msg="retry queue depth=7618"
2025-12-01T09:57:58Z svc=ingest level=INFO msg="token refresh completed in 4669ms"
2025-12-01T09:58:14Z svc=billing level=INFO msg="healthcheck ok rtt=1555ms"
2025-12-01T09:58:29Z svc=billing level=INFO msg="webhook delivery attempt 6942 succeeded"
2025-12-01T09:58:36Z svc=authz level=INFO msg="webhook delivery attempt 3552 succeeded"
2025-12-01T09:58:42Z svc=ingest level=INFO msg="webhook delivery attempt 3533 succeeded"
2025-12-01T09:58:45Z svc=scheduler level=INFO msg="webhook delivery attempt 9025 succeeded"
2025-12-01T09:58:58Z svc=ingest level=INFO msg="webhook delivery attempt 8011 succeeded"
2025-12-01T09:59:09Z svc=scheduler level=INFO msg="retry queue depth=5233"
2025-12-01T09:59:24Z svc=ingest level=INFO msg="compaction finished, 7360 segments merged"
2025-12-01T09:59:31Z svc=api level=INFO msg="compaction finished, 3239 segments merged"
2025-12-01T09:59:35Z svc=billing level=INFO msg="webhook delivery attempt 8445 succeeded"
2025-12-01T09:59:50Z svc=search level=INFO msg="token refresh completed in 7573ms"
2025-12-01T09:59:58Z svc=search level=INFO msg="cache eviction pass removed 8511 entries"
2025-12-01T10:00:06Z svc=ingest level=INFO msg="compaction finished, 7273 segments merged"
2025-12-01T10:00:18Z svc=ingest level=INFO msg="webhook delivery attempt 95 succeeded"
2025-12-01T10:00:28Z svc=api level=INFO msg="healthcheck ok rtt=3328ms"
2025-12-01T10:00:37Z svc=billing level=INFO msg="batch 265 committed"
2025-12-01T10:00:50Z svc=api level=INFO msg="healthcheck ok rtt=204ms"
2025-12-01T10:00:54Z svc=authz level=INFO msg="compaction finished, 1147 segments merged"
2025-12-01T10:01:07Z svc=ingest level=INFO msg="cache eviction pass removed 5518 entries"
2025-12-01T10:01:16Z svc=scheduler level=INFO msg="compaction finished, 7560 segments merged"
2025-12-01T10:01:31Z svc=search level=INFO msg="healthcheck ok rtt=8024ms"
2025-12-01T10:01:45Z svc=search level=INFO msg="retry queue depth=3652"
2025-12-01T10:01:58Z svc=authz level=INFO msg="compaction finished, 4371 segments merged"
2025-12-01T10:02:11Z svc=search level=INFO msg="cache eviction pass removed 646 entries"
2025-12-01T10:02:15Z svc=api level=INFO msg="healthcheck ok rtt=5649ms"
2025-12-01T10:02:18Z svc=ingest level=INFO msg="webhook delivery attempt 3290 succeeded"
2025-12-01T10:02:28Z svc=ingest level=INFO msg="healthcheck ok rtt=2225ms"
2025-12-01T10:02:40Z svc=api level=INFO msg="cache eviction pass removed 2994 entries"
2025-12-01T10:02:50Z svc=scheduler level=INFO msg="compaction finished, 1533 segments merged"
2025-12-01T10:02:55Z svc=scheduler level=INFO msg="compaction finished, 2615 segments merged"
2025-12-01T10:03:06Z svc=billing level=INFO msg="compaction finished, 7022 segments merged"
2025-12-01T10:03:14Z svc=ingest level=INFO msg="cache eviction pass removed 7366 entries"
2025-12-01T10:03:26Z svc=ingest level=INFO msg="compaction finished, 9481 segments merged"
2025-12-01T10:03:37Z svc=search level=INFO msg="compaction finished, 3575 segments merged"
2025-12-01T10:03:49Z svc=scheduler level=INFO msg="batch 3419 committed"
2025-12-01T10:03:55Z svc=api level=INFO msg="token refresh completed in 4686ms"
2025-12-01T10:04:06Z svc=billing level=INFO msg="webhook delivery attempt 4573 succeeded"
2025-12-01T10:04:18Z svc=ingest level=INFO msg="cache eviction pass removed 4935 entries"
2025-12-01T10:04:35Z svc=authz level=INFO msg="webhook delivery attempt 9316 succeeded"
2025-12-01T10:04:41Z svc=search level=INFO msg="cache eviction pass removed 3688 entries"
2025-12-01T10:04:54Z svc=billing level=INFO msg="token refresh completed in 3831ms"
2025-12-01T10:05:11Z svc=api level=INFO msg="batch 1677 committed"
2025-12-01T10:05:15Z svc=billing level=INFO msg="token refresh completed in 2562ms"
2025-12-01T10:05:21Z svc=authz level=INFO msg="healthcheck ok rtt=5514ms"
2025-12-01T10:05:25Z svc=search level=INFO msg="webhook delivery attempt 2397 succeeded"
2025-12-01T10:05:40Z svc=ingest level=INFO msg="retry queue depth=67"
2025-12-01T10:05:43Z svc=authz level=INFO msg="compaction finished, 450 segments merged"
2025-12-01T10:05:59Z svc=scheduler level=INFO msg="healthcheck ok rtt=2392ms"
2025-12-01T10:06:07Z svc=search level=INFO msg="batch 8029 committed"
2025-12-01T10:06:12Z svc=api level=INFO msg="healthcheck ok rtt=4103ms"
2025-12-01T10:06:16Z svc=api level=INFO msg="token refresh completed in 2526ms"
2025-12-01T10:06:32Z svc=scheduler level=INFO msg="token refresh completed in 3314ms"
2025-12-01T10:06:42Z svc=api level=INFO msg="cache eviction pass removed 2177 entries"
2025-12-01T10:06:53Z svc=scheduler level=INFO msg="cache eviction pass removed 3328 entries"
2025-12-01T10:07:03Z svc=migrate level=WARN msg="Project Falcon cutover rehearsal delayed by schema drift on shard 7"
2025-12-01T10:07:14Z svc=authz level=INFO msg="cache eviction pass removed 8244 entries"
2025-12-01T10:07:24Z svc=search level=INFO msg="retry queue depth=5369"
2025-12-01T10:07:30Z svc=scheduler level=INFO msg="batch 7908 committed"
2025-12-01T10:07:41Z svc=ingest level=INFO msg="batch 8726 committed"
2025-12-01T10:07:48Z svc=billing level=INFO msg="token refresh completed in 6957ms"
2025-12-01T10:07:56Z svc=ingest level=INFO msg="batch 258 committed"
2025-12-01T10:08:08Z svc=authz level=INFO msg="healthcheck ok rtt=1460ms"
2025-12-01T10:08:18Z svc=billing level=INFO msg="token refresh completed in 2734ms"
2025-12-01T10:08:22Z svc=search level=INFO msg="cache eviction pass removed 3196 entries"
2025-12-01T10:08:30Z svc=billing level=INFO msg="healthcheck ok rtt=2363ms"
2025-12-01T10:08:43Z svc=search level=INFO msg="retry queue depth=4101"
2025-12-01T10:08:55Z svc=ingest level=INFO msg="retry queue depth=441"
2025-12-01T10:09:03Z svc=search level=INFO msg="healthcheck ok rtt=5954ms"
2025-12-01T10:09:16Z svc=api level=INFO msg="cache eviction pass removed 5134 entries"
2025-12-01T10:09:23Z svc=search level=INFO msg="compaction finished, 6538 segments merged"
2025-12-01T10:09:36Z svc=billing level=INFO msg="token refresh completed in 7502ms"
2025-12-01T10:09:51Z svc=search level=INFO msg="webhook delivery attempt 8053 succeeded"
2025-12-01T10:10:02Z svc=billing level=INFO msg="retry queue depth=4856"
2025-12-01T10:10:06Z svc=scheduler level=INFO msg="webhook delivery attempt 2123 succeeded"
2025-12-01T10:10:19Z svc=api level=INFO msg="compaction finished, 1625 segments merged"
2025-12-01T10:10:35Z svc=authz level=INFO msg="token refresh completed in 9493ms"
2025-12-01T10:10:42Z svc=billing level=INFO msg="healthcheck ok rtt=4357ms"
2025-12-01T10:10:47Z svc=scheduler level=INFO msg="cache eviction pass removed 8626 entries"
2025-12-01T10:10:50Z svc=ingest level=INFO msg="compaction finished, 8992 segments merged"
2025-12-01T10:11:07Z svc=api level=INFO msg="batch 1093 committed"
2025-12-01T10:11:22Z svc=api level=INFO msg="compaction finished, 3551 segments merged"
2025-12-01T10:11:37Z svc=api level=INFO msg="webhook delivery attempt 6287 succeeded"
2025-12-01T10:11:51Z svc=billing level=INFO msg="retry queue depth=266"
2025-12-01T10:12:07Z svc=ingest level=INFO msg="batch 593 committed"
2025-12-01T10:12:16Z svc=ingest level=INFO msg="cache eviction pass removed 1529 entries"
2025-12-01T10:12:19Z svc=billing level=INFO msg="compaction finished, 9387 segments merged"
2025-12-01T10:12:33Z svc=api level=INFO msg="healthcheck ok rtt=3085ms"
2025-12-01T10:12:49Z svc=billing level=INFO msg="healthcheck ok rtt=2737ms"
2025-12-01T10:13:01Z svc=api level=INFO msg="cache eviction pass removed 3481 entries"
2025-12-01T10:13:07Z svc=billing level=INFO msg="webhook delivery attempt 2893 succeeded"
2025-12-01T10:13:18Z svc=api level=INFO msg="compaction finished, 2301 segments merged"
2025-12-01T10:13:28Z svc=api level=INFO msg="batch 605 committed"
2025-12-01T10:13:31Z svc=search level=INFO msg="retry queue depth=778"
2025-12-01T10:13:43Z svc=scheduler level=INFO msg="retry queue depth=1935"
2025-12-01T10:13:55Z svc=api level=INFO msg="healthcheck ok rtt=6059ms"
2025-12-01T10:14:06Z svc=scheduler level=INFO msg="batch 9492 committed"
2025-12-01T10:14:14Z svc=api level=INFO msg="compaction finished, 5386 segments merged"
2025-12-01T10:14:24Z svc=authz level=INFO msg="compaction finished, 9273 segments merged"
2025-12-01T10:14:36Z svc=billing level=INFO msg="healthcheck ok rtt=4667ms"
2025-12-01T10:14:53Z svc=ingest level=INFO msg="batch 2788 committed"
2025-12-01T10:14:56Z svc=search level=INFO msg="retry queue depth=2648"
2025-12-01T10:15:11Z svc=billing level=INFO msg="retry queue depth=5476"
2025-12-01T10:15:14Z svc=api level=INFO msg="retry queue depth=5361"
2025-12-01T10:15:21Z svc=search level=INFO msg="retry queue depth=2831"
2025-12-01T10:15:29Z svc=search level=INFO msg="webhook delivery attempt 5664 succeeded"
2025-12-01T10:15:35Z svc=billing level=INFO msg="retry queue depth=4046"
2025-12-01T10:15:38Z svc=ingest level=INFO msg="healthcheck ok rtt=4929ms"
2025-12-01T10:15:53Z svc=ingest level=INFO msg="token refresh completed in 9468ms"
2025-12-01T10:15:57Z svc=search level=INFO msg="webhook delivery attempt 6273 succeeded"
2025-12-01T10:16:02Z svc=api level=INFO msg="healthcheck ok rtt=4176ms"
2025-12-01T10:16:16Z svc=ingest level=INFO msg="cache eviction pass removed 7873 entries"
2025-12-01T10:16:19Z svc=billing level=INFO msg="healthcheck ok rtt=2133ms"
2025-12-01T10:16:26Z svc=ingest level=INFO msg="token refresh completed in 7688ms"
2025-12-01T10:16:36Z svc=authz level=INFO msg="retry queue depth=4628"
2025-12-01T10:16:42Z svc=billing level=INFO msg="webhook delivery attempt 3181 succeeded"
2025-12-01T10:16:48Z svc=authz level=INFO msg="batch 5013 committed"
2025-12-01T10:16:54Z svc=billing level=INFO msg="webhook delivery attempt 771 succeeded"
2025-12-01T10:17:09Z svc=search level=INFO msg="webhook delivery attempt 3371 succeeded"
2025-12-01T10:17:12Z svc=ingest level=INFO msg="webhook delivery attempt 2663 succeeded"
2025-12-01T10:17:26Z svc=scheduler level=INFO msg="token refresh completed in 5363ms"
2025-12-01T10:17:36Z svc=api level=INFO msg="healthcheck ok rtt=5311ms"
2025-12-01T10:17:43Z svc=billing level=INFO msg="token refresh completed in 8261ms"
2025-12-01T10:17:55Z svc=billing level=INFO msg="batch 7172 committed"
2025-12-01T10:18:06Z svc=ingest level=INFO msg="token refresh completed in 4796ms"
2025-12-01T10:18:18Z svc=search level=INFO msg="retry queue depth=5756"
2025-12-01T10:18:23Z svc=authz level=INFO msg="cache eviction pass removed 4921 entries"
2025-12-01T10:18:39Z svc=ingest level=INFO msg="token refresh completed in 6596ms"
2025-12-01T10:18:43Z svc=authz level=INFO msg="retry queue depth=7115"
2025-12-01T10:18:46Z svc=scheduler level=INFO msg="retry queue depth=3881"
2025-12-01T10:19:03Z svc=scheduler level=INFO msg="batch 6814 committed"
2025-12-01T10:19:10Z svc=scheduler level=INFO msg="batch 694 committed"
2025-12-01T10:19:18Z svc=api level=INFO msg="batch 3389 committed"
2025-12-01T10:19:22Z svc=search level=INFO msg="token refresh completed in 7237ms"
2025-12-01T10:19:32Z svc=ingest level=INFO msg="compaction finished, 7779 segments merged"
2025-12-01T10:19:44Z svc=ingest level=INFO msg="healthcheck ok rtt=5198ms"
2025-12-01T10:19:47Z svc=scheduler level=INFO msg="retry queue depth=4285"
2025-12-01T10:19:56Z svc=ingest level=INFO msg="webhook delivery attempt 8914 succeeded"
2025-12-01T10:20:03Z svc=scheduler level=INFO msg="batch 4594 committed"
2025-12-01T10:20:18Z svc=scheduler level=INFO msg="batch 5964 committed"
2025-12-01T10:20:21Z svc=scheduler level=INFO msg="batch 2814 committed"
2025-12-01T10:20:29Z svc=billing level=INFO msg="token refresh completed in 7512ms"
2025-12-01T10:20:40Z svc=scheduler level=INFO msg="batch 5119 committed"
2025-12-01T10:20:48Z svc=search level=INFO msg="compaction finished, 5807 segments merged"
2025-12-01T10:21:02Z svc=ingest level=INFO msg="batch 2179 committed"
2025-12-01T10:21:17Z svc=api level=INFO msg="healthcheck ok rtt=8566ms"
2025-12-01T10:21:26Z svc=ingest level=INFO msg="webhook delivery attempt 8147 succeeded"
2025-12-01T10:21:40Z svc=search level=INFO msg="retry queue depth=2956"
2025-12-01T10:21:54Z svc=api level=INFO msg="cache eviction pass removed 4763 entries"
2025-12-01T10:21:57Z svc=billing level=INFO msg="token refresh completed in 3350ms"
2025-12-01T10:22:11Z svc=billing level=INFO msg="healthcheck ok rtt=5951ms"
2025-12-01T10:22:28Z svc=api level=INFO msg="batch 7383 committed"
2025-12-01T10:22:44Z svc=billing level=INFO msg="retry queue depth=674"
2025-12-01T10:22:58Z svc=billing level=INFO msg="healthcheck ok rtt=6656ms"
2025-12-01T10:23:04Z svc=scheduler level=INFO msg="retry queue depth=4266"
2025-12-01T10:23:18Z svc=scheduler level=INFO msg="cache eviction pass removed 6825 entries"
2025-12-01T10:23:26Z svc=ingest level=INFO msg="healthcheck ok rtt=8513ms"
2025-12-01T10:23:34Z svc=api level=INFO msg="compaction finished, 5384 segments merged"
2025-12-01T10:23:40Z svc=search level=INFO msg="retry queue depth=2081"
2025-12-01T10:23:50Z svc=billing level=INFO msg="compaction finished, 827 segments merged"
2025-12-01T10:23:56Z svc=api level=INFO msg="compaction finished, 7346 segments merged"
2025-12-01T10:24:13Z svc=scheduler level=INFO msg="compaction finished, 3889 segments merged"
2025-12-01T10:24:27Z svc=ingest level=INFO msg="healthcheck ok rtt=3331ms"
2025-12-01T10:24:41Z svc=billing level=INFO msg="token refresh completed in 7487ms"
2025-12-01T10:24:50Z svc=ingest level=INFO msg="batch 6404 committed"
2025-12-01T10:25:02Z svc=billing level=INFO msg="cache eviction pass removed 9182 entries"
2025-12-01T10:25:11Z svc=ingest level=INFO msg="compaction finished, 7194 segments merged"
2025-12-01T10:25:18Z svc=billing level=INFO msg="cache eviction pass removed 1462 entries"
2025-12-01T10:25:22Z svc=authz level=INFO msg="token refresh completed in 7530ms"
2025-12-01T10:25:25Z svc=scheduler level=INFO msg="cache eviction pass removed 1600 entries"
2025-12-01T10:25:42Z svc=ingest level=INFO msg="healthcheck ok rtt=1549ms"
2025-12-01T10:25:49Z svc=api level=INFO msg="batch 2189 committed"
2025-12-01T10:26:04Z svc=search level=INFO msg="healthcheck ok rtt=4541ms"
2025-12-01T10:26:17Z svc=search level=INFO msg="healthcheck ok rtt=9459ms"
2025-12-01T10:26:27Z svc=ingest level=INFO msg="webhook delivery attempt 8553 succeeded"
2025-12-01T10:26:40Z svc=billing level=INFO msg="batch 8855 committed"
2025-12-01T10:26:55Z svc=scheduler level=INFO msg="cache eviction pass removed 3316 entries"
2025-12-01T10:26:58Z svc=api level=INFO msg="batch 5013 committed"
2025-12-01T10:27:06Z svc=api level=INFO msg="webhook delivery attempt 7225 succeeded"
2025-12-01T10:27:23Z svc=authz level=INFO msg="batch 8616 committed"
2025-12-01T10:27:37Z svc=authz level=INFO msg="batch 4410 committed"
2025-12-01T10:27:50Z svc=search level=INFO msg="cache eviction pass removed 7985 entries"
2025-12-01T10:27:54Z svc=scheduler level=INFO msg="cache eviction pass removed 3455 entries"
2025-12-01T10:28:01Z svc=ingest level=INFO msg="retry queue depth=8085"
2025-12-01T10:28:12Z svc=scheduler level=INFO msg="healthcheck ok rtt=5393ms"
2025-12-01T10:28:21Z svc=scheduler level=INFO msg="cache eviction pass removed 7410 entries"
2025-12-01T10:28:29Z svc=api level=INFO msg="token refresh completed in 4620ms"
2025-12-01T10:28:43Z svc=search level=INFO msg="batch 2526 committed"
2025-12-01T10:28:49Z svc=scheduler level=INFO msg="batch 8112 committed"
2025-12-01T10:28:59Z svc=api level=INFO msg="batch 6658 committed"
2025-12-01T10:29:05Z svc=billing level=INFO msg="retry queue depth=4043"
2025-12-01T10:29:11Z svc=billing level=INFO msg="token refresh completed in 4618ms"
2025-12-01T10:29:14Z svc=scheduler level=INFO msg="cache eviction pass removed 8258 entries"
2025-12-01T10:29:24Z svc=billing level=INFO msg="batch 4001 committed"
2025-12-01T10:29:33Z svc=scheduler level=INFO msg="webhook delivery attempt 5655 succeeded"
2025-12-01T10:29:47Z svc=authz level=INFO msg="retry queue depth=5889"
2025-12-01T10:29:57Z svc=search level=INFO msg="healthcheck ok rtt=4395ms"
2025-12-01T10:30:11Z svc=api level=INFO msg="webhook delivery attempt 8145 succeeded"
2025-12-01T10:30:25Z svc=api level=INFO msg="compaction finished, 3672 segments merged"
2025-12-01T10:30:31Z svc=scheduler level=INFO msg="compaction finished, 7294 segments merged"
2025-12-01T10:30:46Z svc=ingest level=INFO msg="webhook delivery attempt 6681 succeeded"
2025-12-01T10:30:54Z svc=api level=INFO msg="compaction finished, 4856 segments merged"
2025-12-01T10:31:01Z svc=ingest level=INFO msg="cache eviction pass removed 5155 entries"
2025-12-01T10:31:08Z svc=billing level=INFO msg="webhook delivery attempt 7567 succeeded"
2025-12-01T10:31:14Z svc=scheduler level=INFO msg="cache eviction pass removed 976 entries"
2025-12-01T10:31:19Z svc=search level=INFO msg="cache eviction pass removed 1815 entries"
2025-12-01T10:31:27Z svc=scheduler level=INFO msg="compaction finished, 8843 segments merged"
2025-12-01T10:31:30Z svc=ingest level=INFO msg="webhook delivery attempt 1548 succeeded"
2025-12-01T10:31:47Z svc=billing level=INFO msg="token refresh completed in 8145ms"
2025-12-01T10:31:52Z svc=api level=INFO msg="token refresh completed in 6297ms"
2025-12-01T10:32:03Z svc=api level=INFO msg="batch 6705 committed"
2025-12-01T10:32:13Z svc=api level=INFO msg="compaction finished, 3856 segments merged"
2025-12-01T10:32:21Z svc=scheduler level=INFO msg="webhook delivery attempt 2186 succeeded"
2025-12-01T10:32:35Z svc=scheduler level=INFO msg="cache eviction pass removed 8246 entries"
2025-12-01T10:32:49Z svc=billing level=INFO msg="webhook delivery attempt 1945 succeeded"
2025-12-01T10:33:00Z svc=authz level=INFO msg="healthcheck ok rtt=5844ms"
2025-12-01T10:33:08Z svc=search level=INFO msg="cache eviction pass removed 8343 entries"
2025-12-01T10:33:22Z svc=authz level=INFO msg="cache eviction pass removed 4146 entries"
2025-12-01T10:33:25Z svc=ingest level=INFO msg="batch 7398 committed"
2025-12-01T10:33:39Z svc=authz level=INFO msg="token refresh completed in 6310ms"
2025-12-01T10:33:50Z svc=billing level=INFO msg="cache eviction pass removed 4040 entries"
2025-12-01T10:34:01Z svc=billing level=INFO msg="token refresh completed in 1413ms"
2025-12-01T10:34:18Z svc=authz level=INFO msg="compaction finished, 7851 segments merged"
2025-12-01T10:34:34Z svc=api level=INFO msg="retry queue depth=771"
2025-12-01T10:34:38Z svc=search level=INFO msg="batch 4240 committed"
2025-12-01T10:34:48Z svc=authz level=INFO msg="cache eviction pass removed 768 entries"
2025-12-01T10:34:57Z svc=authz level=INFO msg="healthcheck ok rtt=8374ms"
2025-12-01T10:35:02Z svc=billing level=INFO msg="healthcheck ok rtt=7266ms"
2025-12-01T10:35:06Z svc=authz level=INFO msg="healthcheck ok rtt=3283ms"
2025-12-01T10:35:15Z svc=ingest level=INFO msg="retry queue depth=6163"
2025-12-01T10:35:27Z svc=search level=INFO msg="retry queue depth=4796"
2025-12-01T10:35:43Z svc=api level=INFO msg="healthcheck ok rtt=4800ms"
2025-12-01T10:35:51Z svc=billing level=INFO msg="cache eviction pass removed 6247 entries"
2025-12-01T10:36:08Z svc=ingest level=INFO msg="compaction finished, 9418 segments merged"
2025-12-01T10:36:21Z svc=api level=INFO msg="healthcheck ok rtt=6312ms"
2025-12-01T10:36:26Z svc=scheduler level=INFO msg="cache eviction pass removed 8473 entries"
2025-12-01T10:36:39Z svc=billing level=INFO msg="compaction finished, 1931 segments merged"
2025-12-01T10:36:54Z svc=authz level=INFO msg="batch 672 committed"
2025-12-01T10:36:59Z svc=billing level=INFO msg="batch 4112 committed"
2025-12-01T10:37:06Z svc=ingest level=INFO msg="batch 632 committed"
2025-12-01T10:37:14Z svc=ingest level=INFO msg="batch 9426 committed"
2025-12-01T10:37:21Z svc=billing level=INFO msg="webhook delivery attempt 6034 succeeded"
2025-12-01T10:37:33Z svc=api level=INFO msg="retry queue depth=7692"
2025-12-01T10:37:39Z svc=billing level=INFO msg="webhook delivery attempt 1114 succeeded"
2025-12-01T10:37:54Z svc=ingest level=INFO msg="compaction finished, 6242 segments merged"
2025-12-01T10:38:08Z svc=billing level=INFO msg="cache eviction pass removed 3369 entries"
2025-12-01T10:38:24Z svc=ingest level=INFO msg="webhook delivery attempt 2717 succeeded"
2025-12-01T10:38:39Z svc=ingest level=INFO msg="cache eviction pass removed 443 entries"
2025-12-01T10:38:45Z svc=authz level=INFO msg="token refresh completed in 162ms"
2025-12-01T10:38:54Z svc=api level=INFO msg="compaction finished, 8120 segments merged"
2025-12-01T10:39:10Z svc=api level=INFO msg="token refresh completed in 5381ms"
2025-12-01T10:39:16Z svc=authz level=INFO msg="batch 9256 committed"
2025-12-01T10:39:31Z svc=api level=INFO msg="compaction finished, 954 segments merged"
2025-12-01T10:39:45Z svc=api level=INFO msg="token refresh completed in 5238ms"
2025-12-01T10:39:52Z svc=authz level=INFO msg="healthcheck ok rtt=2894ms"
2025-12-01T10:39:57Z svc=search level=INFO msg="token refresh completed in 478ms"
2025-12-01T10:40:10Z svc=api level=INFO msg="cache eviction pass removed 3143 entries"
2025-12-01T10:40:21Z svc=search level=INFO msg="cache eviction pass removed 7274 entries"
2025-12-01T10:40:28Z svc=billing level=INFO msg="compaction finished, 3329 segments merged"
2025-12-01T10:40:36Z svc=search level=INFO msg="healthcheck ok rtt=6802ms"
2025-12-01T10:40:49Z svc=billing level=INFO msg="token refresh completed in 4235ms"
2025-12-01T10:40:54Z svc=scheduler level=INFO msg="batch 8502 committed"
2025-12-01T10:41:03Z svc=scheduler level=INFO msg="batch 6955 committed"
2025-12-01T10:41:20Z svc=search level=INFO msg="cache eviction pass removed 3416 entries"
2025-12-01T10:41:33Z svc=scheduler level=INFO msg="webhook delivery attempt 4461 succeeded"
2025-12-01T10:41:44Z svc=authz level=INFO msg="healthcheck ok rtt=9154ms"
2025-12-01T10:41:48Z svc=authz level=INFO msg="retry queue depth=5633"
2025-12-01T10:42:03Z svc=authz level=INFO msg="healthcheck ok rtt=5242ms"
2025-12-01T10:42:14Z svc=search level=INFO msg="webhook delivery attempt 9264 succeeded"
2025-12-01T10:42:21Z svc=authz level=INFO msg="token refresh completed in 983ms"
2025-12-01T10:42:25Z svc=authz level=INFO msg="healthcheck ok rtt=3262ms"
2025-12-01T10:42:40Z svc=scheduler level=INFO msg="compaction finished, 2548 segments merged"
2025-12-01T10:42:54Z svc=authz level=INFO msg="batch 3566 committed"
2025-12-01T10:42:57Z svc=api level=INFO msg="retry queue depth=9053"
2025-12-01T10:43:14Z svc=authz level=INFO msg="token refresh completed in 3308ms"
2025-12-01T10:43:25Z svc=api level=INFO msg="retry queue depth=5939"
2025-12-01T10:43:29Z svc=api level=INFO msg="retry queue depth=9460"
2025-12-01T10:43:40Z svc=api level=INFO msg="webhook delivery attempt 3281 succeeded"
2025-12-01T10:43:46Z svc=ingest level=INFO msg="retry queue depth=1538"
2025-12-01T10:43:55Z svc=billing level=INFO msg="healthcheck ok rtt=8784ms"
2025-12-01T10:43:59Z svc=ingest level=INFO msg="webhook delivery attempt 1842 succeeded"
2025-12-01T10:44:04Z svc=api level=INFO msg="cache eviction pass removed 8550 entries"
2025-12-01T10:44:20Z svc=authz level=INFO msg="healthcheck ok rtt=6064ms"
2025-12-01T10:44:30Z svc=api level=INFO msg="compaction finished, 4167 segments merged"
2025-12-01T10:44:41Z svc=api level=INFO msg="compaction finished, 3377 segments merged"
2025-12-01T10:44:53Z svc=api level=INFO msg="batch 3711 committed"
2025-12-01T10:45:07Z svc=api level=INFO msg="token refresh completed in 2867ms"
2025-12-01T10:45:18Z svc=search level=INFO msg="token refresh completed in 1869ms"
2025-12-01T10:45:29Z svc=scheduler level=INFO msg="cache eviction pass removed 8121 entries"
2025-12-01T10:45:40Z svc=billing level=INFO msg="cache eviction pass removed 5199 entries"
2025-12-01T10:45:48Z svc=api level=INFO msg="webhook delivery attempt 5075 succeeded"
2025-12-01T10:45:53Z svc=billing level=INFO msg="retry queue depth=9492"
2025-12-01T10:46:09Z svc=ingest level=INFO msg="healthcheck ok rtt=2252ms"
2025-12-01T10:46:23Z svc=billing level=INFO msg="batch 7828 committed"
2025-12-01T10:46:31Z svc=search level=INFO msg="cache eviction pass removed 4587 entries"
2025-12-01T10:46:41Z svc=billing level=INFO msg="batch 4072 committed"
2025-12-01T10:46:58Z svc=search level=INFO msg="cache eviction pass removed 3736 entries"
2025-12-01T10:47:05Z svc=ingest level=INFO msg="cache eviction pass removed 3168 entries"
2025-12-01T10:47:09Z svc=scheduler level=INFO msg="batch 2641 committed"
2025-12-01T10:47:19Z svc=search level=INFO msg="healthcheck ok rtt=4211ms"
2025-12-01T10:47:34Z svc=authz level=INFO msg="token refresh completed in 1757ms"
2025-12-01T10:47:48Z svc=authz level=INFO msg="cache eviction pass removed 4628 entries"
2025-12-01T10:48:00Z svc=api level=INFO msg="retry queue depth=9087"
2025-12-01T10:48:04Z svc=authz level=INFO msg="token refresh completed in 5598ms"
2025-12-01T10:48:19Z svc=billing level=INFO msg="cache eviction pass removed 6027 entries"
2025-12-01T10:48:29Z svc=ingest level=INFO msg="retry queue depth=8608"
2025-12-01T10:48:36Z svc=api level=INFO msg="token refresh completed in 6992ms"
2025-12-01T10:48:52Z svc=search level=INFO msg="token refresh completed in 3826ms"
2025-12-01T10:49:05Z svc=authz level=INFO msg="retry queue depth=4331"
2025-12-01T10:49:11Z svc=api level=INFO msg="webhook delivery attempt 4526 succeeded"
2025-12-01T10:49:17Z svc=ingest level=INFO msg="batch 2485 committed"
2025-12-01T10:49:26Z svc=search level=INFO msg="retry queue depth=7964"
2025-12-01T10:49:40Z svc=billing level=INFO msg="webhook delivery attempt 8936 succeeded"
2025-12-01T10:49:47Z svc=authz level=INFO msg="healthcheck ok rtt=5265ms"
2025-12-01T10:49:57Z svc=billing level=INFO msg="token refresh completed in 9468ms"
2025-12-01T10:50:14Z svc=authz level=INFO msg="retry queue depth=5143"
2025-12-01T10:50:21Z svc=search level=INFO msg="webhook delivery attempt 248 succeeded"
2025-12-01T10:50:37Z svc=ingest level=INFO msg="webhook delivery attempt 1765 succeeded"
2025-12-01T10:50:50Z svc=search level=INFO msg="compaction finished, 540 segments merged"
2025-12-01T10:50:55Z svc=search level=INFO msg="healthcheck ok rtt=983ms"
2025-12-01T10:51:10Z svc=ingest level=INFO msg="batch 3736 committed"
2025-12-01T10:51:21Z svc=billing level=INFO msg="webhook delivery attempt 438 succeeded"
2025-12-01T10:51:37Z svc=search level=INFO msg="compaction finished, 1655 segments merged"
2025-12-01T10:51:54Z svc=api level=INFO msg="cache eviction pass removed 7033 entries"
2025-12-01T10:52:01Z svc=search level=INFO msg="webhook delivery attempt 5875 succeeded"
2025-12-01T10:52:05Z svc=authz level=INFO msg="cache eviction pass removed 4282 entries"
2025-12-01T10:52:18Z svc=billing level=INFO msg="retry queue depth=1285"
2025-12-01T10:52:24Z svc=ingest level=INFO msg="retry queue depth=2573"
2025-12-01T10:52:35Z svc=ingest level=INFO msg="cache eviction pass removed 105 entries"
2025-12-01T10:52:44Z svc=billing level=INFO msg="cache eviction pass removed 2300 entries"
2025-12-01T10:53:01Z svc=billing level=INFO msg="webhook delivery attempt 3545 succeeded"
2025-12-01T10:53:15Z svc=authz level=INFO msg="token refresh completed in 4792ms"
2025-12-01T10:53:27Z svc=authz level=INFO msg="token refresh completed in 5390ms"
2025-12-01T10:53:41Z svc=authz level=INFO msg="compaction finished, 5193 segments merged"
2025-12-01T10:53:44Z svc=scheduler level=INFO msg="token refresh completed in 3646ms"
2025-12-01T10:53:54Z svc=search level=INFO msg="token refresh completed in 260ms"
2025-12-01T10:54:10Z svc=api level=INFO msg="cache eviction pass removed 3671 entries"
2025-12-01T10:54:24Z svc=scheduler level=INFO msg="retry queue depth=8483"
2025-12-01T10:54:31Z svc=authz level=INFO msg="retry queue depth=8538"
2025-12-01T10:54:41Z svc=ingest level=INFO msg="webhook delivery attempt 7406 succeeded"
2025-12-01T10:54:53Z svc=billing level=INFO msg="compaction finished, 1414 segments merged"
2025-12-01T10:54:58Z svc=billing level=INFO msg="healthcheck ok rtt=5704ms"
2025-12-01T10:55:01Z svc=authz level=INFO msg="token refresh completed in 5319ms"
2025-12-01T10:55:06Z svc=billing level=INFO msg="compaction finished, 7481 segments merged"
2025-12-01T10:55:15Z svc=scheduler level=INFO msg="healthcheck ok rtt=7707ms"
2025-12-01T10:55:27Z svc=authz level=INFO msg="retry queue depth=6990"
2025-12-01T10:55:36Z svc=search level=INFO msg="token refresh completed in 4063ms"
2025-12-01T10:55:45Z svc=api level=INFO msg="retry queue depth=4383"
2025-12-01T10:55:49Z svc=scheduler level=INFO msg="retry queue depth=8103"
2025-12-01T10:55:53Z svc=api level=INFO msg="webhook delivery attempt 5075 succeeded"
2025-12-01T10:56:05Z svc=api level=INFO msg="cache eviction pass removed 1558 entries"
2025-12-01T10:56:20Z svc=ingest level=INFO msg="cache eviction pass removed 3065 entries"
2025-12-01T10:56:35Z svc=ingest level=INFO msg="healthcheck ok rtt=2670ms"
2025-12-01T10:56:50Z svc=billing level=INFO msg="healthcheck ok rtt=646ms"
2025-12-01T10:56:54Z svc=ingest level=INFO msg="batch 7087 committed"
2025-12-01T10:56:58Z svc=ingest level=INFO msg="compaction finished, 6805 segments merged"
2025-12-01T10:57:15Z svc=authz level=INFO msg="healthcheck ok rtt=9120ms"
2025-12-01T10:57:29Z svc=ingest level=INFO msg="retry queue depth=4883"
2025-12-01T10:57:44Z svc=scheduler level=INFO msg="retry queue depth=7346"
2025-12-01T10:57:55Z svc=billing level=INFO msg="webhook delivery attempt 4508 succeeded"
2025-12-01T10:57:59Z svc=ingest level=INFO msg="healthcheck ok rtt=2485ms"
2025-12-01T10:58:06Z svc=scheduler level=INFO msg="retry queue depth=5799"
2025-12-01T10:58:18Z svc=scheduler level=INFO msg="batch 3196 committed"
2025-12-01T10:58:31Z svc=billing level=INFO msg="token refresh completed in 1398ms"
2025-12-01T10:58:36Z svc=scheduler level=INFO msg="batch 3165 committed"
2025-12-01T10:58:52Z svc=billing level=INFO msg="healthcheck ok rtt=4594ms"
2025-12-01T10:59:07Z svc=ingest level=INFO msg="healthcheck ok rtt=2439ms"
2025-12-01T10:59:16Z svc=authz level=INFO msg="compaction finished, 715 segments merged"
2025-12-01T10:59:27Z svc=search level=INFO msg="compaction finished, 2672 segments merged"
2025-12-01T10:59:33Z svc=api level=INFO msg="cache eviction pass removed 7360 entries"
2025-12-01T10:59:43Z svc=authz level=INFO msg="healthcheck ok rtt=6825ms"
2025-12-01T10:59:48Z svc=scheduler level=INFO msg="webhook delivery attempt 8870 succeeded"
2025-12-01T11:00:00Z svc=api level=INFO msg="webhook delivery attempt 248 succeeded"
2025-12-01T11:00:05Z svc=search level=INFO msg="compaction finished, 3835 segments merged"
2025-12-01T11:00:10Z svc=authz level=INFO msg="compaction finished, 5480 segments merged"
2025-12-01T11:00:15Z svc=search level=INFO msg="webhook delivery attempt 563 succeeded"
2025-12-01T11:00:26Z svc=ingest level=INFO msg="healthcheck ok rtt=1304ms"
2025-12-01T11:00:30Z svc=api level=INFO msg="healthcheck ok rtt=6567ms"
2025-12-01T11:00:45Z svc=authz level=INFO msg="webhook delivery attempt 978 succeeded"
2025-12-01T11:00:48Z svc=api level=INFO msg="batch 8379 committed"
2025-12-01T11:00:51Z svc=api level=INFO msg="cache eviction pass removed 1120 entries"
2025-12-01T11:00:57Z svc=ingest level=INFO msg="cache eviction pass removed 8554 entries"
2025-12-01T11:01:12Z svc=authz level=INFO msg="token refresh completed in 2745ms"
2025-12-01T11:01:19Z svc=ingest level=INFO msg="cache eviction pass removed 533 entries"
2025-12-01T11:01:33Z svc=billing level=INFO msg="batch 1982 committed"
2025-12-01T11:01:41Z svc=search level=INFO msg="healthcheck ok rtt=966ms"
2025-12-01T11:01:53Z svc=authz level=INFO msg="webhook delivery attempt 8106 succeeded"
2025-12-01T11:02:10Z svc=ingest level=INFO msg="retry queue depth=4338"
2025-12-01T11:02:18Z svc=ingest level=INFO msg="batch 9496 committed"
2025-12-01T11:02:21Z svc=api level=INFO msg="retry queue depth=3127"
2025-12-01T11:02:25Z svc=ingest level=INFO msg="batch 2904 committed"
2025-12-01T11:02:33Z svc=ingest level=INFO msg="retry queue depth=7961"
2025-12-01T11:02:47Z svc=search level=INFO msg="webhook delivery attempt 7355 succeeded"
2025-12-01T11:02:51Z svc=scheduler level=INFO msg="retry queue depth=3824"
2025-12-01T11:03:06Z svc=billing level=INFO msg="healthcheck ok rtt=1424ms"
2025-12-01T11:03:09Z svc=ingest level=INFO msg="retry queue depth=1510"
2025-12-01T11:03:24Z svc=ingest level=INFO msg="webhook delivery attempt 4286 succeeded"
2025-12-01T11:03:32Z svc=billing level=INFO msg="token refresh completed in 6686ms"
2025-12-01T11:03:45Z svc=ingest level=INFO msg="compaction finished, 990 segments merged"
2025-12-01T11:03:49Z svc=api level=INFO msg="webhook delivery attempt 2895 succeeded"
2025-12-01T11:03:54Z svc=search level=INFO msg="healthcheck ok rtt=6801ms"
2025-12-01T11:04:05Z svc=billing level=INFO msg="retry queue depth=5453"
2025-12-01T11:04:12Z svc=scheduler level=INFO msg="token refresh completed in 5612ms"
2025-12-01T11:04:16Z svc=search level=INFO msg="batch 7166 committed"
2025-12-01T11:04:33Z svc=api level=INFO msg="batch 1905 committed"
2025-12-01T11:04:50Z svc=authz level=INFO msg="healthcheck ok rtt=4406ms"
2025-12-01T11:05:04Z svc=search level=INFO msg="retry queue depth=2750"
2025-12-01T11:05:11Z svc=billing level=INFO msg="webhook delivery attempt 4388 succeeded"
2025-12-01T11:05:17Z svc=billing level=INFO msg="healthcheck ok rtt=6693ms"
2025-12-01T11:05:24Z svc=api level=INFO msg="healthcheck ok rtt=3285ms"
2025-12-01T11:05:32Z svc=authz level=INFO msg="cache eviction pass removed 4677 entries"
2025-12-01T11:05:42Z svc=api level=INFO msg="webhook delivery attempt 4037 succeeded"
2025-12-01T11:05:58Z svc=ingest level=INFO msg="compaction finished, 6785 segments merged"
2025-12-01T11:06:15Z svc=scheduler level=INFO msg="cache eviction pass removed 4642 entries"
2025-12-01T11:06:32Z svc=ingest level=INFO msg="batch 2640 committed"
2025-12-01T11:06:36Z svc=api level=INFO msg="webhook delivery attempt 6409 succeeded"
2025-12-01T11:06:45Z svc=ingest level=INFO msg="retry queue depth=6685"
2025-12-01T11:06:49Z svc=search level=INFO msg="cache eviction pass removed 1512 entries"
2025-12-01T11:07:04Z svc=ingest level=INFO msg="token refresh completed in 3579ms"
2025-12-01T11:07:10Z svc=authz level=INFO msg="batch 1543 committed"
2025-12-01T11:07:20Z svc=authz level=INFO msg="compaction finished, 349 segments merged"
2025-12-01T11:07:36Z svc=authz level=INFO msg="healthcheck ok rtt=5213ms"
2025-12-01T11:07:46Z svc=api level=INFO msg="compaction finished, 6898 segments merged"
2025-12-01T11:07:53Z svc=scheduler level=INFO msg="cache eviction pass removed 5125 entries"
2025-12-01T11:08:07Z svc=ingest level=INFO msg="batch 7515 committed"
2025-12-01T11:08:24Z svc=ingest level=INFO msg="retry queue depth=8399"
2025-12-01T11:08:35Z svc=api level=INFO msg="compaction finished, 440 segments merged"
2025-12-01T11:08:43Z svc=scheduler level=INFO msg="batch 5689 committed"
2025-12-01T11:08:58Z svc=scheduler level=INFO msg="compaction finished, 8421 segments merged"
2025-12-01T11:09:07Z svc=authz level=INFO msg="healthcheck ok rtt=2218ms"
2025-12-01T11:09:15Z svc=search level=INFO msg="token refresh completed in 1990ms"
2025-12-01T11:09:19Z svc=scheduler level=INFO msg="webhook delivery attempt 1924 succeeded"
2025-12-01T11:09:23Z svc=authz level=INFO msg="healthcheck ok rtt=1020ms"
2025-12-01T11:09:26Z svc=billing level=INFO msg="cache eviction pass removed 586 entries"
2025-12-01T11:09:40Z svc=billing level=INFO msg="webhook delivery attempt 4774 succeeded"
2025-12-01T11:09:52Z svc=authz level=INFO msg="webhook delivery attempt 761 succeeded"
2025-12-01T11:10:07Z svc=scheduler level=INFO msg="compaction finished, 9197 segments merged"
2025-12-01T11:10:10Z svc=billing level=INFO msg="retry queue depth=9481"
2025-12-01T11:10:18Z svc=scheduler level=INFO msg="batch 4645 committed"
2025-12-01T11:10:31Z svc=authz level=INFO msg="retry queue depth=1382"
2025-12-01T11:10:48Z svc=scheduler level=INFO msg="compaction finished, 2087 segments merged"
2025-12-01T11:11:02Z svc=ingest level=INFO msg="healthcheck ok rtt=3149ms"
2025-12-01T11:11:11Z svc=ingest level=INFO msg="healthcheck ok rtt=8905ms"
2025-12-01T11:11:22Z svc=ingest level=INFO msg="batch 2072 committed"
2025-12-01T11:11:25Z svc=api level=INFO msg="retry queue depth=3427"
2025-12-01T11:11:30Z svc=ingest level=INFO msg="cache eviction pass removed 8176 entries"
2025-12-01T11:11:47Z svc=api level=INFO msg="token refresh completed in 7332ms"
2025-12-01T11:12:01Z svc=authz level=INFO msg="compaction finished, 8863 segments merged"
2025-12-01T11:12:16Z svc=search level=INFO msg="compaction finished, 3511 segments merged"
2025-12-01T11:12:25Z svc=scheduler level=INFO msg="retry queue depth=8712"
2025-12-01T11:12:29Z svc=api level=INFO msg="token refresh completed in 117ms"
2025-12-01T11:12:44Z svc=api level=INFO msg="healthcheck ok rtt=437ms"
2025-12-01T11:12:47Z svc=api level=INFO msg="batch 7449 committed"
2025-12-01T11:12:50Z svc=api level=INFO msg="cache eviction pass removed 4137 entries"
2025-12-01T11:13:02Z svc=search level=INFO msg="cache eviction pass removed 3160 entries"
2025-12-01T11:13:19Z svc=scheduler level=INFO msg="batch 6968 committed"
2025-12-01T11:13:31Z svc=scheduler level=INFO msg="retry queue depth=7715"
2025-12-01T11:13:48Z svc=billing level=INFO msg="batch 9326 committed"
2025-12-01T11:14:01Z svc=api level=INFO msg="batch 1099 committed"
2025-12-01T11:14:10Z svc=authz level=INFO msg="cache eviction pass removed 2931 entries"
2025-12-01T11:14:22Z svc=search level=INFO msg="batch 8099 committed"
2025-12-01T11:14:31Z svc=api level=INFO msg="healthcheck ok rtt=5841ms"
2025-12-01T11:14:43Z svc=search level=INFO msg="healthcheck ok rtt=7662ms"
2025-12-01T11:14:53Z svc=billing level=INFO msg="compaction finished, 2740 segments merged"
2025-12-01T11:14:58Z svc=api level=INFO msg="retry queue depth=9331"
2025-12-01T11:15:06Z svc=api level=INFO msg="webhook delivery attempt 5900 succeeded"
2025-12-01T11:15:22Z svc=ingest level=INFO msg="token refresh completed in 7002ms"
2025-12-01T11:15:27Z svc=api level=INFO msg="compaction finished, 8577 segments merged"
2025-12-01T11:15:42Z svc=authz level=INFO msg="webhook delivery attempt 6010 succeeded"
2025-12-01T11:15:50Z svc=billing level=INFO msg="cache eviction pass removed 7617 entries"
2025-12-01T11:15:58Z svc=billing level=INFO msg="cache eviction pass removed 6726 entries"
2025-12-01T11:16:10Z svc=api level=INFO msg="webhook delivery attempt 9146 succeeded"
2025-12-01T11:16:21Z svc=billing level=INFO msg="token refresh completed in 6254ms"
2025-12-01T11:16:35Z svc=search level=INFO msg="cache eviction pass removed 1145 entries"
2025-12-01T11:16:50Z svc=api level=INFO msg="webhook delivery attempt 337 succeeded"
2025-12-01T11:16:53Z svc=api level=INFO msg="healthcheck ok rtt=3128ms"
2025-12-01T11:17:02Z svc=search level=INFO msg="healthcheck ok rtt=2382ms"
2025-12-01T11:17:15Z svc=scheduler level=INFO msg="batch 3847 committed"
2025-12-01T11:17:31Z svc=scheduler level=INFO msg="retry queue depth=917"
2025-12-01T11:17:48Z svc=search level=INFO msg="batch 2598 committed"
2025-12-01T11:17:56Z svc=search level=INFO msg="token refresh completed in 7392ms"
2025-12-01T11:18:11Z svc=search level=INFO msg="token refresh completed in 1844ms"
2025-12-01T11:18:16Z svc=authz level=INFO msg="token refresh completed in 6542ms"
2025-12-01T11:18:28Z svc=scheduler level=INFO msg="batch 3402 committed"
2025-12-01T11:18:35Z svc=ingest level=INFO msg="cache eviction pass removed 721 entries"
2025-12-01T11:18:49Z svc=search level=INFO msg="webhook delivery attempt 5125 succeeded"
2025-12-01T11:19:05Z svc=scheduler level=INFO msg="token refresh completed in 7868ms"
2025-12-01T11:19:18Z svc=authz level=INFO msg="token refresh completed in 1346ms"
2025-12-01T11:19:28Z svc=scheduler level=INFO msg="cache eviction pass removed 7069 entries"
2025-12-01T11:19:42Z svc=api level=INFO msg="retry queue depth=4904"
2025-12-01T11:19:51Z svc=scheduler level=INFO msg="retry queue depth=4881"
2025-12-01T11:20:02Z svc=ingest level=INFO msg="retry queue depth=539"
2025-12-01T11:20:10Z svc=ingest level=INFO msg="cache eviction pass removed 3867 entries"
2025-12-01T11:20:26Z svc=billing level=INFO msg="webhook delivery attempt 5970 succeeded"
2025-12-01T11:20:41Z svc=ingest level=INFO msg="retry queue depth=1482"
2025-12-01T11:20:57Z svc=authz level=INFO msg="healthcheck ok rtt=440ms"
2025-12-01T11:21:06Z svc=authz level=INFO msg="token refresh completed in 1240ms"
2025-12-01T11:21:21Z svc=scheduler level=INFO msg="retry queue depth=1035"
2025-12-01T11:21:25Z svc=scheduler level=INFO msg="batch 7729 committed"
2025-12-01T11:21:35Z svc=ingest level=INFO msg="token refresh completed in 41ms"
2025-12-01T11:21:50Z svc=authz level=INFO msg="compaction finished, 7641 segments merged"
2025-12-01T11:22:05Z svc=authz level=INFO msg="webhook delivery attempt 3681 succeeded"
2025-12-01T11:22:21Z svc=scheduler level=INFO msg="webhook delivery attempt 4805 succeeded"
2025-12-01T11:22:27Z svc=ingest level=INFO msg="cache eviction pass removed 9137 entries"
2025-12-01T11:22:32Z svc=search level=INFO msg="cache eviction pass removed 7140 entries"
2025-12-01T11:22:39Z svc=search level=INFO msg="cache eviction pass removed 8309 entries"
2025-12-01T11:22:53Z svc=api level=INFO msg="cache eviction pass removed 2516 entries"
2025-12-01T11:22:56Z svc=search level=INFO msg="retry queue depth=7672"
2025-12-01T11:23:04Z svc=scheduler level=INFO msg="healthcheck ok rtt=4868ms"
2025-12-01T11:23:09Z svc=api level=INFO msg="batch 2213 committed"
2025-12-01T11:23:21Z svc=scheduler level=INFO msg="cache eviction pass removed 4303 entries"
2025-12-01T11:23:29Z svc=billing level=INFO msg="cache eviction pass removed 7905 entries"
2025-12-01T11:23:33Z svc=api level=INFO msg="retry queue depth=529"
2025-12-01T11:23:37Z svc=search level=INFO msg="batch 4111 committed"
2025-12-01T11:23:42Z svc=authz level=INFO msg="compaction finished, 7297 segments merged"
2025-12-01T11:23:50Z svc=authz level=INFO msg="webhook delivery attempt 1277 succeeded"
2025-12-01T11:23:53Z svc=authz level=INFO msg="healthcheck ok rtt=5547ms"
2025-12-01T11:24:03Z svc=api level=INFO msg="batch 4551 committed"
2025-12-01T11:24:18Z svc=authz level=INFO msg="compaction finished, 3975 segments merged"
2025-12-01T11:24:26Z svc=authz level=INFO msg="healthcheck ok rtt=5910ms"
2025-12-01T11:24:40Z svc=scheduler level=INFO msg="token refresh completed in 48ms"
2025-12-01T11:24:46Z svc=scheduler level=INFO msg="healthcheck ok rtt=4177ms"
2025-12-01T11:25:02Z svc=scheduler level=INFO msg="batch 2658 committed"
2025-12-01T11:25:18Z svc=ingest level=INFO msg="healthcheck ok rtt=1982ms"
2025-12-01T11:25:33Z svc=authz level=INFO msg="batch 5715 committed"
2025-12-01T11:25:42Z svc=api level=INFO msg="token refresh completed in 2810ms"
2025-12-01T11:25:53Z svc=ingest level=INFO msg="webhook delivery attempt 9500 succeeded"
2025-12-01T11:26:03Z svc=search level=INFO msg="retry queue depth=4124"
2025-12-01T11:26:13Z svc=billing level=INFO msg="batch 2422 committed"
2025-12-01T11:26:18Z svc=api level=INFO msg="cache eviction pass removed 2982 entries"
2025-12-01T11:26:21Z svc=scheduler level=INFO msg="token refresh completed in 1769ms"
2025-12-01T11:26:35Z svc=authz level=INFO msg="retry queue depth=5302"
2025-12-01T11:26:44Z svc=authz level=INFO msg="compaction finished, 4187 segments merged"
2025-12-01T11:26:57Z svc=billing level=INFO msg="webhook delivery attempt 6661 succeeded"
2025-12-01T11:27:06Z svc=scheduler level=INFO msg="batch 5202 committed"
2025-12-01T11:27:16Z svc=search level=INFO msg="healthcheck ok rtt=5786ms"
2025-12-01T11:27:23Z svc=authz level=INFO msg="retry queue depth=2319"
2025-12-01T11:27:28Z svc=api level=INFO msg="webhook delivery attempt 6300 succeeded"
2025-12-01T11:27:38Z svc=api level=INFO msg="retry queue depth=4535"
2025-12-01T11:27:49Z svc=billing level=INFO msg="webhook delivery attempt 779 succeeded"
2025-12-01T11:28:06Z svc=search level=INFO msg="batch 4283 committed"
2025-12-01T11:28:15Z svc=scheduler level=INFO msg="compaction finished, 4331 segments merged"
2025-12-01T11:28:32Z svc=api level=INFO msg="cache eviction pass removed 6315 entries"
2025-12-01T11:28:44Z svc=search level=INFO msg="compaction finished, 9195 segments merged"
2025-12-01T11:28:52Z svc=authz level=INFO msg="batch 5912 committed"
2025-12-01T11:29:06Z svc=authz level=INFO msg="retry queue depth=8200"
2025-12-01T11:29:10Z svc=scheduler level=INFO msg="token refresh completed in 1710ms"
2025-12-01T11:29:26Z svc=search level=INFO msg="cache eviction pass removed 5034 entries"
2025-12-01T11:29:43Z svc=authz level=INFO msg="cache eviction pass removed 9297 entries"
2025-12-01T11:29:47Z svc=ingest level=INFO msg="compaction finished, 6119 segments merged"
2025-12-01T11:30:04Z svc=ingest level=INFO msg="batch 1014 committed"
2025-12-01T11:30:19Z svc=billing level=INFO msg="compaction finished, 7701 segments merged"
2025-12-01T11:30:33Z svc=scheduler level=INFO msg="compaction finished, 2441 segments merged"
2025-12-01T11:30:50Z svc=scheduler level=INFO msg="webhook delivery attempt 5390 succeeded"
2025-12-01T11:31:02Z svc=scheduler level=INFO msg="batch 7689 committed"
2025-12-01T11:31:07Z svc=search level=INFO msg="token refresh completed in 6321ms"
2025-12-01T11:31:16Z svc=api level=INFO msg="token refresh completed in 4014ms"
2025-12-01T11:31:28Z svc=api level=INFO msg="cache eviction pass removed 6421 entries"
2025-12-01T11:31:37Z svc=search level=INFO msg="webhook delivery attempt 8876 succeeded"
2025-12-01T11:31:53Z svc=api level=INFO msg="retry queue depth=9225"
2025-12-01T11:32:06Z svc=scheduler level=INFO msg="batch 1864 committed"
2025-12-01T11:32:16Z svc=authz level=INFO msg="webhook delivery attempt 7627 succeeded"
2025-12-01T11:32:24Z svc=api level=INFO msg="token refresh completed in 2537ms"
2025-12-01T11:32:30Z svc=api level=INFO msg="compaction finished, 4703 segments merged"
2025-12-01T11:32:41Z svc=authz level=INFO msg="healthcheck ok rtt=710ms"
2025-12-01T11:32:53Z svc=billing level=INFO msg="healthcheck ok rtt=2650ms"
2025-12-01T11:33:03Z svc=billing level=INFO msg="batch 2229 committed"
2025-12-01T11:33:13Z svc=authz level=INFO msg="webhook delivery attempt 2355 succeeded"
2025-12-01T11:33:22Z svc=scheduler level=INFO msg="batch 4355 committed"
2025-12-01T11:33:38Z svc=ingest level=INFO msg="healthcheck ok rtt=3494ms"
2025-12-01T11:33:50Z svc=billing level=INFO msg="cache eviction pass removed 2895 entries"
2025-12-01T11:33:56Z svc=authz level=INFO msg="retry queue depth=4403"
2025-12-01T11:34:08Z svc=ingest level=INFO msg="token refresh completed in 7368ms"
2025-12-01T11:34:16Z svc=authz level=INFO msg="compaction finished, 674 segments merged"
2025-12-01T11:34:28Z svc=api level=INFO msg="webhook delivery attempt 328 succeeded"
2025-12-01T11:34:44Z svc=ingest level=INFO msg="retry queue depth=2419"
2025-12-01T11:34:59Z svc=ingest level=INFO msg="token refresh completed in 983ms"
2025-12-01T11:35:14Z svc=authz level=INFO msg="retry queue depth=293"
2025-12-01T11:35:26Z svc=authz level=INFO msg="webhook delivery attempt 2733 succeeded"
2025-12-01T11:35:41Z svc=billing level=INFO msg="token refresh completed in 8255ms"
2025-12-01T11:35:44Z svc=search level=INFO msg="cache eviction pass removed 5757 entries"
2025-12-01T11:35:48Z svc=search level=INFO msg="retry queue depth=2401"
2025-12-01T11:36:03Z svc=billing level=INFO msg="webhook delivery attempt 4890 succeeded"
2025-12-01T11:36:08Z svc=search level=INFO msg="token refresh completed in 6032ms"
2025-12-01T11:36:20Z svc=authz level=INFO msg="cache eviction pass removed 173 entries"
2025-12-01T11:36:30Z svc=scheduler level=INFO msg="healthcheck ok rtt=1870ms"
2025-12-01T11:36:39Z svc=api level=INFO msg="cache eviction pass removed 8589 entries"
2025-12-01T11:36:52Z svc=ingest level=INFO msg="retry queue depth=8011"
2025-12-01T11:37:04Z svc=scheduler level=INFO msg="cache eviction pass removed 4027 entries"
2025-12-01T11:37:09Z svc=search level=INFO msg="healthcheck ok rtt=2672ms"
2025-12-01T11:37:22Z svc=search level=INFO msg="retry queue depth=7129"
2025-12-01T11:37:33Z svc=billing level=INFO msg="token refresh completed in 7858ms"
2025-12-01T11:37:50Z svc=api level=INFO msg="cache eviction pass removed 3255 entries"
2025-12-01T11:37:58Z svc=ingest level=INFO msg="healthcheck ok rtt=6124ms"
2025-12-01T11:38:14Z svc=ingest level=INFO msg="compaction finished, 1302 segments merged"
2025-12-01T11:38:21Z svc=scheduler level=INFO msg="healthcheck ok rtt=862ms"
2025-12-01T11:38:25Z svc=search level=INFO msg="webhook delivery attempt 2883 succeeded"
2025-12-01T11:38:31Z svc=authz level=INFO msg="token refresh completed in 4510ms"
2025-12-01T11:38:38Z svc=scheduler level=INFO msg="token refresh completed in 1740ms"
2025-12-01T11:38:45Z svc=api level=INFO msg="compaction finished, 1798 segments merged"
2025-12-01T11:39:01Z svc=search level=INFO msg="retry queue depth=6377"
2025-12-01T11:39:10Z svc=api level=INFO msg="healthcheck ok rtt=6959ms"
2025-12-01T11:39:23Z svc=search level=INFO msg="cache eviction pass removed 7291 entries"
2025-12-01T11:39:39Z svc=ingest level=INFO msg="healthcheck ok rtt=1412ms"
2025-12-01T11:39:56Z svc=search level=INFO msg="webhook delivery attempt 5936 succeeded"
2025-12-01T11:40:06Z svc=billing level=INFO msg="batch 5976 committed"
2025-12-01T11:40:10Z svc=scheduler level=INFO msg="webhook delivery attempt 6823 succeeded"
2025-12-01T11:40:23Z svc=search level=INFO msg="webhook delivery attempt 1551 succeeded"
2025-12-01T11:40:27Z svc=authz level=INFO msg="healthcheck ok rtt=7434ms"
2025-12-01T11:40:37Z svc=api level=INFO msg="webhook delivery attempt 8339 succeeded"
2025-12-01T11:40:54Z svc=billing level=INFO msg="healthcheck ok rtt=2232ms"
2025-12-01T11:41:04Z svc=api level=INFO msg="token refresh completed in 9357ms"
2025-12-01T11:41:15Z svc=api level=INFO msg="token refresh completed in 4826ms"
2025-12-01T11:41:19Z svc=ingest level=INFO msg="batch 6588 committed"
2025-12-01T11:41:32Z svc=search level=INFO msg="compaction finished, 5596 segments merged"
2025-12-01T11:41:38Z svc=ingest level=INFO msg="webhook delivery attempt 933 succeeded"
2025-12-01T11:41:50Z svc=ingest level=INFO msg="token refresh completed in 4995ms"
2025-12-01T11:42:00Z svc=authz level=INFO msg="batch 3472 committed"
2025-12-01T11:42:11Z svc=search level=INFO msg="compaction finished, 949 segments merged"
2025-12-01T11:42:19Z svc=api level=INFO msg="compaction finished, 9180 segments merged"
2025-12-01T11:42:35Z svc=authz level=INFO msg="retry queue depth=4535"
2025-12-01T11:42:42Z svc=authz level=INFO msg="retry queue depth=8110"
2025-12-01T11:42:55Z svc=billing level=INFO msg="healthcheck ok rtt=9399ms"
2025-12-01T11:43:10Z svc=api level=INFO msg="webhook delivery attempt 8030 succeeded"
2025-12-01T11:43:22Z svc=authz level=INFO msg="compaction finished, 855 segments merged"
2025-12-01T11:43:34Z svc=search level=INFO msg="healthcheck ok rtt=9445ms"
2025-12-01T11:43:44Z svc=search level=INFO msg="healthcheck ok rtt=8010ms"
2025-12-01T11:43:59Z svc=authz level=INFO msg="healthcheck ok rtt=6824ms"
2025-12-01T11:44:07Z svc=scheduler level=INFO msg="token refresh completed in 4052ms"
2025-12-01T11:44:10Z svc=api level=INFO msg="retry queue depth=5278"
2025-12-01T11:44:14Z svc=api level=INFO msg="retry queue depth=1496"
2025-12-01T11:44:22Z svc=ingest level=INFO msg="webhook delivery attempt 228 succeeded"
2025-12-01T11:44:28Z svc=billing level=INFO msg="token refresh completed in 5115ms"
2025-12-01T11:44:40Z svc=ingest level=INFO msg="retry queue depth=6318"
2025-12-01T11:44:44Z svc=billing level=INFO msg="compaction finished, 6236 segments merged"
2025-12-01T11:44:59Z svc=authz level=INFO msg="cache eviction pass removed 2641 entries"
2025-12-01T11:45:07Z svc=api level=INFO msg="batch 381 committed"
2025-12-01T11:45:12Z svc=ingest level=INFO msg="retry queue depth=7640"
2025-12-01T11:45:26Z svc=billing level=INFO msg="healthcheck ok rtt=5798ms"
2025-12-01T11:45:29Z svc=billing level=INFO msg="cache eviction pass removed 6618 entries"
2025-12-01T11:45:39Z svc=ingest level=INFO msg="healthcheck ok rtt=6183ms"
2025-12-01T11:45:43Z svc=api level=INFO msg="retry queue depth=3422"
2025-12-01T11:46:00Z svc=scheduler level=INFO msg="batch 8273 committed"
2025-12-01T11:46:15Z svc=billing level=INFO msg="token refresh completed in 8001ms"
2025-12-01T11:46:24Z svc=ingest level=INFO msg="healthcheck ok rtt=2827ms"
2025-12-01T11:46:29Z svc=billing level=INFO msg="batch 6430 committed"
2025-12-01T11:46:41Z svc=authz level=INFO msg="token refresh completed in 3216ms"
2025-12-01T11:46:47Z svc=ingest level=INFO msg="batch 6685 committed"
2025-12-01T11:46:57Z svc=search level=INFO msg="retry queue depth=8060"
2025-12-01T11:47:13Z svc=authz level=INFO msg="compaction finished, 6985 segments merged"
2025-12-01T11:47:21Z svc=search level=INFO msg="token refresh completed in 5755ms"
2025-12-01T11:47:27Z svc=search level=INFO msg="retry queue depth=7148"
2025-12-01T11:47:44Z svc=scheduler level=INFO msg="cache eviction pass removed 5039 entries"
2025-12-01T11:47:47Z svc=ingest level=INFO msg="token refresh completed in 5275ms"
2025-12-01T11:47:58Z svc=ingest level=INFO msg="cache eviction pass removed 5416 entries"
2025-12-01T11:48:14Z svc=scheduler level=INFO msg="batch 6866 committed"
2025-12-01T11:48:22Z svc=api level=INFO msg="compaction finished, 3586 segments merged"
2025-12-01T11:48:30Z svc=search level=INFO msg="cache eviction pass removed 1829 entries"
2025-12-01T11:48:44Z svc=ingest level=INFO msg="token refresh completed in 6471ms"
2025-12-01T11:48:47Z svc=scheduler level=INFO msg="webhook delivery attempt 5902 succeeded"
2025-12-01T11:49:00Z svc=api level=INFO msg="token refresh completed in 9107ms"
2025-12-01T11:49:03Z svc=api level=INFO msg="cache eviction pass removed 285 entries"
2025-12-01T11:49:10Z svc=scheduler level=INFO msg="token refresh completed in 7870ms"
2025-12-01T11:49:18Z svc=scheduler level=INFO msg="retry queue depth=3130"
2025-12-01T11:49:33Z svc=billing level=INFO msg="retry queue depth=6569"
2025-12-01T11:49:45Z svc=authz level=INFO msg="cache eviction pass removed 4348 entries"
2025-12-01T11:49:58Z svc=billing level=INFO msg="cache eviction pass removed 2987 entries"
2025-12-01T11:50:09Z svc=api level=INFO msg="retry queue depth=225"
2025-12-01T11:50:12Z svc=billing level=INFO msg="compaction finished, 9288 segments merged"
2025-12-01T11:50:27Z svc=ingest level=INFO msg="batch 2838 committed"
2025-12-01T11:50:44Z svc=search level=INFO msg="cache eviction pass removed 8034 entries"
2025-12-01T11:50:52Z svc=scheduler level=INFO msg="compaction finished, 5002 segments merged"
2025-12-01T11:50:59Z svc=search level=INFO msg="webhook delivery attempt 1129 succeeded"
2025-12-01T11:51:14Z svc=authz level=INFO msg="compaction finished, 8676 segments merged"
2025-12-01T11:51:19Z svc=scheduler level=INFO msg="token refresh completed in 252ms"
2025-12-01T11:51:35Z svc=api level=INFO msg="healthcheck ok rtt=7003ms"
2025-12-01T11:51:44Z svc=scheduler level=INFO msg="webhook delivery attempt 8923 succeeded"
2025-12-01T11:51:50Z svc=search level=INFO msg="healthcheck ok rtt=3319ms"
2025-12-01T11:52:06Z svc=search level=INFO msg="healthcheck ok rtt=2601ms"
2025-12-01T11:52:14Z svc=scheduler level=INFO msg="cache eviction pass removed 504 entries"
2025-12-01T11:52:19Z svc=ingest level=INFO msg="healthcheck ok rtt=9044ms"
2025-12-01T11:52:36Z svc=ingest level=INFO msg="retry queue depth=1283"
2025-12-01T11:52:52Z svc=authz level=INFO msg="cache eviction pass removed 5853 entries"
2025-12-01T11:53:05Z svc=api level=INFO msg="cache eviction pass removed 5226 entries"
2025-12-01T11:53:22Z svc=scheduler level=INFO msg="token refresh completed in 5801ms"
2025-12-01T11:53:28Z svc=search level=INFO msg="webhook delivery attempt 2591 succeeded"
2025-12-01T11:53:44Z svc=search level=INFO msg="healthcheck ok rtt=4235ms"
2025-12-01T11:53:53Z svc=search level=INFO msg="batch 3628 committed"
2025-12-01T11:53:56Z svc=scheduler level=INFO msg="token refresh completed in 6503ms"
2025-12-01T11:54:00Z svc=scheduler level=INFO msg="healthcheck ok rtt=6418ms"
2025-12-01T11:54:04Z svc=scheduler level=INFO msg="webhook delivery attempt 7797 succeeded"
2025-12-01T11:54:20Z svc=scheduler level=INFO msg="cache eviction pass removed 1854 entries"
2025-12-01T11:54:33Z svc=search level=INFO msg="cache eviction pass removed 1756 entries"
2025-12-01T11:54:48Z svc=billing level=INFO msg="batch 9130 committed"
2025-12-01T11:55:04Z svc=ingest level=INFO msg="webhook delivery attempt 905 succeeded"
2025-12-01T11:55:14Z svc=search level=INFO msg="webhook delivery attempt 4648 succeeded"
2025-12-01T11:55:23Z svc=ingest level=INFO msg="webhook delivery attempt 6941 succeeded"
2025-12-01T11:55:37Z svc=ingest level=INFO msg="webhook delivery attempt 1937 succeeded"
2025-12-01T11:55:52Z svc=billing level=INFO msg="retry queue depth=3825"
2025-12-01T11:55:57Z svc=api level=INFO msg="token refresh completed in 3243ms"
2025-12-01T11:56:13Z svc=authz level=INFO msg="compaction finished, 748 segments merged"
2025-12-01T11:56:30Z svc=billing level=INFO msg="webhook delivery attempt 1481 succeeded"
2025-12-01T11:56:39Z svc=api level=INFO msg="compaction finished, 2384 segments merged"
2025-12-01T11:56:56Z svc=billing level=INFO msg="retry queue depth=3490"
2025-12-01T11:57:12Z svc=ingest level=INFO msg="compaction finished, 5575 segments merged"
2025-12-01T11:57:28Z svc=api level=INFO msg="cache eviction pass removed 2486 entries"
2025-12-01T11:57:39Z svc=search level=INFO msg="cache eviction pass removed 8054 entries"
2025-12-01T11:57:48Z svc=search level=INFO msg="webhook delivery attempt 1596 succeeded"
2025-12-01T11:57:55Z svc=scheduler level=INFO msg="batch 7424 committed"
2025-12-01T11:58:02Z svc=scheduler level=INFO msg="webhook delivery attempt 5448 succeeded"
2025-12-01T11:58:13Z svc=ingest level=INFO msg="retry queue depth=8135"
2025-12-01T11:58:20Z svc=api level=INFO msg="retry queue depth=3316"
2025-12-01T11:58:23Z svc=billing level=INFO msg="retry queue depth=1356"
2025-12-01T11:58:38Z svc=authz level=INFO msg="batch 7149 committed"
2025-12-01T11:58:52Z svc=search level=INFO msg="webhook delivery attempt 4648 succeeded"
2025-12-01T11:59:06Z svc=billing level=INFO msg="compaction finished, 8215 segments merged"
2025-12-01T11:59:09Z svc=ingest level=INFO msg="token refresh completed in 6446ms"
2025-12-01T11:59:16Z svc=api level=INFO msg="batch 6684 committed"
2025-12-01T11:59:22Z svc=scheduler level=INFO msg="healthcheck ok rtt=6145ms"
2025-12-01T11:59:36Z svc=scheduler level=INFO msg="token refresh completed in 9352ms"
2025-12-01T11:59:51Z svc=billing level=INFO msg="compaction finished, 3815 segments merged"
2025-12-01T11:59:56Z svc=billing level=INFO msg="compaction finished, 3678 segments merged"
2025-12-01T12:00:04Z svc=api level=INFO msg="retry queue depth=1085"
2025-12-01T12:00:19Z svc=scheduler level=INFO msg="webhook delivery attempt 1534 succeeded"
2025-12-01T12:00:31Z svc=api level=INFO msg="retry queue depth=7112"
2025-12-01T12:00:46Z svc=ingest level=INFO msg="webhook delivery attempt 2468 succeeded"
2025-12-01T12:00:52Z svc=api level=INFO msg="healthcheck ok rtt=610ms"
2025-12-01T12:00:57Z svc=billing level=INFO msg="retry queue depth=8947"
2025-12-01T12:01:05Z svc=billing level=INFO msg="token refresh completed in 5332ms"
2025-12-01T12:01:18Z svc=api level=INFO msg="healthcheck ok rtt=21ms"
2025-12-01T12:01:34Z svc=ingest level=INFO msg="batch 4968 committed"
2025-12-01T12:01:37Z svc=scheduler level=INFO msg="retry queue depth=1841"
2025-12-01T12:01:41Z svc=api level=INFO msg="compaction finished, 7671 segments merged"
2025-12-01T12:01:57Z svc=search level=INFO msg="healthcheck ok rtt=8702ms"
2025-12-01T12:02:06Z svc=scheduler level=INFO msg="healthcheck ok rtt=1933ms"
2025-12-01T12:02:22Z svc=search level=INFO msg="compaction finished, 8195 segments merged"
2025-12-01T12:02:39Z svc=ingest level=INFO msg="batch 1241 committed"
2025-12-01T12:02:53Z svc=billing level=INFO msg="healthcheck ok rtt=5328ms"
2025-12-01T12:02:59Z svc=api level=INFO msg="batch 621 committed"
2025-12-01T12:03:02Z svc=ingest level=INFO msg="compaction finished, 980 segments merged"
2025-12-01T12:03:08Z svc=scheduler level=INFO msg="cache eviction pass removed 8457 entries"
2025-12-01T12:03:17Z svc=ingest level=INFO msg="webhook delivery attempt 7338 succeeded"
2025-12-01T12:03:28Z svc=authz level=INFO msg="token refresh completed in 516ms"
2025-12-01T12:03:38Z svc=authz level=INFO msg="batch 7520 committed"
2025-12-01T12:03:44Z svc=ingest level=INFO msg="compaction finished, 6685 segments merged"
2025-12-01T12:03:56Z svc=billing level=INFO msg="healthcheck ok rtt=5810ms"
2025-12-01T12:04:02Z svc=ingest level=INFO msg="healthcheck ok rtt=1336ms"
2025-12-01T12:04:13Z svc=search level=INFO msg="batch 7251 committed"
2025-12-01T12:04:23Z svc=billing level=INFO msg="compaction finished, 2958 segments merged"
2025-12-01T12:04:31Z svc=api level=INFO msg="webhook delivery attempt 3874 succeeded"
2025-12-01T12:04:35Z svc=authz level=INFO msg="compaction finished, 774 segments merged"
2025-12-01T12:04:43Z svc=search level=INFO msg="healthcheck ok rtt=8145ms"
2025-12-01T12:04:52Z svc=search level=INFO msg="cache eviction pass removed 6568 entries"
2025-12-01T12:05:02Z svc=ingest level=INFO msg="healthcheck ok rtt=4212ms"
2025-12-01T12:05:13Z svc=scheduler level=INFO msg="cache eviction pass removed 5427 entries"
2025-12-01T12:05:17Z svc=search level=INFO msg="token refresh completed in 5454ms"
2025-12-01T12:05:22Z svc=search level=INFO msg="webhook delivery attempt 7674 succeeded"
2025-12-01T12:05:28Z svc=scheduler level=INFO msg="batch 8630 committed"
2025-12-01T12:05:40Z svc=ingest level=INFO msg="healthcheck ok rtt=8002ms"
2025-12-01T12:05:46Z svc=authz level=INFO msg="cache eviction pass removed 722 entries"
2025-12-01T12:05:59Z svc=scheduler level=INFO msg="retry queue depth=4111"
2025-12-01T12:06:14Z svc=billing level=INFO msg="retry queue depth=462"
2025-12-01T12:06:22Z svc=scheduler level=INFO msg="healthcheck ok rtt=4119ms"
2025-12-01T12:06:28Z svc=api level=INFO msg="compaction finished, 6855 segments merged"
2025-12-01T12:06:35Z svc=billing level=INFO msg="token refresh completed in 9322ms"
2025-12-01T12:06:44Z svc=search level=INFO msg="retry queue depth=1836"
2025-12-01T12:06:49Z svc=search level=INFO msg="batch 582 committed"
2025-12-01T12:07:04Z svc=authz level=INFO msg="healthcheck ok rtt=1693ms"
2025-12-01T12:07:18Z svc=api level=INFO msg="webhook delivery attempt 9119 succeeded"
2025-12-01T12:07:32Z svc=scheduler level=INFO msg="healthcheck ok rtt=1522ms"
2025-12-01T12:07:44Z svc=search level=INFO msg="token refresh completed in 9448ms"
2025-12-01T12:07:51Z svc=scheduler level=INFO msg="compaction finished, 7451 segments merged"
2025-12-01T12:07:56Z svc=authz level=INFO msg="webhook delivery attempt 5233 succeeded"
2025-12-01T12:08:01Z svc=api level=INFO msg="retry queue depth=5005"
2025-12-01T12:08:11Z svc=scheduler level=INFO msg="retry queue depth=4083"
2025-12-01T12:08:20Z svc=ingest level=INFO msg="cache eviction pass removed 882 entries"
2025-12-01T12:08:30Z svc=search level=INFO msg="token refresh completed in 9184ms"
2025-12-01T12:08:35Z svc=search level=INFO msg="token refresh completed in 8001ms"
2025-12-01T12:08:46Z svc=authz level=INFO msg="compaction finished, 3723 segments merged"
2025-12-01T12:08:53Z svc=authz level=INFO msg="retry queue depth=7501"
2025-12-01T12:09:00Z svc=ingest level=INFO msg="batch 2473 committed"
2025-12-01T12:09:15Z svc=ingest level=INFO msg="healthcheck ok rtt=6323ms"
2025-12-01T12:09:26Z svc=ingest level=INFO msg="healthcheck ok rtt=3310ms"
2025-12-01T12:09:34Z svc=search level=INFO msg="token refresh completed in 2869ms"
2025-12-01T12:09:37Z svc=billing level=INFO msg="webhook delivery attempt 8740 succeeded"
2025-12-01T12:09:51Z svc=api level=INFO msg="healthcheck ok rtt=6096ms"
2025-12-01T12:09:54Z svc=scheduler level=INFO msg="batch 7220 committed"
2025-12-01T12:10:06Z svc=authz level=INFO msg="healthcheck ok rtt=298ms"
2025-12-01T12:10:13Z svc=billing level=INFO msg="compaction finished, 2642 segments merged"
2025-12-01T12:10:20Z svc=scheduler level=INFO msg="cache eviction pass removed 90 entries"
2025-12-01T12:10:30Z svc=ingest level=INFO msg="compaction finished, 8158 segments merged"
2025-12-01T12:10:34Z svc=api level=INFO msg="webhook delivery attempt 4977 succeeded"
2025-12-01T12:10:44Z svc=api level=INFO msg="webhook delivery attempt 3782 succeeded"
2025-12-01T12:10:54Z svc=scheduler level=INFO msg="cache eviction pass removed 2422 entries"
2025-12-01T12:11:02Z svc=ingest level=INFO msg="compaction finished, 1409 segments merged"
2025-12-01T12:11:05Z svc=authz level=INFO msg="token refresh completed in 3526ms"
2025-12-01T12:11:21Z svc=api level=INFO msg="token refresh completed in 8607ms"
2025-12-01T12:11:28Z svc=search level=INFO msg="webhook delivery attempt 723 succeeded"
2025-12-01T12:11:33Z svc=api level=INFO msg="batch 4229 committed"
2025-12-01T12:11:44Z svc=search level=INFO msg="batch 2031 committed"
2025-12-01T12:11:58Z svc=scheduler level=INFO msg="cache eviction pass removed 8637 entries"
2025-12-01T12:12:01Z svc=search level=INFO msg="healthcheck ok rtt=5321ms"
2025-12-01T12:12:18Z svc=authz level=INFO msg="compaction finished, 2256 segments merged"
2025-12-01T12:12:22Z svc=ingest level=INFO msg="retry queue depth=3846"
2025-12-01T12:12:31Z svc=scheduler level=INFO msg="token refresh completed in 318ms"
2025-12-01T12:12:42Z svc=api level=INFO msg="token refresh completed in 2211ms"
2025-12-01T12:12:53Z svc=billing level=INFO msg="cache eviction pass removed 2575 entries"
2025-12-01T12:13:03Z svc=api level=INFO msg="compaction finished, 5261 segments merged"
2025-12-01T12:13:07Z svc=authz level=INFO msg="cache eviction pass removed 852 entries"
2025-12-01T12:13:18Z svc=api level=INFO msg="batch 5082 committed"
2025-12-01T12:13:34Z svc=ingest level=INFO msg="cache eviction pass removed 7877 entries"
2025-12-01T12:13:41Z svc=ingest level=INFO msg="batch 2624 committed"
2025-12-01T12:13:51Z svc=scheduler level=INFO msg="retry queue depth=8156"
2025-12-01T12:14:07Z svc=api level=INFO msg="batch 887 committed"
2025-12-01T12:14:18Z svc=authz level=INFO msg="token refresh completed in 2217ms"
2025-12-01T12:14:27Z svc=authz level=INFO msg="cache eviction pass removed 9472 entries"
2025-12-01T12:14:44Z svc=billing level=INFO msg="compaction finished, 3569 segments merged"
2025-12-01T12:14:48Z svc=billing level=INFO msg="batch 1796 committed"
2025-12-01T12:14:55Z svc=api level=INFO msg="cache eviction pass removed 4100 entries"
2025-12-01T12:15:09Z svc=authz level=INFO msg="batch 375 committed"
2025-12-01T12:15:21Z svc=search level=INFO msg="token refresh completed in 1672ms"
2025-12-01T12:15:26Z svc=ingest level=INFO msg="token refresh completed in 7649ms"
2025-12-01T12:15:31Z svc=ingest level=INFO msg="token refresh completed in 4257ms"
2025-12-01T12:15:46Z svc=api level=INFO msg="cache eviction pass removed 1892 entries"
2025-12-01T12:15:54Z svc=billing level=INFO msg="retry queue depth=1784"
2025-12-01T12:15:58Z svc=billing level=INFO msg="compaction finished, 1301 segments merged"
2025-12-01T12:16:12Z svc=search level=INFO msg="token refresh completed in 1221ms"
2025-12-01T12:16:28Z svc=ingest level=INFO msg="retry queue depth=4380"
2025-12-01T12:16:43Z svc=api level=INFO msg="healthcheck ok rtt=1164ms"
2025-12-01T12:16:51Z svc=ingest level=INFO msg="token refresh completed in 261ms"
2025-12-01T12:17:08Z svc=scheduler level=INFO msg="compaction finished, 8026 segments merged"
2025-12-01T12:17:17Z svc=search level=INFO msg="webhook delivery attempt 2814 succeeded"
2025-12-01T12:17:26Z svc=authz level=INFO msg="compaction finished, 2170 segments merged"
2025-12-01T12:17:39Z svc=scheduler level=INFO msg="healthcheck ok rtt=6001ms"
2025-12-01T12:17:48Z svc=authz level=INFO msg="retry queue depth=1386"
2025-12-01T12:17:54Z svc=search level=INFO msg="compaction finished, 5965 segments merged"
2025-12-01T12:17:59Z svc=scheduler level=INFO msg="healthcheck ok rtt=4459ms"
2025-12-01T12:18:02Z svc=scheduler level=INFO msg="cache eviction pass removed 9350 entries"
2025-12-01T12:18:15Z svc=search level=INFO msg="retry queue depth=4232"
2025-12-01T12:18:25Z svc=search level=INFO msg="compaction finished, 5526 segments merged"
2025-12-01T12:18:42Z svc=scheduler level=INFO msg="healthcheck ok rtt=1344ms"
2025-12-01T12:18:52Z svc=ingest level=INFO msg="batch 8576 committed"
2025-12-01T12:19:01Z svc=api level=INFO msg="compaction finished, 4771 segments merged"
2025-12-01T12:19:11Z svc=api level=INFO msg="retry queue depth=2216"
2025-12-01T12:19:25Z svc=authz level=INFO msg="healthcheck ok rtt=3614ms"
2025-12-01T12:19:42Z svc=search level=INFO msg="webhook delivery attempt 6019 succeeded"
2025-12-01T12:19:45Z svc=ingest level=INFO msg="retry queue depth=8894"
2025-12-01T12:19:53Z svc=scheduler level=INFO msg="cache eviction pass removed 2862 entries"
2025-12-01T12:20:10Z svc=search level=INFO msg="retry queue depth=8261"
2025-12-01T12:20:26Z svc=authz level=INFO msg="cache eviction pass removed 3313 entries"
2025-12-01T12:20:40Z svc=ingest level=INFO msg="compaction finished, 1448 segments merged"
2025-12-01T12:20:57Z svc=scheduler level=INFO msg="token refresh completed in 1723ms"
2025-12-01T12:21:03Z svc=search level=INFO msg="cache eviction pass removed 4203 entries"
2025-12-01T12:21:19Z svc=billing level=INFO msg="batch 1059 committed"
2025-12-01T12:21:25Z svc=api level=INFO msg="cache eviction pass removed 1529 entries"
2025-12-01T12:21:31Z svc=billing level=INFO msg="retry queue depth=4618"
2025-12-01T12:21:45Z svc=ingest level=INFO msg="compaction finished, 5679 segments merged"
2025-12-01T12:22:02Z svc=authz level=INFO msg="retry queue depth=3227"
2025-12-01T12:22:19Z svc=ingest level=INFO msg="batch 3069 committed"
2025-12-01T12:22:23Z svc=search level=INFO msg="batch 371 committed"
2025-12-01T12:22:34Z svc=billing level=INFO msg="batch 4022 committed"
2025-12-01T12:22:43Z svc=search level=INFO msg="webhook delivery attempt 6837 succeeded"
2025-12-01T12:22:57Z svc=billing level=INFO msg="token refresh completed in 6203ms"
2025-12-01T12:23:10Z svc=billing level=INFO msg="token refresh completed in 5726ms"
2025-12-01T12:23:20Z svc=api level=INFO msg="webhook delivery attempt 4620 succeeded"
2025-12-01T12:23:33Z svc=ingest level=INFO msg="healthcheck ok rtt=4997ms"
2025-12-01T12:23:47Z svc=search level=INFO msg="token refresh completed in 7656ms"
2025-12-01T12:24:00Z svc=authz level=INFO msg="token refresh completed in 2682ms"
2025-12-01T12:24:16Z svc=api level=INFO msg="compaction finished, 4058 segments merged"
2025-12-01T12:24:25Z svc=api level=INFO msg="webhook delivery attempt 7709 succeeded"
2025-12-01T12:24:31Z svc=search level=INFO msg="webhook delivery attempt 940 succeeded"
2025-12-01T12:24:46Z svc=authz level=INFO msg="compaction finished, 2634 segments merged"
2025-12-01T12:25:00Z svc=ingest level=INFO msg="webhook delivery attempt 8093 succeeded"
2025-12-01T12:25:16Z svc=search level=INFO msg="batch 9290 committed"
2025-12-01T12:25:20Z svc=search level=INFO msg="compaction finished, 3711 segments merged"
2025-12-01T12:25:23Z svc=scheduler level=INFO msg="token refresh completed in 8322ms"
2025-12-01T12:25:32Z svc=api level=INFO msg="retry queue depth=6398"
2025-12-01T12:25:49Z svc=billing level=INFO msg="retry queue depth=107"
2025-12-01T12:25:56Z svc=ingest level=INFO msg="cache eviction pass removed 6695 entries"
2025-12-01T12:26:04Z svc=scheduler level=INFO msg="webhook delivery attempt 3333 succeeded"
2025-12-01T12:26:18Z svc=authz level=INFO msg="retry queue depth=6563"
2025-12-01T12:26:28Z svc=ingest level=INFO msg="healthcheck ok rtt=4966ms"
2025-12-01T12:26:37Z svc=search level=INFO msg="batch 5691 committed"
2025-12-01T12:26:45Z svc=api level=INFO msg="webhook delivery attempt 9089 succeeded"
2025-12-01T12:27:02Z svc=billing level=INFO msg="compaction finished, 2957 segments merged"
2025-12-01T12:27:08Z svc=authz level=INFO msg="compaction finished, 3249 segments merged"
2025-12-01T12:27:23Z svc=ingest level=INFO msg="healthcheck ok rtt=7510ms"
2025-12-01T12:27:27Z svc=search level=INFO msg="webhook delivery attempt 9432 succeeded"
2025-12-01T12:27:38Z svc=scheduler level=INFO msg="compaction finished, 567 segments merged"
2025-12-01T12:27:48Z svc=scheduler level=INFO msg="retry queue depth=3961"
2025-12-01T12:27:55Z svc=ingest level=INFO msg="webhook delivery attempt 3415 succeeded"
2025-12-01T12:27:59Z svc=search level=INFO msg="retry queue depth=515"
2025-12-01T12:28:02Z svc=ingest level=INFO msg="webhook delivery attempt 2742 succeeded"
2025-12-01T12:28:07Z svc=ingest level=INFO msg="compaction finished, 3572 segments merged"
2025-12-01T12:28:16Z svc=ingest level=INFO msg="batch 8595 committed"
2025-12-01T12:28:23Z svc=api level=INFO msg="batch 2732 committed"
2025-12-01T12:28:39Z svc=scheduler level=INFO msg="healthcheck ok rtt=4707ms"
2025-12-01T12:28:55Z svc=billing level=INFO msg="compaction finished, 1042 segments merged"
2025-12-01T12:29:01Z svc=authz level=INFO msg="token refresh completed in 3381ms"
2025-12-01T12:29:09Z svc=authz level=INFO msg="compaction finished, 6417 segments merged"
2025-12-01T12:29:22Z svc=search level=INFO msg="token refresh completed in 3519ms"
2025-12-01T12:29:37Z svc=search level=INFO msg="batch 4566 committed"
2025-12-01T12:29:51Z svc=api level=INFO msg="healthcheck ok rtt=7598ms"
2025-12-01T12:30:00Z svc=search level=INFO msg="healthcheck ok rtt=2351ms"
2025-12-01T12:30:03Z svc=search level=INFO msg="cache eviction pass removed 2785 entries"
2025-12-01T12:30:17Z svc=scheduler level=INFO msg="batch 6771 committed"
2025-12-01T12:30:27Z svc=search level=INFO msg="healthcheck ok rtt=1711ms"
2025-12-01T12:30:42Z svc=scheduler level=INFO msg="token refresh completed in 6727ms"
2025-12-01T12:30:56Z svc=search level=INFO msg="retry queue depth=6192"
2025-12-01T12:31:09Z svc=ingest level=INFO msg="batch 7562 committed"
2025-12-01T12:31:21Z svc=billing level=INFO msg="webhook delivery attempt 3296 succeeded"
2025-12-01T12:31:36Z svc=search level=INFO msg="batch 6132 committed"
2025-12-01T12:31:40Z svc=billing level=INFO msg="compaction finished, 87 segments merged"
2025-12-01T12:31:56Z svc=api level=INFO msg="healthcheck ok rtt=5725ms"
2025-12-01T12:32:11Z svc=authz level=INFO msg="healthcheck ok rtt=6759ms"
2025-12-01T12:32:19Z svc=api level=INFO msg="retry queue depth=2257"
2025-12-01T12:32:28Z svc=scheduler level=INFO msg="cache eviction pass removed 8008 entries"
2025-12-01T12:32:34Z svc=search level=INFO msg="batch 1541 committed"
2025-12-01T12:32:51Z svc=ingest level=INFO msg="healthcheck ok rtt=3659ms"
2025-12-01T12:33:01Z svc=api level=INFO msg="retry queue depth=8428"
2025-12-01T12:33:09Z svc=ingest level=INFO msg="cache eviction pass removed 6735 entries"
2025-12-01T12:33:22Z svc=api level=INFO msg="cache eviction pass removed 297 entries"
2025-12-01T12:33:33Z svc=authz level=INFO msg="webhook delivery attempt 441 succeeded"
2025-12-01T12:33:40Z svc=authz level=INFO msg="token refresh completed in 3032ms"
2025-12-01T12:33:52Z svc=scheduler level=INFO msg="token refresh completed in 1673ms"
2025-12-01T12:33:58Z svc=billing level=INFO msg="healthcheck ok rtt=7507ms"
2025-12-01T12:34:11Z svc=authz level=INFO msg="compaction finished, 4752 segments merged"
2025-12-01T12:34:22Z svc=billing level=INFO msg="webhook delivery attempt 2195 succeeded"
2025-12-01T12:34:28Z svc=search level=INFO msg="cache eviction pass removed 8732 entries"
2025-12-01T12:34:43Z svc=scheduler level=INFO msg="cache eviction pass removed 8061 entries"
2025-12-01T12:34:56Z svc=authz level=INFO msg="retry queue depth=1100"
2025-12-01T12:35:00Z svc=scheduler level=INFO msg="token refresh completed in 4194ms"
2025-12-01T12:35:16Z svc=authz level=INFO msg="webhook delivery attempt 4794 succeeded"
2025-12-01T12:35:24Z svc=scheduler level=INFO msg="retry queue depth=7077"
2025-12-01T12:35:31Z svc=ingest level=INFO msg="healthcheck ok rtt=1996ms"
2025-12-01T12:35:41Z svc=authz level=INFO msg="healthcheck ok rtt=2219ms"
2025-12-01T12:35:56Z svc=billing level=INFO msg="healthcheck ok rtt=7712ms"
2025-12-01T12:36:00Z svc=scheduler level=INFO msg="token refresh completed in 4104ms"
2025-12-01T12:36:07Z svc=authz level=INFO msg="token refresh completed in 4941ms"
2025-12-01T12:36:17Z svc=authz level=INFO msg="cache eviction pass removed 3421 entries"
2025-12-01T12:36:28Z svc=search level=INFO msg="batch 4934 committed"
2025-12-01T12:36:42Z svc=billing level=INFO msg="token refresh completed in 2037ms"
2025-12-01T12:36:53Z svc=search level=INFO msg="batch 610 committed"
2025-12-01T12:37:07Z svc=ingest level=INFO msg="token refresh completed in 2801ms"
2025-12-01T12:37:12Z svc=search level=INFO msg="webhook delivery attempt 316 succeeded"
2025-12-01T12:37:29Z svc=billing level=INFO msg="token refresh completed in 9190ms"
2025-12-01T12:37:32Z svc=billing level=INFO msg="cache eviction pass removed 420 entries"
2025-12-01T12:37:40Z svc=ingest level=INFO msg="token refresh completed in 7874ms"
2025-12-01T12:37:55Z svc=api level=INFO msg="token refresh completed in 695ms"
2025-12-01T12:38:03Z svc=search level=INFO msg="webhook delivery attempt 6969 succeeded"
2025-12-01T12:38:19Z svc=api level=INFO msg="compaction finished, 6073 segments merged"
2025-12-01T12:38:35Z svc=search level=INFO msg="healthcheck ok rtt=7608ms"
2025-12-01T12:38:38Z svc=authz level=INFO msg="webhook delivery attempt 3799 succeeded"
2025-12-01T12:38:48Z svc=api level=INFO msg="healthcheck ok rtt=7825ms"
2025-12-01T12:38:58Z svc=authz level=INFO msg="healthcheck ok rtt=613ms"
2025-12-01T12:39:15Z svc=api level=INFO msg="token refresh completed in 1359ms"
2025-12-01T12:39:28Z svc=billing level=INFO msg="cache eviction pass removed 4598 entries"
2025-12-01T12:39:38Z svc=authz level=INFO msg="webhook delivery attempt 6714 succeeded"
2025-12-01T12:39:45Z svc=search level=INFO msg="webhook delivery attempt 6710 succeeded"
2025-12-01T12:39:48Z svc=ingest level=INFO msg="batch 932 committed"
2025-12-01T12:40:03Z svc=authz level=INFO msg="cache eviction pass removed 5056 entries"
2025-12-01T12:40:17Z svc=scheduler level=INFO msg="batch 9095 committed"
2025-12-01T12:40:34Z svc=billing level=INFO msg="retry queue depth=2727"
2025-12-01T12:40:47Z svc=scheduler level=INFO msg="retry queue depth=1133"
2025-12-01T12:40:55Z svc=authz level=INFO msg="healthcheck ok rtt=114ms"
2025-12-01T12:41:06Z svc=ingest level=INFO msg="cache eviction pass removed 7017 entries"
2025-12-01T12:41:09Z svc=authz level=INFO msg="webhook delivery attempt 2938 succeeded"
2025-12-01T12:41:17Z svc=ingest level=INFO msg="healthcheck ok rtt=9487ms"
2025-12-01T12:41:20Z svc=search level=INFO msg="webhook delivery attempt 4295 succeeded"
2025-12-01T12:41:29Z svc=scheduler level=INFO msg="compaction finished, 6005 segments merged"
2025-12-01T12:41:34Z svc=authz level=INFO msg="compaction finished, 8088 segments merged"
2025-12-01T12:41:43Z svc=authz level=INFO msg="token refresh completed in 3234ms"
2025-12-01T12:41:46Z svc=authz level=INFO msg="retry queue depth=6539"
2025-12-01T12:41:55Z svc=billing level=INFO msg="cache eviction pass removed 2268 entries"
2025-12-01T12:42:03Z svc=api level=INFO msg="retry queue depth=7054"
2025-12-01T12:42:15Z svc=scheduler level=INFO msg="batch 5833 committed"
2025-12-01T12:42:23Z svc=api level=INFO msg="token refresh completed in 5016ms"
2025-12-01T12:42:34Z svc=authz level=INFO msg="cache eviction pass removed 7863 entries"
2025-12-01T12:42:37Z svc=billing level=INFO msg="retry queue depth=9180"
2025-12-01T12:42:47Z svc=billing level=INFO msg="compaction finished, 4705 segments merged"
2025-12-01T12:42:56Z svc=ingest level=INFO msg="compaction finished, 8211 segments merged"
2025-12-01T12:43:09Z svc=billing level=INFO msg="batch 6084 committed"
2025-12-01T12:43:26Z svc=search level=INFO msg="cache eviction pass removed 4556 entries"
2025-12-01T12:43:36Z svc=billing level=INFO msg="compaction finished, 4352 segments merged"
2025-12-01T12:43:48Z svc=search level=INFO msg="batch 8770 committed"
2025-12-01T12:43:58Z svc=scheduler level=INFO msg="cache eviction pass removed 3011 entries"
2025-12-01T12:44:15Z svc=search level=INFO msg="healthcheck ok rtt=2512ms"
2025-12-01T12:44:18Z svc=search level=INFO msg="webhook delivery attempt 3265 succeeded"
2025-12-01T12:44:29Z svc=scheduler level=INFO msg="webhook delivery attempt 9459 succeeded"
2025-12-01T12:44:35Z svc=authz level=INFO msg="batch 671 committed"
2025-12-01T12:44:39Z svc=billing level=INFO msg="batch 6920 committed"
2025-12-01T12:44:43Z svc=billing level=INFO msg="retry queue depth=1655"
2025-12-01T12:44:59Z svc=api level=INFO msg="token refresh completed in 8213ms"
2025-12-01T12:45:02Z svc=ingest level=INFO msg="token refresh completed in 6585ms"
2025-12-01T12:45:16Z svc=billing level=INFO msg="compaction finished, 7957 segments merged"
2025-12-01T12:45:30Z svc=scheduler level=INFO msg="retry queue depth=9347"
2025-12-01T12:45:39Z svc=billing level=INFO msg="batch 3429 committed"
2025-12-01T12:45:44Z svc=search level=INFO msg="webhook delivery attempt 5110 succeeded"
2025-12-01T12:46:01Z svc=search level=INFO msg="retry queue depth=9018"
2025-12-01T12:46:05Z svc=authz level=INFO msg="token refresh completed in 6067ms"
2025-12-01T12:46:19Z svc=billing level=INFO msg="compaction finished, 4805 segments merged"
2025-12-01T12:46:23Z svc=search level=INFO msg="compaction finished, 6013 segments merged"
2025-12-01T12:46:27Z svc=authz level=INFO msg="webhook delivery attempt 2562 succeeded"
2025-12-01T12:46:31Z svc=scheduler level=INFO msg="batch 8076 committed"
2025-12-01T12:46:45Z svc=ingest level=INFO msg="cache eviction pass removed 9147 entries"
2025-12-01T12:47:02Z svc=api level=INFO msg="cache eviction pass removed 7657 entries"
2025-12-01T12:47:19Z svc=billing level=INFO msg="token refresh completed in 1501ms"
2025-12-01T12:47:26Z svc=api level=INFO msg="cache eviction pass removed 6938 entries"
2025-12-01T12:47:29Z svc=api level=INFO msg="compaction finished, 7938 segments merged"
2025-12-01T12:47:45Z svc=ingest level=INFO msg="batch 8381 committed"
2025-12-01T12:48:01Z svc=billing level=INFO msg="retry queue depth=9032"
2025-12-01T12:48:14Z svc=api level=INFO msg="batch 5076 committed"
2025-12-01T12:48:28Z svc=api level=INFO msg="cache eviction pass removed 6797 entries"
2025-12-01T12:48:37Z svc=ingest level=INFO msg="webhook delivery attempt 7325 succeeded"
2025-12-01T12:48:42Z svc=api level=INFO msg="healthcheck ok rtt=2213ms"
2025-12-01T12:48:55Z svc=api level=INFO msg="cache eviction pass removed 7201 entries"
2025-12-01T12:49:11Z svc=billing level=INFO msg="token refresh completed in 2882ms"
2025-12-01T12:49:25Z svc=api level=INFO msg="token refresh completed in 4266ms"
2025-12-01T12:49:41Z svc=billing level=INFO msg="healthcheck ok rtt=5533ms"
2025-12-01T12:49:52Z svc=api level=INFO msg="webhook delivery attempt 8731 succeeded"
2025-12-01T12:50:03Z svc=ingest level=INFO msg="batch 5480 committed"
2025-12-01T12:50:15Z svc=ingest level=INFO msg="token refresh completed in 3147ms"
2025-12-01T12:50:29Z svc=api level=INFO msg="healthcheck ok rtt=7923ms"
2025-12-01T12:50:38Z svc=search level=INFO msg="compaction finished, 7694 segments merged"
2025-12-01T12:50:51Z svc=api level=INFO msg="retry queue depth=8175"
2025-12-01T12:50:54Z svc=billing level=INFO msg="healthcheck ok rtt=2145ms"
2025-12-01T12:50:58Z svc=authz level=INFO msg="webhook delivery attempt 1466 succeeded"
2025-12-01T12:51:12Z svc=billing level=INFO msg="webhook delivery attempt 1838 succeeded"
2025-12-01T12:51:20Z svc=billing level=INFO msg="healthcheck ok rtt=433ms"
2025-12-01T12:51:37Z svc=billing level=INFO msg="healthcheck ok rtt=7475ms"
2025-12-01T12:51:41Z svc=ingest level=INFO msg="webhook delivery attempt 7877 succeeded"
2025-12-01T12:51:51Z svc=authz level=INFO msg="batch 5294 committed"
2025-12-01T12:52:00Z svc=api level=INFO msg="cache eviction pass removed 1785 entries"
2025-12-01T12:52:16Z svc=authz level=INFO msg="healthcheck ok rtt=3655ms"
2025-12-01T12:52:22Z svc=authz level=INFO msg="batch 3150 committed"
2025-12-01T12:52:35Z svc=search level=INFO msg="retry queue depth=884"
2025-12-01T12:52:49Z svc=scheduler level=INFO msg="healthcheck ok rtt=155ms"
2025-12-01T12:53:06Z svc=ingest level=INFO msg="healthcheck ok rtt=2048ms"
2025-12-01T12:53:18Z svc=search level=INFO msg="compaction finished, 805 segments merged"
2025-12-01T12:53:35Z svc=ingest level=INFO msg="compaction finished, 6975 segments merged"
2025-12-01T12:53:48Z svc=api level=INFO msg="webhook delivery attempt 7090 succeeded"
2025-12-01T12:54:04Z svc=search level=INFO msg="token refresh completed in 8043ms"
2025-12-01T12:54:14Z svc=api level=INFO msg="retry queue depth=2326"
2025-12-01T12:54:27Z svc=authz level=INFO msg="retry queue depth=7399"
2025-12-01T12:54:38Z svc=api level=INFO msg="retry queue depth=8482"
2025-12-01T12:54:47Z svc=authz level=INFO msg="webhook delivery attempt 4777 succeeded"
2025-12-01T12:55:03Z svc=search level=INFO msg="compaction finished, 6752 segments merged"
2025-12-01T12:55:13Z svc=api level=INFO msg="healthcheck ok rtt=3161ms"
2025-12-01T12:55:30Z svc=scheduler level=INFO msg="retry queue depth=1901"
2025-12-01T12:55:39Z svc=scheduler level=INFO msg="cache eviction pass removed 4368 entries"
2025-12-01T12:55:45Z svc=scheduler level=INFO msg="cache eviction pass removed 2372 entries"
2025-12-01T12:55:55Z svc=billing level=INFO msg="cache eviction pass removed 5920 entries"
2025-12-01T12:55:58Z svc=search level=INFO msg="batch 554 committed"
2025-12-01T12:56:08Z svc=billing level=INFO msg="compaction finished, 8644 segments merged"
2025-12-01T12:56:20Z svc=search level=INFO msg="batch 2245 committed"
2025-12-01T12:56:37Z svc=billing level=INFO msg="batch 268 committed"
2025-12-01T12:56:44Z svc=search level=INFO msg="compaction finished, 1597 segments merged"
2025-12-01T12:56:58Z svc=api level=INFO msg="compaction finished, 8613 segments merged"
2025-12-01T12:57:12Z svc=ingest level=INFO msg="compaction finished, 7990 segments merged"
2025-12-01T12:57:19Z svc=api level=INFO msg="retry queue depth=6306"
2025-12-01T12:57:22Z svc=api level=INFO msg="webhook delivery attempt 7447 succeeded"
2025-12-01T12:57:36Z svc=search level=INFO msg="token refresh completed in 8112ms"
2025-12-01T12:57:46Z svc=ingest level=INFO msg="batch 4591 committed"
2025-12-01T12:58:00Z svc=authz level=INFO msg="webhook delivery attempt 4372 succeeded"
2025-12-01T12:58:07Z svc=billing level=INFO msg="compaction finished, 1929 segments merged"
2025-12-01T12:58:17Z svc=ingest level=INFO msg="cache eviction pass removed 2553 entries"
2025-12-01T12:58:32Z svc=api level=INFO msg="webhook delivery attempt 1471 succeeded"
2025-12-01T12:58:40Z svc=api level=INFO msg="batch 6959 committed"
2025-12-01T12:58:47Z svc=scheduler level=INFO msg="cache eviction pass removed 652 entries"
2025-12-01T12:58:58Z svc=ingest level=INFO msg="compaction finished, 520 segments merged"
2025-12-01T12:59:04Z svc=authz level=INFO msg="compaction finished, 7933 segments merged"
2025-12-01T12:59:17Z svc=authz level=INFO msg="cache eviction pass removed 1853 entries"
2025-12-01T12:59:26Z svc=billing level=INFO msg="cache eviction pass removed 8405 entries"
2025-12-01T12:59:32Z svc=authz level=INFO msg="token refresh completed in 9252ms"
2025-12-01T12:59:46Z svc=search level=INFO msg="webhook delivery attempt 8207 succeeded"
2025-12-01T13:00:00Z svc=ingest level=INFO msg="compaction finished, 9493 segments merged"
2025-12-01T13:00:11Z svc=scheduler level=INFO msg="healthcheck ok rtt=78ms"
2025-12-01T13:00:24Z svc=ingest level=INFO msg="retry queue depth=6707"
2025-12-01T13:00:40Z svc=search level=INFO msg="healthcheck ok rtt=1726ms"
2025-12-01T13:00:54Z svc=ingest level=INFO msg="healthcheck ok rtt=5898ms"
2025-12-01T13:00:57Z svc=scheduler level=INFO msg="retry queue depth=2967"
2025-12-01T13:01:06Z svc=authz level=INFO msg="retry queue depth=1573"
2025-12-01T13:01:10Z svc=ingest level=INFO msg="retry queue depth=29"
2025-12-01T13:01:14Z svc=search level=INFO msg="cache eviction pass removed 3366 entries"
2025-12-01T13:01:22Z svc=ingest level=INFO msg="compaction finished, 4067 segments merged"
2025-12-01T13:01:29Z svc=search level=INFO msg="cache eviction pass removed 5890 entries"
2025-12-01T13:01:32Z svc=billing level=INFO msg="retry queue depth=3867"
2025-12-01T13:01:42Z svc=api level=INFO msg="batch 8477 committed"
2025-12-01T13:01:55Z svc=api level=INFO msg="token refresh completed in 1441ms"
2025-12-01T13:02:06Z svc=ingest level=INFO msg="batch 8925 committed"
2025-12-01T13:02:16Z svc=search level=INFO msg="webhook delivery attempt 2816 succeeded"
2025-12-01T13:02:23Z svc=search level=INFO msg="compaction finished, 8932 segments merged"
2025-12-01T13:02:34Z svc=scheduler level=INFO msg="cache eviction pass removed 5046 entries"
2025-12-01T13:02:46Z svc=scheduler level=INFO msg="healthcheck ok rtt=7764ms"
2025-12-01T13:02:55Z svc=search level=INFO msg="batch 7650 committed"
2025-12-01T13:03:10Z svc=api level=INFO msg="token refresh completed in 6659ms"
2025-12-01T13:03:25Z svc=billing level=INFO msg="cache eviction pass removed 2285 entries"
2025-12-01T13:03:35Z svc=billing level=INFO msg="webhook delivery attempt 1972 succeeded"
2025-12-01T13:03:51Z svc=ingest level=INFO msg="token refresh completed in 2775ms"
2025-12-01T13:03:56Z svc=api level=INFO msg="webhook delivery attempt 5291 succeeded"
2025-12-01T13:04:08Z svc=scheduler level=INFO msg="cache eviction pass removed 2583 entries"
2025-12-01T13:04:25Z svc=authz level=INFO msg="retry queue depth=4042"
2025-12-01T13:04:38Z svc=authz level=INFO msg="cache eviction pass removed 1969 entries"
2025-12-01T13:04:54Z svc=billing level=INFO msg="healthcheck ok rtt=5828ms"
2025-12-01T13:05:07Z svc=api level=INFO msg="token refresh completed in 5136ms"
2025-12-01T13:05:15Z svc=ingest level=INFO msg="batch 285 committed"
2025-12-01T13:05:29Z svc=billing level=INFO msg="token refresh completed in 6503ms"
2025-12-01T13:05:43Z svc=scheduler level=INFO msg="cache eviction pass removed 5214 entries"
2025-12-01T13:06:00Z svc=search level=INFO msg="retry queue depth=1986"
2025-12-01T13:06:03Z svc=billing level=INFO msg="token refresh completed in 3128ms"
2025-12-01T13:06:13Z svc=billing level=INFO msg="cache eviction pass removed 8066 entries"
2025-12-01T13:06:17Z svc=api level=INFO msg="batch 7950 committed"
2025-12-01T13:06:29Z svc=ingest level=INFO msg="batch 7983 committed"
2025-12-01T13:06:36Z svc=search level=INFO msg="healthcheck ok rtt=6484ms"
2025-12-01T13:06:53Z svc=ingest level=INFO msg="healthcheck ok rtt=1532ms"
2025-12-01T13:07:02Z svc=authz level=INFO msg="cache eviction pass removed 6719 entries"
2025-12-01T13:07:10Z svc=authz level=INFO msg="cache eviction pass removed 849 entries"
2025-12-01T13:07:18Z svc=search level=INFO msg="healthcheck ok rtt=2645ms"
2025-12-01T13:07:24Z svc=api level=INFO msg="webhook delivery attempt 259 succeeded"
2025-12-01T13:07:31Z svc=billing level=INFO msg="cache eviction pass removed 6850 entries"
2025-12-01T13:07:36Z svc=scheduler level=INFO msg="token refresh completed in 9488ms"
2025-12-01T13:07:47Z svc=search level=INFO msg="batch 6780 committed"
2025-12-01T13:07:59Z svc=billing level=INFO msg="cache eviction pass removed 1904 entries"
2025-12-01T13:08:11Z svc=api level=INFO msg="token refresh completed in 5053ms"
2025-12-01T13:08:20Z svc=authz level=INFO msg="healthcheck ok rtt=2718ms"
2025-12-01T13:08:33Z svc=authz level=INFO msg="token refresh completed in 8347ms"
2025-12-01T13:08:49Z svc=api level=INFO msg="retry queue depth=8544"
2025-12-01T13:08:56Z svc=billing level=INFO msg="batch 8167 committed"
2025-12-01T13:09:06Z svc=scheduler level=INFO msg="token refresh completed in 6909ms"
2025-12-01T13:09:15Z svc=scheduler level=INFO msg="retry queue depth=3911"
2025-12-01T13:09:24Z svc=api level=INFO msg="retry queue depth=5401"
2025-12-01T13:09:33Z svc=scheduler level=INFO msg="webhook delivery attempt 4768 succeeded"
2025-12-01T13:09:40Z svc=billing level=INFO msg="retry queue depth=2587"
2025-12-01T13:09:48Z svc=billing level=INFO msg="batch 2657 committed"
2025-12-01T13:09:56Z svc=ingest level=INFO msg="retry queue depth=1996"
2025-12-01T13:10:00Z svc=api level=INFO msg="retry queue depth=500"
2025-12-01T13:10:09Z svc=search level=INFO msg="compaction finished, 5563 segments merged"
2025-12-01T13:10:13Z svc=search level=INFO msg="batch 4950 committed"
2025-12-01T13:10:23Z svc=search level=INFO msg="token refresh completed in 5824ms"
2025-12-01T13:10:38Z svc=scheduler level=INFO msg="retry queue depth=4188"
2025-12-01T13:10:51Z svc=ingest level=INFO msg="retry queue depth=4642"
2025-12-01T13:10:58Z svc=ingest level=INFO msg="batch 5219 committed"
2025-12-01T13:11:11Z svc=billing level=INFO msg="cache eviction pass removed 8849 entries"
2025-12-01T13:11:20Z svc=authz level=INFO msg="webhook delivery attempt 3571 succeeded"
2025-12-01T13:11:24Z svc=api level=INFO msg="cache eviction pass removed 6117 entries"
2025-12-01T13:11:31Z svc=authz level=INFO msg="webhook delivery attempt 8870 succeeded"
2025-12-01T13:11:40Z svc=authz level=INFO msg="compaction finished, 1166 segments merged"
2025-12-01T13:11:47Z svc=search level=INFO msg="webhook delivery attempt 5065 succeeded"
2025-12-01T13:11:53Z svc=scheduler level=INFO msg="webhook delivery attempt 988 succeeded"
2025-12-01T13:12:01Z svc=search level=INFO msg="retry queue depth=1058"
2025-12-01T13:12:08Z svc=api level=INFO msg="cache eviction pass removed 3532 entries"
2025-12-01T13:12:23Z svc=authz level=INFO msg="batch 1162 committed"
2025-12-01T13:12:34Z svc=ingest level=INFO msg="token refresh completed in 5697ms"
2025-12-01T13:12:51Z svc=authz level=INFO msg="cache eviction pass removed 9236 entries"
2025-12-01T13:13:07Z svc=search level=INFO msg="retry queue depth=7744"
2025-12-01T13:13:13Z svc=authz level=INFO msg="retry queue depth=8740"
2025-12-01T13:13:28Z svc=search level=INFO msg="batch 358 committed"
2025-12-01T13:13:41Z svc=ingest level=INFO msg="healthcheck ok rtt=6674ms"
2025-12-01T13:13:54Z svc=authz level=INFO msg="compaction finished, 9054 segments merged"
2025-12-01T13:14:10Z svc=ingest level=INFO msg="cache eviction pass removed 8826 entries"
2025-12-01T13:14:16Z svc=search level=INFO msg="batch 7598 committed"
2025-12-01T13:14:19Z svc=search level=INFO msg="compaction finished, 8383 segments merged"
2025-12-01T13:14:25Z svc=authz level=INFO msg="healthcheck ok rtt=3439ms"
2025-12-01T13:14:34Z svc=authz level=INFO msg="retry queue depth=3169"
2025-12-01T13:14:39Z svc=scheduler level=INFO msg="token refresh completed in 2499ms"
2025-12-01T13:14:51Z svc=authz level=INFO msg="compaction finished, 9190 segments merged"
2025-12-01T13:15:03Z svc=billing level=INFO msg="retry queue depth=6071"
2025-12-01T13:15:07Z svc=search level=INFO msg="compaction finished, 4514 segments merged"
2025-12-01T13:15:23Z svc=ingest level=INFO msg="batch 1637 committed"
2025-12-01T13:15:38Z svc=search level=INFO msg="cache eviction pass removed 4462 entries"
2025-12-01T13:15:49Z svc=authz level=INFO msg="token refresh completed in 2062ms"
2025-12-01T13:16:04Z svc=authz level=INFO msg="webhook delivery attempt 1227 succeeded"
2025-12-01T13:16:21Z svc=authz level=INFO msg="batch 8550 committed"
2025-12-01T13:16:38Z svc=billing level=INFO msg="compaction finished, 9319 segments merged"
2025-12-01T13:16:51Z svc=authz level=INFO msg="retry queue depth=7989"
2025-12-01T13:16:59Z svc=ingest level=INFO msg="compaction finished, 5656 segments merged"
2025-12-01T13:17:13Z svc=api level=INFO msg="batch 1706 committed"
2025-12-01T13:17:29Z svc=search level=INFO msg="healthcheck ok rtt=5541ms"
2025-12-01T13:17:42Z svc=api level=INFO msg="cache eviction pass removed 1295 entries"
2025-12-01T13:17:56Z svc=billing level=INFO msg="cache eviction pass removed 8787 entries"
2025-12-01T13:18:01Z svc=scheduler level=INFO msg="webhook delivery attempt 6486 succeeded"
2025-12-01T13:18:04Z svc=billing level=INFO msg="compaction finished, 1408 segments merged"
2025-12-01T13:18:12Z svc=scheduler level=INFO msg="cache eviction pass removed 4664 entries"
2025-12-01T13:18:28Z svc=authz level=INFO msg="token refresh completed in 4932ms"
2025-12-01T13:18:40Z svc=api level=INFO msg="compaction finished, 6594 segments merged"
2025-12-01T13:18:57Z svc=ingest level=INFO msg="compaction finished, 3672 segments merged"
2025-12-01T13:19:01Z svc=scheduler level=INFO msg="webhook delivery attempt 1881 succeeded"
2025-12-01T13:19:18Z svc=scheduler level=INFO msg="healthcheck ok rtt=6652ms"
2025-12-01T13:19:32Z svc=search level=INFO msg="compaction finished, 3232 segments merged"
2025-12-01T13:19:41Z svc=authz level=INFO msg="cache eviction pass removed 8473 entries"
2025-12-01T13:19:48Z svc=ingest level=INFO msg="cache eviction pass removed 7393 entries"
2025-12-01T13:19:54Z svc=api level=INFO msg="retry queue depth=7190"
2025-12-01T13:20:09Z svc=authz level=INFO msg="token refresh completed in 6410ms"
2025-12-01T13:20:25Z svc=api level=INFO msg="cache eviction pass removed 3830 entries"
2025-12-01T13:20:41Z svc=search level=INFO msg="batch 1827 committed"
2025-12-01T13:20:44Z svc=scheduler level=INFO msg="token refresh completed in 5184ms"
2025-12-01T13:20:51Z svc=scheduler level=INFO msg="compaction finished, 955 segments merged"
2025-12-01T13:20:55Z svc=ingest level=INFO msg="retry queue depth=8787"
2025-12-01T13:21:01Z svc=billing level=INFO msg="compaction finished, 8088 segments merged"
2025-12-01T13:21:17Z svc=authz level=INFO msg="webhook delivery attempt 9128 succeeded"
2025-12-01T13:21:25Z svc=api level=INFO msg="healthcheck ok rtt=7509ms"
2025-12-01T13:21:29Z svc=billing level=INFO msg="compaction finished, 9285 segments merged"
2025-12-01T13:21:33Z svc=ingest level=INFO msg="webhook delivery attempt 1242 succeeded"
2025-12-01T13:21:50Z svc=ingest level=INFO msg="retry queue depth=3141"
2025-12-01T13:22:07Z svc=billing level=INFO msg="cache eviction pass removed 6745 entries"
2025-12-01T13:22:16Z svc=ingest level=INFO msg="retry queue depth=8704"
2025-12-01T13:22:29Z svc=ingest level=INFO msg="compaction finished, 7981 segments merged"
2025-12-01T13:22:44Z svc=ingest level=INFO msg="retry queue depth=131"
2025-12-01T13:22:54Z svc=scheduler level=INFO msg="healthcheck ok rtt=1356ms"
2025-12-01T13:23:08Z svc=search level=INFO msg="cache eviction pass removed 907 entries"
2025-12-01T13:23:19Z svc=authz level=INFO msg="webhook delivery attempt 6128 succeeded"
2025-12-01T13:23:36Z svc=scheduler level=INFO msg="compaction finished, 6058 segments merged"
2025-12-01T13:23:44Z svc=scheduler level=INFO msg="cache eviction pass removed 9160 entries"
2025-12-01T13:23:57Z svc=scheduler level=INFO msg="token refresh completed in 1243ms"
2025-12-01T13:24:09Z svc=search level=INFO msg="retry queue depth=5268"
2025-12-01T13:24:13Z svc=search level=INFO msg="retry queue depth=1314"
2025-12-01T13:24:20Z svc=billing level=INFO msg="batch 1971 committed"
2025-12-01T13:24:31Z svc=ingest level=INFO msg="webhook delivery attempt 4048 succeeded"
2025-12-01T13:24:35Z svc=search level=INFO msg="batch 2677 committed"
2025-12-01T13:24:45Z svc=search level=INFO msg="cache eviction pass removed 4833 entries"
2025-12-01T13:24:57Z svc=authz level=INFO msg="retry queue depth=9072"
2025-12-01T13:25:08Z svc=billing level=INFO msg="retry queue depth=963"
2025-12-01T13:25:12Z svc=scheduler level=INFO msg="healthcheck ok rtt=665ms"
2025-12-01T13:25:28Z svc=ingest level=INFO msg="token refresh completed in 4259ms"
2025-12-01T13:25:44Z svc=search level=INFO msg="webhook delivery attempt 9173 succeeded"
2025-12-01T13:25:52Z svc=scheduler level=INFO msg="batch 1537 committed"
2025-12-01T13:25:55Z svc=api level=INFO msg="token refresh completed in 2648ms"
2025-12-01T13:26:12Z svc=billing level=INFO msg="webhook delivery attempt 143 succeeded"
2025-12-01T13:26:27Z svc=scheduler level=INFO msg="batch 1026 committed"
2025-12-01T13:26:35Z svc=billing level=INFO msg="healthcheck ok rtt=5989ms"
2025-12-01T13:26:47Z svc=ingest level=INFO msg="retry queue depth=3049"
2025-12-01T13:27:04Z svc=billing level=INFO msg="batch 8183 committed"
2025-12-01T13:27:10Z svc=search level=INFO msg="token refresh completed in 4019ms"
2025-12-01T13:27:18Z svc=search level=INFO msg="batch 4233 committed"
2025-12-01T13:27:27Z svc=scheduler level=INFO msg="healthcheck ok rtt=3389ms"
2025-12-01T13:27:31Z svc=scheduler level=INFO msg="retry queue depth=3876"
2025-12-01T13:27:47Z svc=scheduler level=INFO msg="healthcheck ok rtt=915ms"
2025-12-01T13:27:51Z svc=billing level=INFO msg="batch 2391 committed"
2025-12-01T13:28:03Z svc=api level=INFO msg="cache eviction pass removed 6224 entries"
2025-12-01T13:28:19Z svc=scheduler level=INFO msg="compaction finished, 4261 segments merged"
2025-12-01T13:28:32Z svc=search level=INFO msg="batch 7554 committed"
2025-12-01T13:28:39Z svc=ingest level=INFO msg="compaction finished, 8292 segments merged"
2025-12-01T13:28:46Z svc=scheduler level=INFO msg="compaction finished, 1795 segments merged"
2025-12-01T13:29:02Z svc=search level=INFO msg="healthcheck ok rtt=9182ms"
2025-12-01T13:29:07Z svc=api level=INFO msg="retry queue depth=7585"
2025-12-01T13:29:15Z svc=scheduler level=INFO msg="compaction finished, 7488 segments merged"
2025-12-01T13:29:32Z svc=authz level=INFO msg="cache eviction pass removed 6623 entries"
2025-12-01T13:29:48Z svc=scheduler level=INFO msg="cache eviction pass removed 1237 entries"
2025-12-01T13:29:52Z svc=authz level=INFO msg="batch 2812 committed"
2025-12-01T13:30:08Z svc=billing level=INFO msg="batch 6992 committed"
2025-12-01T13:30:23Z svc=ingest level=INFO msg="healthcheck ok rtt=5499ms"
2025-12-01T13:30:31Z svc=search level=INFO msg="retry queue depth=5347"
2025-12-01T13:30:41Z svc=api level=INFO msg="retry queue depth=4693"
2025-12-01T13:30:53Z svc=scheduler level=INFO msg="compaction finished, 9236 segments merged"
2025-12-01T13:30:58Z svc=billing level=INFO msg="retry queue depth=7567"
2025-12-01T13:31:05Z svc=ingest level=INFO msg="retry queue depth=2725"
2025-12-01T13:31:13Z svc=ingest level=INFO msg="healthcheck ok rtt=6057ms"
2025-12-01T13:31:28Z svc=ingest level=INFO msg="healthcheck ok rtt=3077ms"
2025-12-01T13:31:35Z svc=authz level=INFO msg="cache eviction pass removed 3414 entries"
2025-12-01T13:31:41Z svc=billing level=INFO msg="compaction finished, 7064 segments merged"
2025-12-01T13:31:52Z svc=ingest level=INFO msg="cache eviction pass removed 7391 entries"
2025-12-01T13:31:56Z svc=billing level=INFO msg="compaction finished, 6163 segments merged"
2025-12-01T13:32:09Z svc=authz level=INFO msg="compaction finished, 2406 segments merged"
2025-12-01T13:32:15Z svc=authz level=INFO msg="batch 466 committed"
2025-12-01T13:32:29Z svc=authz level=INFO msg="healthcheck ok rtt=6318ms"
2025-12-01T13:32:37Z svc=search level=INFO msg="webhook delivery attempt 8216 succeeded"
2025-12-01T13:32:54Z svc=ingest level=INFO msg="cache eviction pass removed 6721 entries"
2025-12-01T13:33:07Z svc=billing level=INFO msg="compaction finished, 1486 segments merged"
2025-12-01T13:33:16Z svc=billing level=INFO msg="batch 6364 committed"
2025-12-01T13:33:32Z svc=scheduler level=INFO msg="healthcheck ok rtt=4533ms"
2025-12-01T13:33:46Z svc=billing level=INFO msg="cache eviction pass removed 1257 entries"
2025-12-01T13:33:51Z svc=scheduler level=INFO msg="batch 8942 committed"
2025-12-01T13:34:05Z svc=api level=INFO msg="token refresh completed in 2887ms"
2025-12-01T13:34:13Z svc=api level=INFO msg="retry queue depth=3391"
2025-12-01T13:34:27Z svc=search level=INFO msg="cache eviction pass removed 9107 entries"
2025-12-01T13:34:30Z svc=search level=INFO msg="retry queue depth=6934"
2025-12-01T13:34:37Z svc=scheduler level=INFO msg="webhook delivery attempt 1732 succeeded"
2025-12-01T13:34:50Z svc=search level=INFO msg="retry queue depth=6452"
2025-12-01T13:34:58Z svc=billing level=INFO msg="retry queue depth=1236"
2025-12-01T13:35:07Z svc=authz level=INFO msg="batch 2841 committed"
2025-12-01T13:35:22Z svc=api level=INFO msg="cache eviction pass removed 4767 entries"
2025-12-01T13:35:36Z svc=search level=INFO msg="compaction finished, 3486 segments merged"
2025-12-01T13:35:49Z svc=api level=INFO msg="retry queue depth=1356"
2025-12-01T13:36:05Z svc=search level=INFO msg="retry queue depth=7141"
2025-12-01T13:36:10Z svc=search level=INFO msg="token refresh completed in 9305ms"
2025-12-01T13:36:16Z svc=billing level=INFO msg="retry queue depth=7763"
2025-12-01T13:36:20Z svc=search level=INFO msg="token refresh completed in 6876ms"
2025-12-01T13:36:32Z svc=authz level=INFO msg="healthcheck ok rtt=5335ms"
2025-12-01T13:36:37Z svc=authz level=INFO msg="token refresh completed in 5312ms"
2025-12-01T13:36:44Z svc=authz level=INFO msg="healthcheck ok rtt=454ms"
2025-12-01T13:36:58Z svc=ingest level=INFO msg="token refresh completed in 2021ms"
2025-12-01T13:37:07Z svc=search level=INFO msg="cache eviction pass removed 832 entries"
2025-12-01T13:37:23Z svc=search level=INFO msg="cache eviction pass removed 8959 entries"
2025-12-01T13:37:34Z svc=api level=INFO msg="retry queue depth=5080"
2025-12-01T13:37:48Z svc=api level=INFO msg="token refresh completed in 2245ms"
2025-12-01T13:37:57Z svc=authz level=INFO msg="batch 7220 committed"
2025-12-01T13:38:00Z svc=api level=INFO msg="cache eviction pass removed 230 entries"
2025-12-01T13:38:03Z svc=authz level=INFO msg="webhook delivery attempt 6657 succeeded"
2025-12-01T13:38:06Z svc=authz level=INFO msg="cache eviction pass removed 890 entries"
2025-12-01T13:38:12Z svc=api level=INFO msg="compaction finished, 3860 segments merged"
2025-12-01T13:38:29Z svc=authz level=INFO msg="batch 1588 committed"
2025-12-01T13:38:37Z svc=billing level=INFO msg="retry queue depth=4392"
2025-12-01T13:38:40Z svc=api level=INFO msg="retry queue depth=1726"
2025-12-01T13:38:43Z svc=api level=INFO msg="token refresh completed in 2755ms"
2025-12-01T13:38:50Z svc=search level=INFO msg="healthcheck ok rtt=8966ms"
2025-12-01T13:39:01Z svc=api level=INFO msg="token refresh completed in 1313ms"
2025-12-01T13:39:07Z svc=scheduler level=INFO msg="retry queue depth=1394"
2025-12-01T13:39:15Z svc=billing level=INFO msg="cache eviction pass removed 7798 entries"
2025-12-01T13:39:27Z svc=scheduler level=INFO msg="token refresh completed in 4557ms"
2025-12-01T13:39:41Z svc=search level=INFO msg="batch 3248 committed"
2025-12-01T13:39:57Z svc=ingest level=INFO msg="cache eviction pass removed 34 entries"
2025-12-01T13:40:06Z svc=search level=INFO msg="retry queue depth=1696"
2025-12-01T13:40:10Z svc=ingest level=INFO msg="token refresh completed in 2693ms"
2025-12-01T13:40:22Z svc=authz level=INFO msg="batch 6635 committed"
2025-12-01T13:40:26Z svc=authz level=INFO msg="compaction finished, 5304 segments merged"
2025-12-01T13:40:39Z svc=scheduler level=INFO msg="healthcheck ok rtt=1410ms"
2025-12-01T13:40:51Z svc=authz level=INFO msg="retry queue depth=2503"
2025-12-01T13:41:03Z svc=scheduler level=INFO msg="healthcheck ok rtt=3530ms"
2025-12-01T13:41:07Z svc=authz level=INFO msg="webhook delivery attempt 6015 succeeded"
2025-12-01T13:41:21Z svc=scheduler level=INFO msg="webhook delivery attempt 4810 succeeded"
2025-12-01T13:41:24Z svc=ingest level=INFO msg="healthcheck ok rtt=5635ms"
2025-12-01T13:41:37Z svc=authz level=INFO msg="webhook delivery attempt 435 succeeded"
2025-12-01T13:41:45Z svc=authz level=INFO msg="token refresh completed in 4612ms"
2025-12-01T13:41:53Z svc=scheduler level=INFO msg="token refresh completed in 1744ms"
2025-12-01T13:41:59Z svc=authz level=INFO msg="webhook delivery attempt 2745 succeeded"
2025-12-01T13:42:05Z svc=search level=INFO msg="token refresh completed in 3619ms"
2025-12-01T13:42:11Z svc=ingest level=INFO msg="batch 9121 committed"
2025-12-01T13:42:28Z svc=ingest level=INFO msg="healthcheck ok rtt=4800ms"
2025-12-01T13:42:32Z svc=ingest level=INFO msg="compaction finished, 8418 segments merged"
2025-12-01T13:42:45Z svc=scheduler level=INFO msg="compaction finished, 2982 segments merged"
2025-12-01T13:43:02Z svc=scheduler level=INFO msg="cache eviction pass removed 3890 entries"
2025-12-01T13:43:10Z svc=search level=INFO msg="token refresh completed in 8813ms"
2025-12-01T13:43:27Z svc=api level=INFO msg="webhook delivery attempt 5742 succeeded"
2025-12-01T13:43:37Z svc=scheduler level=INFO msg="cache eviction pass removed 756 entries"
2025-12-01T13:43:41Z svc=ingest level=INFO msg="cache eviction pass removed 1281 entries"
2025-12-01T13:43:46Z svc=api level=INFO msg="healthcheck ok rtt=1197ms"
2025-12-01T13:43:56Z svc=scheduler level=INFO msg="healthcheck ok rtt=9298ms"
2025-12-01T13:44:09Z svc=api level=INFO msg="webhook delivery attempt 7629 succeeded"
2025-12-01T13:44:20Z svc=billing level=INFO msg="batch 2163 committed"
2025-12-01T13:44:31Z svc=search level=INFO msg="webhook delivery attempt 8696 succeeded"
2025-12-01T13:44:46Z svc=authz level=INFO msg="cache eviction pass removed 5967 entries"
2025-12-01T13:45:00Z svc=billing level=INFO msg="batch 5576 committed"
2025-12-01T13:45:09Z svc=search level=INFO msg="healthcheck ok rtt=8026ms"
2025-12-01T13:45:22Z svc=ingest level=INFO msg="batch 3578 committed"
2025-12-01T13:45:35Z svc=ingest level=INFO msg="webhook delivery attempt 5200 succeeded"
2025-12-01T13:45:39Z svc=billing level=INFO msg="compaction finished, 7936 segments merged"
2025-12-01T13:45:52Z svc=authz level=INFO msg="healthcheck ok rtt=3795ms"
2025-12-01T13:45:56Z svc=ingest level=INFO msg="batch 3318 committed"
2025-12-01T13:46:10Z svc=authz level=INFO msg="batch 8779 committed"
2025-12-01T13:46:17Z svc=billing level=INFO msg="healthcheck ok rtt=3537ms"
2025-12-01T13:46:30Z svc=search level=INFO msg="compaction finished, 7606 segments merged"
2025-12-01T13:46:34Z svc=scheduler level=INFO msg="batch 8248 committed"
2025-12-01T13:46:45Z svc=api level=INFO msg="batch 576 committed"
2025-12-01T13:46:56Z svc=search level=INFO msg="cache eviction pass removed 6037 entries"
2025-12-01T13:47:12Z svc=scheduler level=INFO msg="cache eviction pass removed 5646 entries"
2025-12-01T13:47:20Z svc=authz level=INFO msg="retry queue depth=3045"
2025-12-01T13:47:30Z svc=ingest level=INFO msg="compaction finished, 2259 segments merged"
2025-12-01T13:47:39Z svc=authz level=INFO msg="cache eviction pass removed 9429 entries"
2025-12-01T13:47:52Z svc=authz level=INFO msg="webhook delivery attempt 8521 succeeded"
2025-12-01T13:48:03Z svc=authz level=INFO msg="compaction finished, 2760 segments merged"
2025-12-01T13:48:20Z svc=billing level=INFO msg="cache eviction pass removed 456 entries"
2025-12-01T13:48:30Z svc=search level=INFO msg="webhook delivery attempt 7690 succeeded"
2025-12-01T13:48:38Z svc=search level=INFO msg="cache eviction pass removed 5325 entries"
2025-12-01T13:48:53Z svc=search level=INFO msg="retry queue depth=8096"
2025-12-01T13:49:00Z svc=api level=INFO msg="batch 5705 committed"
2025-12-01T13:49:04Z svc=authz level=INFO msg="compaction finished, 1647 segments merged"
2025-12-01T13:49:12Z svc=search level=INFO msg="healthcheck ok rtt=5801ms"
2025-12-01T13:49:15Z svc=scheduler level=INFO msg="healthcheck ok rtt=8475ms"
2025-12-01T13:49:20Z svc=ingest level=INFO msg="retry queue depth=6972"
2025-12-01T13:49:32Z svc=search level=INFO msg="batch 4539 committed"
2025-12-01T13:49:36Z svc=ingest level=INFO msg="token refresh completed in 9353ms"
2025-12-01T13:49:47Z svc=ingest level=INFO msg="batch 1966 committed"
2025-12-01T13:49:55Z svc=scheduler level=INFO msg="token refresh completed in 1044ms"
2025-12-01T13:50:12Z svc=scheduler level=INFO msg="token refresh completed in 618ms"
2025-12-01T13:50:23Z svc=ingest level=INFO msg="batch 7659 committed"
2025-12-01T13:50:37Z svc=scheduler level=INFO msg="cache eviction pass removed 9417 entries"
2025-12-01T13:50:40Z svc=authz level=INFO msg="webhook delivery attempt 2549 succeeded"
2025-12-01T13:50:54Z svc=scheduler level=INFO msg="token refresh completed in 1578ms"
2025-12-01T13:51:08Z svc=search level=INFO msg="cache eviction pass removed 171 entries"
2025-12-01T13:51:14Z svc=authz level=INFO msg="webhook delivery attempt 1740 succeeded"
2025-12-01T13:51:21Z svc=authz level=INFO msg="compaction finished, 8714 segments merged"
2025-12-01T13:51:28Z svc=scheduler level=INFO msg="compaction finished, 7061 segments merged"
2025-12-01T13:51:31Z svc=billing level=INFO msg="batch 2834 committed"
2025-12-01T13:51:48Z svc=search level=INFO msg="batch 693 committed"
2025-12-01T13:51:59Z svc=authz level=INFO msg="healthcheck ok rtt=7239ms"
2025-12-01T13:52:07Z svc=authz level=INFO msg="webhook delivery attempt 8343 succeeded"
2025-12-01T13:52:20Z svc=billing level=INFO msg="webhook delivery attempt 7303 succeeded"
2025-12-01T13:52:36Z svc=search level=INFO msg="compaction finished, 6590 segments merged"
2025-12-01T13:52:52Z svc=authz level=INFO msg="batch 2036 committed"
2025-12-01T13:53:00Z svc=search level=INFO msg="webhook delivery attempt 2010 succeeded"
2025-12-01T13:53:08Z svc=billing level=INFO msg="webhook delivery attempt 6518 succeeded"
2025-12-01T13:53:24Z svc=search level=INFO msg="token refresh completed in 1535ms"
2025-12-01T13:53:40Z svc=api level=INFO msg="token refresh completed in 2093ms"
2025-12-01T13:53:52Z svc=billing level=INFO msg="compaction finished, 373 segments merged"
2025-12-01T13:54:04Z svc=api level=INFO msg="cache eviction pass removed 6883 entries"
2025-12-01T13:54:10Z svc=search level=INFO msg="batch 6461 committed"
2025-12-01T13:54:13Z svc=authz level=INFO msg="token refresh completed in 1117ms"
2025-12-01T13:54:24Z svc=search level=INFO msg="webhook delivery attempt 5320 succeeded"
2025-12-01T13:54:39Z svc=billing level=INFO msg="retry queue depth=3597"
2025-12-01T13:54:44Z svc=billing level=INFO msg="batch 4990 committed"
2025-12-01T13:54:49Z svc=search level=INFO msg="cache eviction pass removed 7170 entries"
2025-12-01T13:55:01Z svc=search level=INFO msg="healthcheck ok rtt=5890ms"
2025-12-01T13:55:16Z svc=api level=INFO msg="batch 2471 committed"
2025-12-01T13:55:27Z svc=search level=INFO msg="cache eviction pass removed 4841 entries"
2025-12-01T13:55:41Z svc=search level=INFO msg="webhook delivery attempt 942 succeeded"
2025-12-01T13:55:45Z svc=ingest level=INFO msg="compaction finished, 6350 segments merged"
2025-12-01T13:56:00Z svc=scheduler level=INFO msg="cache eviction pass removed 10 entries"
2025-12-01T13:56:09Z svc=scheduler level=INFO msg="compaction finished, 8319 segments merged"
2025-12-01T13:56:13Z svc=authz level=INFO msg="token refresh completed in 6234ms"
2025-12-01T13:56:20Z svc=billing level=INFO msg="cache eviction pass removed 9313 entries"
2025-12-01T13:56:36Z svc=ingest level=INFO msg="cache eviction pass removed 847 entries"
2025-12-01T13:56:51Z svc=scheduler level=INFO msg="retry queue depth=9162"
2025-12-01T13:56:54Z svc=authz level=INFO msg="compaction finished, 1001 segments merged"
2025-12-01T13:57:04Z svc=billing level=INFO msg="webhook delivery attempt 4625 succeeded"
2025-12-01T13:57:09Z svc=scheduler level=INFO msg="compaction finished, 3755 segments merged"
2025-12-01T13:57:18Z svc=billing level=INFO msg="retry queue depth=5794"
2025-12-01T13:57:33Z svc=scheduler level=INFO msg="cache eviction pass removed 5084 entries"
2025-12-01T13:57:49Z svc=scheduler level=INFO msg="cache eviction pass removed 5658 entries"
2025-12-01T13:57:53Z svc=billing level=INFO msg="webhook delivery attempt 5839 succeeded"
2025-12-01T13:58:01Z svc=scheduler level=INFO msg="batch 2561 committed"
2025-12-01T13:58:06Z svc=scheduler level=INFO msg="compaction finished, 2397 segments merged"
2025-12-01T13:58:17Z svc=billing level=INFO msg="webhook delivery attempt 3860 succeeded"
2025-12-01T13:58:27Z svc=scheduler level=INFO msg="token refresh completed in 4651ms"
2025-12-01T13:58:31Z svc=authz level=INFO msg="compaction finished, 4055 segments merged"
2025-12-01T13:58:47Z svc=authz level=INFO msg="webhook delivery attempt 3271 succeeded"
2025-12-01T13:58:55Z svc=ingest level=INFO msg="cache eviction pass removed 6998 entries"
2025-12-01T13:59:03Z svc=billing level=INFO msg="token refresh completed in 287ms"
2025-12-01T13:59:13Z svc=billing level=INFO msg="token refresh completed in 9036ms"
2025-12-01T13:59:20Z svc=scheduler level=INFO msg="retry queue depth=8796"
2025-12-01T13:59:23Z svc=api level=INFO msg="webhook delivery attempt 4195 succeeded"
2025-12-01T13:59:34Z svc=search level=INFO msg="healthcheck ok rtt=1888ms"
2025-12-01T13:59:42Z svc=search level=INFO msg="healthcheck ok rtt=9198ms"
2025-12-01T13:59:48Z svc=ingest level=INFO msg="batch 7447 committed"
2025-12-01T13:59:57Z svc=search level=INFO msg="retry queue depth=220"
2025-12-01T14:00:08Z svc=ingest level=INFO msg="token refresh completed in 307ms"
2025-12-01T14:00:16Z svc=billing level=INFO msg="cache eviction pass removed 1689 entries"
2025-12-01T14:00:29Z svc=search level=INFO msg="healthcheck ok rtt=7297ms"
2025-12-01T14:00:32Z svc=scheduler level=INFO msg="retry queue depth=6780"
2025-12-01T14:00:47Z svc=scheduler level=INFO msg="cache eviction pass removed 6822 entries"
2025-12-01T14:00:59Z svc=authz level=INFO msg="healthcheck ok rtt=7197ms"
2025-12-01T14:01:11Z svc=ingest level=INFO msg="healthcheck ok rtt=348ms"
2025-12-01T14:01:23Z svc=search level=INFO msg="token refresh completed in 2814ms"
2025-12-01T14:01:39Z svc=search level=INFO msg="batch 2983 committed"
2025-12-01T14:01:55Z svc=api level=INFO msg="cache eviction pass removed 3391 entries"
2025-12-01T14:02:05Z svc=ingest level=INFO msg="token refresh completed in 3224ms"
2025-12-01T14:02:12Z svc=search level=INFO msg="cache eviction pass removed 3361 entries"
2025-12-01T14:02:15Z svc=scheduler level=INFO msg="batch 4857 committed"
2025-12-01T14:02:24Z svc=search level=INFO msg="compaction finished, 708 segments merged"
2025-12-01T14:02:31Z svc=search level=INFO msg="token refresh completed in 8052ms"
2025-12-01T14:02:36Z svc=authz level=INFO msg="token refresh completed in 4091ms"
2025-12-01T14:02:41Z svc=search level=INFO msg="batch 491 committed"
2025-12-01T14:02:57Z svc=billing level=INFO msg="batch 6960 committed"
2025-12-01T14:03:01Z svc=ingest level=INFO msg="cache eviction pass removed 7045 entries"
2025-12-01T14:03:04Z svc=authz level=INFO msg="token refresh completed in 5568ms"
2025-12-01T14:03:14Z svc=scheduler level=INFO msg="compaction finished, 9405 segments merged"
2025-12-01T14:03:17Z svc=search level=INFO msg="cache eviction pass removed 3189 entries"
2025-12-01T14:03:33Z svc=ingest level=INFO msg="cache eviction pass removed 2362 entries"
2025-12-01T14:03:40Z svc=ingest level=INFO msg="batch 2631 committed"
2025-12-01T14:03:47Z svc=api level=INFO msg="retry queue depth=3463"
2025-12-01T14:03:50Z svc=billing level=INFO msg="healthcheck ok rtt=6255ms"
2025-12-01T14:04:07Z svc=scheduler level=INFO msg="healthcheck ok rtt=3674ms"
2025-12-01T14:04:24Z svc=api level=INFO msg="token refresh completed in 5937ms"
2025-12-01T14:04:35Z svc=authz level=INFO msg="healthcheck ok rtt=3446ms"
2025-12-01T14:04:50Z svc=search level=INFO msg="webhook delivery attempt 3333 succeeded"
2025-12-01T14:04:57Z svc=billing level=INFO msg="retry queue depth=1919"
2025-12-01T14:05:13Z svc=scheduler level=INFO msg="webhook delivery attempt 8800 succeeded"
2025-12-01T14:05:18Z svc=authz level=INFO msg="token refresh completed in 5002ms"
2025-12-01T14:05:26Z svc=billing level=INFO msg="compaction finished, 5647 segments merged"
2025-12-01T14:05:29Z svc=authz level=INFO msg="compaction finished, 185 segments merged"
2025-12-01T14:05:32Z svc=scheduler level=INFO msg="batch 1764 committed"
2025-12-01T14:05:46Z svc=ingest level=INFO msg="healthcheck ok rtt=8827ms"
2025-12-01T14:05:54Z svc=ingest level=INFO msg="token refresh completed in 3342ms"
2025-12-01T14:06:04Z svc=search level=INFO msg="token refresh completed in 7764ms"
2025-12-01T14:06:19Z svc=search level=INFO msg="token refresh completed in 6639ms"
2025-12-01T14:06:32Z svc=search level=INFO msg="token refresh completed in 1051ms"
2025-12-01T14:06:46Z svc=scheduler level=INFO msg="batch 7644 committed"
2025-12-01T14:06:51Z svc=billing level=INFO msg="compaction finished, 9473 segments merged"
2025-12-01T14:07:03Z svc=scheduler level=INFO msg="webhook delivery attempt 303 succeeded"
2025-12-01T14:07:19Z svc=scheduler level=INFO msg="compaction finished, 9213 segments merged"
2025-12-01T14:07:29Z svc=ingest level=INFO msg="healthcheck ok rtt=4109ms"
2025-12-01T14:07:45Z svc=search level=INFO msg="webhook delivery attempt 981 succeeded"
2025-12-01T14:07:48Z svc=billing level=INFO msg="token refresh completed in 1385ms"
2025-12-01T14:08:02Z svc=billing level=INFO msg="compaction finished, 881 segments merged"
2025-12-01T14:08:11Z svc=billing level=INFO msg="healthcheck ok rtt=9235ms"
2025-12-01T14:08:17Z svc=search level=INFO msg="token refresh completed in 6420ms"
2025-12-01T14:08:27Z svc=api level=INFO msg="batch 277 committed"
2025-12-01T14:08:44Z svc=api level=INFO msg="healthcheck ok rtt=4028ms"
2025-12-01T14:08:59Z svc=ingest level=INFO msg="batch 8002 committed"
2025-12-01T14:09:11Z svc=billing level=INFO msg="healthcheck ok rtt=2775ms"
2025-12-01T14:09:23Z svc=authz level=INFO msg="compaction finished, 7356 segments merged"
2025-12-01T14:09:37Z svc=api level=INFO msg="batch 288 committed"
2025-12-01T14:09:42Z svc=search level=INFO msg="healthcheck ok rtt=278ms"
2025-12-01T14:09:50Z svc=ingest level=INFO msg="compaction finished, 2538 segments merged"
2025-12-01T14:10:05Z svc=authz level=INFO msg="retry queue depth=5527"
2025-12-01T14:10:10Z svc=authz level=INFO msg="token refresh completed in 2306ms"
2025-12-01T14:10:27Z svc=ingest level=INFO msg="token refresh completed in 9270ms"
2025-12-01T14:10:37Z svc=scheduler level=INFO msg="token refresh completed in 263ms"
2025-12-01T14:10:49Z svc=search level=INFO msg="batch 8643 committed"
2025-12-01T14:11:06Z svc=search level=INFO msg="healthcheck ok rtt=7311ms"
2025-12-01T14:11:12Z svc=scheduler level=INFO msg="batch 6293 committed"
2025-12-01T14:11:21Z svc=scheduler level=INFO msg="retry queue depth=8879"
2025-12-01T14:11:33Z svc=billing level=INFO msg="webhook delivery attempt 9305 succeeded"
2025-12-01T14:11:47Z svc=billing level=INFO msg="token refresh completed in 9299ms"
2025-12-01T14:12:00Z svc=authz level=INFO msg="webhook delivery attempt 5208 succeeded"
2025-12-01T14:12:11Z svc=ingest level=INFO msg="retry queue depth=7620"
2025-12-01T14:12:27Z svc=billing level=INFO msg="batch 2091 committed"
2025-12-01T14:12:44Z svc=api level=INFO msg="token refresh completed in 771ms"
2025-12-01T14:12:54Z svc=api level=INFO msg="cache eviction pass removed 4334 entries"
2025-12-01T14:13:01Z svc=api level=INFO msg="healthcheck ok rtt=4634ms"
2025-12-01T14:13:04Z svc=billing level=INFO msg="batch 4401 committed"
2025-12-01T14:13:07Z svc=ingest level=INFO msg="webhook delivery attempt 1817 succeeded"
2025-12-01T14:13:22Z svc=authz level=INFO msg="healthcheck ok rtt=4885ms"
2025-12-01T14:13:34Z svc=scheduler level=INFO msg="cache eviction pass removed 8934 entries"
2025-12-01T14:13:49Z svc=ingest level=INFO msg="compaction finished, 4034 segments merged"
2025-12-01T14:14:05Z svc=search level=INFO msg="batch 9256 committed"
2025-12-01T14:14:09Z svc=authz level=INFO msg="cache eviction pass removed 8479 entries"
2025-12-01T14:14:17Z svc=ingest level=INFO msg="retry queue depth=2556"
2025-12-01T14:14:30Z svc=ingest level=INFO msg="healthcheck ok rtt=4782ms"
2025-12-01T14:14:41Z svc=search level=INFO msg="webhook delivery attempt 2878 succeeded"
2025-12-01T14:14:51Z svc=search level=INFO msg="retry queue depth=4127"
2025-12-01T14:15:04Z svc=api level=INFO msg="retry queue depth=5874"
2025-12-01T14:15:09Z svc=authz level=INFO msg="webhook delivery attempt 142 succeeded"
2025-12-01T14:15:12Z svc=api level=INFO msg="batch 7316 committed"
2025-12-01T14:15:20Z svc=authz level=INFO msg="batch 5925 committed"
2025-12-01T14:15:29Z svc=ingest level=INFO msg="compaction finished, 5080 segments merged"
2025-12-01T14:15:43Z svc=billing level=INFO msg="compaction finished, 8057 segments merged"
2025-12-01T14:15:54Z svc=authz level=INFO msg="compaction finished, 8443 segments merged"
2025-12-01T14:16:00Z svc=api level=INFO msg="healthcheck ok rtt=132ms"
2025-12-01T14:16:15Z svc=billing level=INFO msg="token refresh completed in 2918ms"
2025-12-01T14:16:22Z svc=authz level=INFO msg="healthcheck ok rtt=4697ms"
2025-12-01T14:16:35Z svc=billing level=INFO msg="batch 5026 committed"
2025-12-01T14:16:45Z svc=ingest level=INFO msg="compaction finished, 4082 segments merged"
2025-12-01T14:16:55Z svc=billing level=INFO msg="retry queue depth=4831"
2025-12-01T14:17:05Z svc=authz level=INFO msg="batch 6264 committed"
2025-12-01T14:17:13Z svc=scheduler level=INFO msg="webhook delivery attempt 4076 succeeded"
2025-12-01T14:17:19Z svc=ingest level=INFO msg="healthcheck ok rtt=9486ms"
2025-12-01T14:17:29Z svc=ingest level=INFO msg="retry queue depth=7801"
2025-12-01T14:17:37Z svc=api level=INFO msg="retry queue depth=2939"
2025-12-01T14:17:42Z svc=scheduler level=INFO msg="cache eviction pass removed 6185 entries"
2025-12-01T14:17:53Z svc=ingest level=INFO msg="retry queue depth=6018"
2025-12-01T14:17:56Z svc=authz level=INFO msg="cache eviction pass removed 3952 entries"
2025-12-01T14:18:06Z svc=search level=INFO msg="webhook delivery attempt 4416 succeeded"
2025-12-01T14:18:19Z svc=billing level=INFO msg="healthcheck ok rtt=5175ms"
2025-12-01T14:18:34Z svc=scheduler level=INFO msg="compaction finished, 6480 segments merged"
2025-12-01T14:18:42Z svc=authz level=INFO msg="webhook delivery attempt 5123 succeeded"
2025-12-01T14:18:58Z svc=billing level=INFO msg="token refresh completed in 6804ms"
2025-12-01T14:19:15Z svc=api level=INFO msg="batch 3049 committed"
2025-12-01T14:19:30Z svc=billing level=INFO msg="healthcheck ok rtt=5752ms"
2025-12-01T14:19:39Z svc=search level=INFO msg="cache eviction pass removed 9005 entries"
2025-12-01T14:19:55Z svc=search level=INFO msg="compaction finished, 1291 segments merged"
2025-12-01T14:19:59Z svc=billing level=INFO msg="retry queue depth=4921"
2025-12-01T14:20:06Z svc=search level=INFO msg="compaction finished, 274 segments merged"
2025-12-01T14:20:20Z svc=api level=INFO msg="batch 4390 committed"
2025-12-01T14:20:32Z svc=ingest level=INFO msg="healthcheck ok rtt=7534ms"
2025-12-01T14:20:48Z svc=search level=INFO msg="token refresh completed in 636ms"
2025-12-01T14:21:00Z svc=scheduler level=INFO msg="cache eviction pass removed 8460 entries"
2025-12-01T14:21:15Z svc=api level=INFO msg="healthcheck ok rtt=6229ms"
2025-12-01T14:21:30Z svc=search level=INFO msg="healthcheck ok rtt=8289ms"
2025-12-01T14:21:33Z svc=search level=INFO msg="webhook delivery attempt 3713 succeeded"
2025-12-01T14:21:36Z svc=api level=INFO msg="retry queue depth=5487"
2025-12-01T14:21:47Z svc=billing level=INFO msg="webhook delivery attempt 181 succeeded"
2025-12-01T14:21:54Z svc=search level=INFO msg="retry queue depth=7751"
2025-12-01T14:22:01Z svc=billing level=INFO msg="compaction finished, 6566 segments merged"
2025-12-01T14:22:14Z svc=billing level=INFO msg="token refresh completed in 6170ms"
2025-12-01T14:22:17Z svc=search level=INFO msg="token refresh completed in 935ms"
2025-12-01T14:22:23Z svc=authz level=INFO msg="token refresh completed in 320ms"
2025-12-01T14:22:31Z svc=ingest level=INFO msg="cache eviction pass removed 3352 entries"
2025-12-01T14:22:45Z svc=scheduler level=INFO msg="token refresh completed in 8529ms"
2025-12-01T14:23:01Z svc=scheduler level=INFO msg="batch 987 committed"
2025-12-01T14:23:16Z svc=api level=INFO msg="webhook delivery attempt 2985 succeeded"
2025-12-01T14:23:24Z svc=api level=INFO msg="healthcheck ok rtt=7148ms"
2025-12-01T14:23:40Z svc=billing level=INFO msg="batch 5314 committed"
2025-12-01T14:23:47Z svc=api level=INFO msg="cache eviction pass removed 449 entries"
2025-12-01T14:23:50Z svc=authz level=INFO msg="healthcheck ok rtt=842ms"
2025-12-01T14:23:56Z svc=billing level=INFO msg="compaction finished, 9106 segments merged"
2025-12-01T14:24:11Z svc=api level=INFO msg="compaction finished, 1937 segments merged"
2025-12-01T14:24:21Z svc=ingest level=INFO msg="webhook delivery attempt 323 succeeded"
2025-12-01T14:24:35Z svc=authz level=INFO msg="compaction finished, 2605 segments merged"
2025-12-01T14:24:51Z svc=billing level=INFO msg="compaction finished, 6250 segments merged"
2025-12-01T14:25:02Z svc=billing level=INFO msg="compaction finished, 2839 segments merged"
2025-12-01T14:25:14Z svc=scheduler level=INFO msg="healthcheck ok rtt=9171ms"
2025-12-01T14:25:31Z svc=scheduler level=INFO msg="webhook delivery attempt 2768 succeeded"
2025-12-01T14:25:42Z svc=billing level=INFO msg="compaction finished, 6229 segments merged"
2025-12-01T14:25:59Z svc=api level=INFO msg="token refresh completed in 4159ms"
2025-12-01T14:26:14Z svc=search level=INFO msg="token refresh completed in 4337ms"
2025-12-01T14:26:20Z svc=ingest level=INFO msg="cache eviction pass removed 7335 entries"
2025-12-01T14:26:31Z svc=billing level=INFO msg="webhook delivery attempt 3915 succeeded"
2025-12-01T14:26:36Z svc=authz level=INFO msg="token refresh completed in 2571ms"
2025-12-01T14:26:51Z svc=billing level=INFO msg="compaction finished, 7398 segments merged"
2025-12-01T14:27:06Z svc=api level=INFO msg="batch 9375 committed"
2025-12-01T14:27:20Z svc=scheduler level=INFO msg="token refresh completed in 5922ms"
2025-12-01T14:27:23Z svc=ingest level=INFO msg="token refresh completed in 356ms"
2025-12-01T14:27:40Z svc=ingest level=INFO msg="cache eviction pass removed 7092 entries"
2025-12-01T14:27:57Z svc=scheduler level=INFO msg="batch 6810 committed"
2025-12-01T14:28:07Z svc=api level=INFO msg="compaction finished, 6567 segments merged"
2025-12-01T14:28:21Z svc=scheduler level=INFO msg="batch 2717 committed"
2025-12-01T14:28:26Z svc=authz level=INFO msg="healthcheck ok rtt=389ms"
2025-12-01T14:28:37Z svc=authz level=INFO msg="webhook delivery attempt 7366 succeeded"
2025-12-01T14:28:50Z svc=scheduler level=INFO msg="cache eviction pass removed 9310 entries"
2025-12-01T14:29:01Z svc=billing level=INFO msg="token refresh completed in 1682ms"
2025-12-01T14:29:06Z svc=billing level=INFO msg="retry queue depth=5319"
2025-12-01T14:29:21Z svc=ingest level=INFO msg="token refresh completed in 6672ms"
2025-12-01T14:29:26Z svc=search level=INFO msg="webhook delivery attempt 4819 succeeded"
2025-12-01T14:29:31Z svc=ingest level=INFO msg="healthcheck ok rtt=6638ms"
2025-12-01T14:29:35Z svc=authz level=INFO msg="retry queue depth=439"
2025-12-01T14:29:47Z svc=billing level=INFO msg="webhook delivery attempt 683 succeeded"
2025-12-01T14:29:57Z svc=api level=INFO msg="webhook delivery attempt 4371 succeeded"
2025-12-01T14:30:03Z svc=scheduler level=INFO msg="token refresh completed in 4047ms"
2025-12-01T14:30:11Z svc=billing level=INFO msg="webhook delivery attempt 6261 succeeded"
2025-12-01T14:30:22Z svc=billing level=INFO msg="cache eviction pass removed 4343 entries"
2025-12-01T14:30:34Z svc=search level=INFO msg="webhook delivery attempt 1601 succeeded"
2025-12-01T14:30:37Z svc=api level=INFO msg="batch 2138 committed"
2025-12-01T14:30:50Z svc=billing level=INFO msg="token refresh completed in 2451ms"
2025-12-01T14:31:06Z svc=billing level=INFO msg="webhook delivery attempt 4015 succeeded"
2025-12-01T14:31:09Z svc=search level=INFO msg="batch 1402 committed"
2025-12-01T14:31:19Z svc=scheduler level=INFO msg="token refresh completed in 3624ms"
2025-12-01T14:31:29Z svc=billing level=INFO msg="cache eviction pass removed 4358 entries"
2025-12-01T14:31:39Z svc=authz level=INFO msg="token refresh completed in 1920ms"
2025-12-01T14:31:55Z svc=scheduler level=INFO msg="retry queue depth=8512"
2025-12-01T14:32:00Z svc=ingest level=INFO msg="webhook delivery attempt 8721 succeeded"
2025-12-01T14:32:11Z svc=authz level=INFO msg="retry queue depth=2067"
2025-12-01T14:32:24Z svc=authz level=INFO msg="healthcheck ok rtt=8451ms"
2025-12-01T14:32:28Z svc=scheduler level=INFO msg="batch 7923 committed"
2025-12-01T14:32:41Z svc=billing level=INFO msg="webhook delivery attempt 2642 succeeded"
2025-12-01T14:32:53Z svc=billing level=INFO msg="token refresh completed in 9373ms"
2025-12-01T14:32:56Z svc=scheduler level=INFO msg="cache eviction pass removed 7341 entries"
2025-12-01T14:33:10Z svc=ingest level=INFO msg="batch 1221 committed"
2025-12-01T14:33:13Z svc=authz level=INFO msg="batch 8274 committed"
2025-12-01T14:33:17Z svc=api level=INFO msg="healthcheck ok rtt=3113ms"
2025-12-01T14:33:27Z svc=api level=INFO msg="compaction finished, 2428 segments merged"
2025-12-01T14:33:41Z svc=billing level=INFO msg="compaction finished, 3671 segments merged"
2025-12-01T14:33:53Z svc=authz level=INFO msg="batch 8197 committed"
2025-12-01T14:34:01Z svc=authz level=INFO msg="webhook delivery attempt 2722 succeeded"
2025-12-01T14:34:18Z svc=billing level=INFO msg="retry queue depth=91"
2025-12-01T14:34:22Z svc=ingest level=INFO msg="token refresh completed in 6945ms"
2025-12-01T14:34:36Z svc=search level=INFO msg="webhook delivery attempt 8702 succeeded"
2025-12-01T14:34:44Z svc=ingest level=INFO msg="batch 7946 committed"
2025-12-01T14:34:50Z svc=scheduler level=INFO msg="healthcheck ok rtt=7727ms"
2025-12-01T14:34:54Z svc=ingest level=INFO msg="batch 4233 committed"
2025-12-01T14:34:57Z svc=billing level=INFO msg="token refresh completed in 3770ms"
2025-12-01T14:35:11Z svc=api level=INFO msg="cache eviction pass removed 9491 entries"
2025-12-01T14:35:20Z svc=ingest level=INFO msg="healthcheck ok rtt=7940ms"
2025-12-01T14:35:33Z svc=api level=INFO msg="token refresh completed in 9411ms"
2025-12-01T14:35:46Z svc=scheduler level=INFO msg="batch 6577 committed"
2025-12-01T14:35:50Z svc=scheduler level=INFO msg="healthcheck ok rtt=8218ms"
2025-12-01T14:36:00Z svc=billing level=INFO msg="compaction finished, 7276 segments merged"
2025-12-01T14:36:07Z svc=scheduler level=INFO msg="cache eviction pass removed 4883 entries"
2025-12-01T14:36:15Z svc=authz level=INFO msg="cache eviction pass removed 8049 entries"
2025-12-01T14:36:23Z svc=authz level=INFO msg="batch 2228 committed"
2025-12-01T14:36:29Z svc=ingest level=INFO msg="cache eviction pass removed 128 entries"
2025-12-01T14:36:40Z svc=scheduler level=INFO msg="cache eviction pass removed 3520 entries"
2025-12-01T14:36:53Z svc=authz level=INFO msg="cache eviction pass removed 2598 entries"
2025-12-01T14:37:04Z svc=search level=INFO msg="retry queue depth=4311"
2025-12-01T14:37:15Z svc=search level=INFO msg="cache eviction pass removed 1100 entries"
2025-12-01T14:37:23Z svc=billing level=INFO msg="cache eviction pass removed 5400 entries"
2025-12-01T14:37:36Z svc=billing level=INFO msg="token refresh completed in 3399ms"
2025-12-01T14:37:40Z svc=search level=INFO msg="batch 2174 committed"
2025-12-01T14:37:45Z svc=search level=INFO msg="retry queue depth=5946"
2025-12-01T14:37:54Z svc=billing level=INFO msg="healthcheck ok rtt=7838ms"
2025-12-01T14:37:57Z svc=scheduler level=INFO msg="cache eviction pass removed 5954 entries"
2025-12-01T14:38:13Z svc=api level=INFO msg="retry queue depth=2722"
2025-12-01T14:38:30Z svc=api level=INFO msg="webhook delivery attempt 4801 succeeded"
2025-12-01T14:38:40Z svc=search level=INFO msg="batch 7509 committed"
2025-12-01T14:38:49Z svc=scheduler level=INFO msg="token refresh completed in 7722ms"
2025-12-01T14:38:52Z svc=billing level=INFO msg="webhook delivery attempt 2890 succeeded"
2025-12-01T14:39:05Z svc=ingest level=INFO msg="token refresh completed in 7084ms"
2025-12-01T14:39:17Z svc=scheduler level=INFO msg="webhook delivery attempt 927 succeeded"
2025-12-01T14:39:24Z svc=ingest level=INFO msg="healthcheck ok rtt=2684ms"
2025-12-01T14:39:28Z svc=billing level=INFO msg="webhook delivery attempt 8371 succeeded"
2025-12-01T14:39:32Z svc=billing level=INFO msg="batch 1113 committed"
2025-12-01T14:39:40Z svc=search level=INFO msg="token refresh completed in 7105ms"
2025-12-01T14:39:44Z svc=ingest level=INFO msg="batch 5357 committed"
2025-12-01T14:39:54Z svc=ingest level=INFO msg="compaction finished, 4290 segments merged"
2025-12-01T14:40:02Z svc=scheduler level=INFO msg="compaction finished, 4995 segments merged"
2025-12-01T14:40:19Z svc=search level=INFO msg="token refresh completed in 7190ms"
2025-12-01T14:40:34Z svc=ingest level=INFO msg="healthcheck ok rtt=5636ms"
2025-12-01T14:40:45Z svc=api level=INFO msg="token refresh completed in 3755ms"
2025-12-01T14:40:55Z svc=scheduler level=INFO msg="cache eviction pass removed 7593 entries"
2025-12-01T14:41:01Z svc=billing level=INFO msg="batch 7883 committed"
2025-12-01T14:41:17Z svc=scheduler level=INFO msg="token refresh completed in 537ms"
2025-12-01T14:41:21Z svc=api level=INFO msg="batch 2925 committed"
2025-12-01T14:41:32Z svc=authz level=INFO msg="compaction finished, 9041 segments merged"
2025-12-01T14:41:49Z svc=billing level=INFO msg="compaction finished, 9135 segments merged"
2025-12-01T14:41:58Z svc=ingest level=INFO msg="retry queue depth=7790"
2025-12-01T14:42:07Z svc=scheduler level=INFO msg="token refresh completed in 4275ms"
2025-12-01T14:42:14Z svc=scheduler level=INFO msg="webhook delivery attempt 8779 succeeded"
2025-12-01T14:42:17Z svc=scheduler level=INFO msg="cache eviction pass removed 285 entries"
2025-12-01T14:42:29Z svc=authz level=INFO msg="retry queue depth=4504"
2025-12-01T14:42:33Z svc=scheduler level=INFO msg="token refresh completed in 3798ms"
2025-12-01T14:42:48Z svc=ingest level=INFO msg="retry queue depth=2712"
2025-12-01T14:43:00Z svc=search level=INFO msg="healthcheck ok rtt=7114ms"
2025-12-01T14:43:06Z svc=billing level=INFO msg="batch 3866 committed"
2025-12-01T14:43:13Z svc=search level=INFO msg="healthcheck ok rtt=4987ms"
2025-12-01T14:43:25Z svc=ingest level=INFO msg="token refresh completed in 2402ms"
2025-12-01T14:43:38Z svc=search level=INFO msg="compaction finished, 4891 segments merged"
2025-12-01T14:43:50Z svc=authz level=INFO msg="compaction finished, 2150 segments merged"
2025-12-01T14:44:02Z svc=scheduler level=INFO msg="healthcheck ok rtt=9360ms"
2025-12-01T14:44:17Z svc=scheduler level=INFO msg="cache eviction pass removed 7640 entries"
2025-12-01T14:44:34Z svc=authz level=INFO msg="token refresh completed in 4024ms"
2025-12-01T14:44:46Z svc=ingest level=INFO msg="batch 3666 committed"
2025-12-01T14:44:56Z svc=search level=INFO msg="compaction finished, 4834 segments merged"
2025-12-01T14:45:00Z svc=billing level=INFO msg="retry queue depth=5326"
2025-12-01T14:45:09Z svc=api level=INFO msg="token refresh completed in 8700ms"
2025-12-01T14:45:16Z svc=ingest level=INFO msg="retry queue depth=8041"
2025-12-01T14:45:33Z svc=ingest level=INFO msg="retry queue depth=6251"
2025-12-01T14:45:38Z svc=search level=INFO msg="healthcheck ok rtt=4860ms"
2025-12-01T14:45:50Z svc=ingest level=INFO msg="token refresh completed in 6954ms"
2025-12-01T14:46:01Z svc=search level=INFO msg="retry queue depth=6911"
2025-12-01T14:46:13Z svc=ingest level=INFO msg="healthcheck ok rtt=6066ms"
2025-12-01T14:46:23Z svc=ingest level=INFO msg="cache eviction pass removed 4500 entries"
2025-12-01T14:46:35Z svc=ingest level=INFO msg="batch 8356 committed"
2025-12-01T14:46:51Z svc=authz level=INFO msg="webhook delivery attempt 8236 succeeded"
2025-12-01T14:46:56Z svc=scheduler level=INFO msg="healthcheck ok rtt=5376ms"
2025-12-01T14:47:13Z svc=authz level=INFO msg="compaction finished, 7482 segments merged"
2025-12-01T14:47:19Z svc=billing level=INFO msg="healthcheck ok rtt=355ms"
2025-12-01T14:47:30Z svc=scheduler level=INFO msg="webhook delivery attempt 7953 succeeded"
2025-12-01T14:47:40Z svc=search level=INFO msg="healthcheck ok rtt=6045ms"
2025-12-01T14:47:54Z svc=ingest level=INFO msg="token refresh completed in 7999ms"
2025-12-01T14:47:59Z svc=authz level=INFO msg="healthcheck ok rtt=1190ms"
2025-12-01T14:48:15Z svc=search level=INFO msg="healthcheck ok rtt=742ms"
2025-12-01T14:48:20Z svc=authz level=INFO msg="batch 720 committed"
2025-12-01T14:48:26Z svc=authz level=INFO msg="cache eviction pass removed 6115 entries"
2025-12-01T14:48:32Z svc=api level=INFO msg="healthcheck ok rtt=6017ms"
2025-12-01T14:48:43Z svc=scheduler level=INFO msg="compaction finished, 6782 segments merged"
2025-12-01T14:48:54Z svc=scheduler level=INFO msg="compaction finished, 7536 segments merged"
2025-12-01T14:49:08Z svc=ingest level=INFO msg="token refresh completed in 7400ms"
2025-12-01T14:49:21Z svc=scheduler level=INFO msg="retry queue depth=7548"
2025-12-01T14:49:38Z svc=billing level=INFO msg="token refresh completed in 4222ms"
2025-12-01T14:49:44Z svc=api level=INFO msg="healthcheck ok rtt=2242ms"
2025-12-01T14:49:59Z svc=scheduler level=INFO msg="token refresh completed in 2259ms"
2025-12-01T14:50:04Z svc=scheduler level=INFO msg="compaction finished, 3446 segments merged"
2025-12-01T14:50:18Z svc=scheduler level=INFO msg="batch 355 committed"
2025-12-01T14:50:24Z svc=billing level=INFO msg="token refresh completed in 8729ms"
2025-12-01T14:50:28Z svc=billing level=INFO msg="healthcheck ok rtt=461ms"
2025-12-01T14:50:33Z svc=billing level=INFO msg="cache eviction pass removed 166 entries"
2025-12-01T14:50:36Z svc=billing level=INFO msg="compaction finished, 1721 segments merged"
2025-12-01T14:50:44Z svc=scheduler level=INFO msg="webhook delivery attempt 8238 succeeded"
2025-12-01T14:51:00Z svc=authz level=INFO msg="webhook delivery attempt 2259 succeeded"
2025-12-01T14:51:17Z svc=scheduler level=INFO msg="token refresh completed in 2263ms"
2025-12-01T14:51:21Z svc=scheduler level=INFO msg="retry queue depth=8769"
2025-12-01T14:51:34Z svc=ingest level=INFO msg="cache eviction pass removed 4056 entries"
2025-12-01T14:51:45Z svc=billing level=INFO msg="cache eviction pass removed 7058 entries"
2025-12-01T14:51:48Z svc=scheduler level=INFO msg="healthcheck ok rtt=3584ms"
2025-12-01T14:52:03Z svc=scheduler level=INFO msg="compaction finished, 9162 segments merged"
2025-12-01T14:52:11Z svc=search level=INFO msg="batch 2022 committed"
2025-12-01T14:52:22Z svc=search level=INFO msg="token refresh completed in 8659ms"
2025-12-01T14:52:25Z svc=scheduler level=INFO msg="retry queue depth=770"
2025-12-01T14:52:39Z svc=search level=INFO msg="retry queue depth=7634"
2025-12-01T14:52:53Z svc=billing level=INFO msg="healthcheck ok rtt=8559ms"
2025-12-01T14:53:00Z svc=api level=INFO msg="healthcheck ok rtt=3774ms"
2025-12-01T14:53:05Z svc=scheduler level=INFO msg="cache eviction pass removed 6750 entries"
2025-12-01T14:53:11Z svc=search level=INFO msg="cache eviction pass removed 3808 entries"
2025-12-01T14:53:15Z svc=authz level=INFO msg="batch 4589 committed"
2025-12-01T14:53:21Z svc=authz level=INFO msg="retry queue depth=9260"
2025-12-01T14:53:25Z svc=api level=INFO msg="batch 4058 committed"
2025-12-01T14:53:35Z svc=scheduler level=INFO msg="batch 6607 committed"
2025-12-01T14:53:42Z svc=scheduler level=INFO msg="retry queue depth=3574"
2025-12-01T14:53:53Z svc=authz level=INFO msg="compaction finished, 2170 segments merged"
2025-12-01T14:54:00Z svc=api level=INFO msg="token refresh completed in 3571ms"
2025-12-01T14:54:15Z svc=scheduler level=INFO msg="compaction finished, 7201 segments merged"
2025-12-01T14:54:28Z svc=billing level=INFO msg="cache eviction pass removed 4047 entries"
2025-12-01T14:54:44Z svc=authz level=INFO msg="cache eviction pass removed 3186 entries"
2025-12-01T14:54:52Z svc=authz level=INFO msg="batch 3697 committed"
2025-12-01T14:54:56Z svc=billing level=INFO msg="token refresh completed in 3402ms"
2025-12-01T14:55:10Z svc=scheduler level=INFO msg="retry queue depth=387"
2025-12-01T14:55:16Z svc=scheduler level=INFO msg="healthcheck ok rtt=2606ms"
2025-12-01T14:55:25Z svc=billing level=INFO msg="webhook delivery attempt 7415 succeeded"
2025-12-01T14:55:39Z svc=ingest level=INFO msg="compaction finished, 8857 segments merged"
2025-12-01T14:55:49Z svc=search level=INFO msg="cache eviction pass removed 7258 entries"
2025-12-01T14:55:59Z svc=scheduler level=INFO msg="compaction finished, 5357 segments merged"
2025-12-01T14:56:13Z svc=api level=INFO msg="webhook delivery attempt 2975 succeeded"
2025-12-01T14:56:27Z svc=ingest level=INFO msg="cache eviction pass removed 8450 entries"
2025-12-01T14:56:33Z svc=authz level=INFO msg="cache eviction pass removed 5347 entries"
2025-12-01T14:56:38Z svc=scheduler level=INFO msg="batch 3604 committed"
2025-12-01T14:56:43Z svc=scheduler level=INFO msg="webhook delivery attempt 5171 succeeded"
2025-12-01T14:56:46Z svc=ingest level=INFO msg="healthcheck ok rtt=2265ms"
2025-12-01T14:56:53Z svc=scheduler level=INFO msg="batch 1411 committed"
2025-12-01T14:57:02Z svc=api level=INFO msg="batch 1860 committed"
2025-12-01T14:57:06Z svc=api level=INFO msg="batch 2442 committed"
2025-12-01T14:57:23Z svc=search level=INFO msg="retry queue depth=8522"
2025-12-01T14:57:27Z svc=scheduler level=INFO msg="cache eviction pass removed 5224 entries"
2025-12-01T14:57:32Z svc=billing level=INFO msg="batch 7198 committed"
2025-12-01T14:57:42Z svc=search level=INFO msg="cache eviction pass removed 4823 entries"
2025-12-01T14:57:58Z svc=scheduler level=INFO msg="cache eviction pass removed 656 entries"
2025-12-01T14:58:07Z svc=search level=INFO msg="healthcheck ok rtt=6712ms"
2025-12-01T14:58:18Z svc=billing level=INFO msg="retry queue depth=7012"
2025-12-01T14:58:22Z svc=search level=INFO msg="healthcheck ok rtt=2823ms"
2025-12-01T14:58:31Z svc=ingest level=INFO msg="webhook delivery attempt 4119 succeeded"
2025-12-01T14:58:47Z svc=scheduler level=INFO msg="token refresh completed in 7348ms"
2025-12-01T14:58:58Z svc=ingest level=INFO msg="healthcheck ok rtt=506ms"
2025-12-01T14:59:08Z svc=search level=INFO msg="healthcheck ok rtt=4483ms"
2025-12-01T14:59:15Z svc=scheduler level=INFO msg="healthcheck ok rtt=1160ms"
2025-12-01T14:59:24Z svc=api level=INFO msg="token refresh completed in 2717ms"
2025-12-01T14:59:31Z svc=search level=INFO msg="cache eviction pass removed 2802 entries"
2025-12-01T14:59:45Z svc=authz level=INFO msg="webhook delivery attempt 3907 succeeded"
2025-12-01T14:59:56Z svc=api level=INFO msg="webhook delivery attempt 3638 succeeded"
2025-12-01T15:00:08Z svc=api level=INFO msg="token refresh completed in 4650ms"
2025-12-01T15:00:21Z svc=search level=INFO msg="token refresh completed in 8104ms"
2025-12-01T15:00:33Z svc=scheduler level=INFO msg="compaction finished, 5219 segments merged"
2025-12-01T15:00:45Z svc=api level=INFO msg="healthcheck ok rtt=2565ms"
2025-12-01T15:00:59Z svc=api level=INFO msg="retry queue depth=5295"
2025-12-01T15:01:10Z svc=ingest level=INFO msg="healthcheck ok rtt=1964ms"
2025-12-01T15:01:13Z svc=authz level=INFO msg="cache eviction pass removed 4497 entries"
2025-12-01T15:01:17Z svc=billing level=INFO msg="healthcheck ok rtt=7419ms"
2025-12-01T15:01:20Z svc=search level=INFO msg="compaction finished, 1541 segments merged"
2025-12-01T15:01:29Z svc=billing level=INFO msg="healthcheck ok rtt=7509ms"
2025-12-01T15:01:36Z svc=authz level=INFO msg="cache eviction pass removed 3148 entries"
2025-12-01T15:01:41Z svc=ingest level=INFO msg="healthcheck ok rtt=5423ms"
2025-12-01T15:01:44Z svc=ingest level=INFO msg="healthcheck ok rtt=9300ms"
2025-12-01T15:01:59Z svc=api level=INFO msg="token refresh completed in 937ms"
2025-12-01T15:02:09Z svc=billing level=INFO msg="cache eviction pass removed 6021 entries"
2025-12-01T15:02:14Z svc=api level=INFO msg="batch 2415 committed"
2025-12-01T15:02:30Z svc=billing level=INFO msg="retry queue depth=8002"
2025-12-01T15:02:45Z svc=search level=INFO msg="retry queue depth=8367"
2025-12-01T15:02:56Z svc=billing level=INFO msg="batch 5695 committed"
2025-12-01T15:03:09Z svc=scheduler level=INFO msg="webhook delivery attempt 8703 succeeded"
2025-12-01T15:03:23Z svc=scheduler level=INFO msg="token refresh completed in 7997ms"
2025-12-01T15:03:37Z svc=api level=INFO msg="compaction finished, 8767 segments merged"
2025-12-01T15:03:54Z svc=ingest level=INFO msg="batch 5795 committed"
2025-12-01T15:04:08Z svc=authz level=INFO msg="retry queue depth=7374"
2025-12-01T15:04:23Z svc=search level=INFO msg="cache eviction pass removed 2990 entries"
2025-12-01T15:04:35Z svc=ingest level=INFO msg="batch 1752 committed"
2025-12-01T15:04:43Z svc=search level=INFO msg="retry queue depth=316"
2025-12-01T15:04:50Z svc=ingest level=INFO msg="compaction finished, 2639 segments merged"
2025-12-01T15:05:01Z svc=scheduler level=INFO msg="webhook delivery attempt 9109 succeeded"
2025-12-01T15:05:18Z svc=scheduler level=INFO msg="retry queue depth=6344"
2025-12-01T15:05:34Z svc=ingest level=INFO msg="compaction finished, 9119 segments merged"
2025-12-01T15:05:38Z svc=billing level=INFO msg="retry queue depth=6487"
2025-12-01T15:05:41Z svc=scheduler level=INFO msg="webhook delivery attempt 7933 succeeded"
2025-12-01T15:05:52Z svc=scheduler level=INFO msg="retry queue depth=2489"
2025-12-01T15:05:56Z svc=authz level=INFO msg="retry queue depth=6806"
2025-12-01T15:06:12Z svc=authz level=INFO msg="healthcheck ok rtt=7938ms"
2025-12-01T15:06:22Z svc=api level=INFO msg="batch 6315 committed"
2025-12-01T15:06:37Z svc=scheduler level=INFO msg="batch 2655 committed"
2025-12-01T15:06:54Z svc=ingest level=INFO msg="token refresh completed in 5726ms"
2025-12-01T15:06:58Z svc=api level=INFO msg="batch 1541 committed"
2025-12-01T15:07:11Z svc=scheduler level=INFO msg="healthcheck ok rtt=1463ms"
2025-12-01T15:07:25Z svc=api level=INFO msg="compaction finished, 7976 segments merged"
2025-12-01T15:07:41Z svc=authz level=INFO msg="token refresh completed in 7940ms"
2025-12-01T15:07:58Z svc=api level=INFO msg="compaction finished, 591 segments merged"
2025-12-01T15:08:05Z svc=scheduler level=INFO msg="compaction finished, 2168 segments merged"
2025-12-01T15:08:18Z svc=scheduler level=INFO msg="compaction finished, 9441 segments merged"
2025-12-01T15:08:32Z svc=ingest level=INFO msg="retry queue depth=2087"
2025-12-01T15:08:40Z svc=authz level=INFO msg="retry queue depth=5040"
2025-12-01T15:08:55Z svc=scheduler level=INFO msg="retry queue depth=8956"
2025-12-01T15:09:12Z svc=billing level=INFO msg="batch 5051 committed"
2025-12-01T15:09:22Z svc=authz level=INFO msg="compaction finished, 3421 segments merged"
2025-12-01T15:09:39Z svc=scheduler level=INFO msg="batch 3878 committed"
2025-12-01T15:09:55Z svc=search level=INFO msg="token refresh completed in 4626ms"
2025-12-01T15:10:03Z svc=scheduler level=INFO msg="batch 2798 committed"
2025-12-01T15:10:08Z svc=api level=INFO msg="webhook delivery attempt 7872 succeeded"
2025-12-01T15:10:14Z svc=scheduler level=INFO msg="webhook delivery attempt 1445 succeeded"
2025-12-01T15:10:19Z svc=billing level=INFO msg="batch 7762 committed"
2025-12-01T15:10:27Z svc=ingest level=INFO msg="compaction finished, 9200 segments merged"
2025-12-01T15:10:43Z svc=api level=INFO msg="compaction finished, 5338 segments merged"
2025-12-01T15:10:58Z svc=authz level=INFO msg="token refresh completed in 6767ms"
2025-12-01T15:11:09Z svc=ingest level=INFO msg="batch 4550 committed"
2025-12-01T15:11:20Z svc=scheduler level=INFO msg="healthcheck ok rtt=889ms"
2025-12-01T15:11:34Z svc=scheduler level=INFO msg="retry queue depth=8134"
2025-12-01T15:11:48Z svc=api level=INFO msg="token refresh completed in 8187ms"
2025-12-01T15:11:55Z svc=authz level=INFO msg="token refresh completed in 2063ms"
2025-12-01T15:12:11Z svc=ingest level=INFO msg="token refresh completed in 3248ms"
2025-12-01T15:12:23Z svc=api level=INFO msg="healthcheck ok rtt=6143ms"
2025-12-01T15:12:29Z svc=authz level=INFO msg="token refresh completed in 962ms"
2025-12-01T15:12:46Z svc=ingest level=INFO msg="compaction finished, 6755 segments merged"
2025-12-01T15:12:52Z svc=api level=INFO msg="batch 4043 committed"
2025-12-01T15:12:58Z svc=scheduler level=INFO msg="batch 4231 committed"
2025-12-01T15:13:11Z svc=api level=INFO msg="cache eviction pass removed 8304 entries"
2025-12-01T15:13:26Z svc=ingest level=INFO msg="retry queue depth=4593"
2025-12-01T15:13:37Z svc=authz level=INFO msg="webhook delivery attempt 6066 succeeded"
2025-12-01T15:13:41Z svc=scheduler level=INFO msg="cache eviction pass removed 2474 entries"
2025-12-01T15:13:51Z svc=billing level=INFO msg="batch 9160 committed"
2025-12-01T15:14:00Z svc=api level=INFO msg="webhook delivery attempt 9082 succeeded"
2025-12-01T15:14:11Z svc=ingest level=INFO msg="cache eviction pass removed 5407 entries"
2025-12-01T15:14:17Z svc=billing level=INFO msg="batch 7512 committed"
2025-12-01T15:14:32Z svc=billing level=INFO msg="healthcheck ok rtt=3741ms"
2025-12-01T15:14:48Z svc=search level=INFO msg="compaction finished, 890 segments merged"
2025-12-01T15:14:51Z svc=api level=INFO msg="webhook delivery attempt 6000 succeeded"
2025-12-01T15:15:00Z svc=scheduler level=INFO msg="compaction finished, 2336 segments merged"
2025-12-01T15:15:14Z svc=search level=INFO msg="retry queue depth=2558"
2025-12-01T15:15:18Z svc=authz level=INFO msg="cache eviction pass removed 7337 entries"
2025-12-01T15:15:34Z svc=scheduler level=INFO msg="batch 1996 committed"
2025-12-01T15:15:46Z svc=authz level=INFO msg="healthcheck ok rtt=7018ms"
2025-12-01T15:15:59Z svc=ingest level=INFO msg="compaction finished, 181 segments merged"
2025-12-01T15:16:02Z svc=api level=INFO msg="cache eviction pass removed 6075 entries"
2025-12-01T15:16:18Z svc=scheduler level=INFO msg="webhook delivery attempt 9088 succeeded"
2025-12-01T15:16:31Z svc=search level=INFO msg="compaction finished, 1055 segments merged"
2025-12-01T15:16:40Z svc=api level=INFO msg="cache eviction pass removed 7140 entries"
2025-12-01T15:16:51Z svc=authz level=INFO msg="compaction finished, 685 segments merged"
2025-12-01T15:16:54Z svc=search level=INFO msg="cache eviction pass removed 2966 entries"
2025-12-01T15:17:08Z svc=api level=INFO msg="retry queue depth=1284"
2025-12-01T15:17:17Z svc=scheduler level=INFO msg="token refresh completed in 8279ms"
2025-12-01T15:17:25Z svc=billing level=INFO msg="cache eviction pass removed 6432 entries"
2025-12-01T15:17:37Z svc=search level=INFO msg="retry queue depth=1504"
2025-12-01T15:17:48Z svc=scheduler level=INFO msg="webhook delivery attempt 2430 succeeded"
2025-12-01T15:17:51Z svc=search level=INFO msg="webhook delivery attempt 4924 succeeded"
2025-12-01T15:18:04Z svc=search level=INFO msg="token refresh completed in 5387ms"
2025-12-01T15:18:15Z svc=billing level=INFO msg="compaction finished, 969 segments merged"
2025-12-01T15:18:31Z svc=billing level=INFO msg="retry queue depth=5151"
2025-12-01T15:18:44Z svc=authz level=INFO msg="webhook delivery attempt 180 succeeded"
2025-12-01T15:19:00Z svc=billing level=INFO msg="healthcheck ok rtt=6378ms"
2025-12-01T15:19:10Z svc=search level=INFO msg="retry queue depth=4434"
2025-12-01T15:19:19Z svc=billing level=INFO msg="batch 3575 committed"
2025-12-01T15:19:33Z svc=authz level=INFO msg="compaction finished, 4757 segments merged"
2025-12-01T15:19:45Z svc=ingest level=INFO msg="batch 2841 committed"
2025-12-01T15:19:49Z svc=ingest level=INFO msg="webhook delivery attempt 3185 succeeded"
2025-12-01T15:19:56Z svc=ingest level=INFO msg="healthcheck ok rtt=6543ms"
2025-12-01T15:20:11Z svc=authz level=INFO msg="cache eviction pass removed 958 entries"
2025-12-01T15:20:25Z svc=billing level=INFO msg="batch 2422 committed"
2025-12-01T15:20:36Z svc=search level=INFO msg="healthcheck ok rtt=1474ms"
2025-12-01T15:20:42Z svc=billing level=INFO msg="batch 3834 committed"
2025-12-01T15:20:46Z svc=search level=INFO msg="healthcheck ok rtt=2106ms"
2025-12-01T15:21:01Z svc=authz level=INFO msg="healthcheck ok rtt=1677ms"
2025-12-01T15:21:18Z svc=billing level=INFO msg="cache eviction pass removed 8066 entries"
2025-12-01T15:21:27Z svc=authz level=INFO msg="webhook delivery attempt 3714 succeeded"
2025-12-01T15:21:32Z svc=search level=INFO msg="webhook delivery attempt 2172 succeeded"
2025-12-01T15:21:49Z svc=ingest level=INFO msg="compaction finished, 2145 segments merged"
2025-12-01T15:21:59Z svc=api level=INFO msg="healthcheck ok rtt=6920ms"
2025-12-01T15:22:13Z svc=ingest level=INFO msg="webhook delivery attempt 5581 succeeded"
2025-12-01T15:22:26Z svc=ingest level=INFO msg="webhook delivery attempt 6163 succeeded"
2025-12-01T15:22:43Z svc=billing level=INFO msg="batch 8741 committed"
2025-12-01T15:22:57Z svc=scheduler level=INFO msg="token refresh completed in 3757ms"
2025-12-01T15:23:02Z svc=ingest level=INFO msg="webhook delivery attempt 4155 succeeded"
2025-12-01T15:23:15Z svc=ingest level=INFO msg="batch 2152 committed"
2025-12-01T15:23:20Z svc=api level=INFO msg="cache eviction pass removed 6323 entries"
2025-12-01T15:23:24Z svc=authz level=INFO msg="compaction finished, 6505 segments merged"
2025-12-01T15:23:39Z svc=api level=INFO msg="webhook delivery attempt 1706 succeeded"
2025-12-01T15:23:56Z svc=billing level=INFO msg="token refresh completed in 1725ms"
2025-12-01T15:24:00Z svc=authz level=INFO msg="token refresh completed in 8156ms"
2025-12-01T15:24:17Z svc=billing level=INFO msg="batch 8881 committed"
2025-12-01T15:24:33Z svc=authz level=INFO msg="cache eviction pass removed 9484 entries"
2025-12-01T15:24:48Z svc=billing level=INFO msg="token refresh completed in 1802ms"
2025-12-01T15:24:56Z svc=scheduler level=INFO msg="retry queue depth=508"
2025-12-01T15:25:04Z svc=scheduler level=INFO msg="compaction finished, 3541 segments merged"
2025-12-01T15:25:21Z svc=api level=INFO msg="webhook delivery attempt 6207 succeeded"
2025-12-01T15:25:27Z svc=ingest level=INFO msg="token refresh completed in 2157ms"
2025-12-01T15:25:32Z svc=api level=INFO msg="compaction finished, 4797 segments merged"
2025-12-01T15:25:49Z svc=ingest level=INFO msg="retry queue depth=815"
2025-12-01T15:26:06Z svc=api level=INFO msg="webhook delivery attempt 3319 succeeded"
2025-12-01T15:26:22Z svc=billing level=INFO msg="token refresh completed in 7689ms"
2025-12-01T15:26:36Z svc=api level=INFO msg="healthcheck ok rtt=357ms"
2025-12-01T15:26:39Z svc=search level=INFO msg="retry queue depth=6310"
2025-12-01T15:26:43Z svc=scheduler level=INFO msg="token refresh completed in 4529ms"
2025-12-01T15:26:50Z svc=authz level=INFO msg="cache eviction pass removed 6136 entries"
2025-12-01T15:27:00Z svc=scheduler level=INFO msg="retry queue depth=9088"
2025-12-01T15:27:16Z svc=ingest level=INFO msg="retry queue depth=6446"
2025-12-01T15:27:20Z svc=search level=INFO msg="compaction finished, 4595 segments merged"
2025-12-01T15:27:33Z svc=billing level=INFO msg="retry queue depth=7909"
2025-12-01T15:27:41Z svc=billing level=INFO msg="cache eviction pass removed 3670 entries"
2025-12-01T15:27:50Z svc=authz level=INFO msg="healthcheck ok rtt=2690ms"
2025-12-01T15:27:58Z svc=authz level=INFO msg="cache eviction pass removed 7711 entries"
2025-12-01T15:28:04Z svc=billing level=INFO msg="batch 2572 committed"
2025-12-01T15:28:19Z svc=search level=INFO msg="cache eviction pass removed 7977 entries"
2025-12-01T15:28:27Z svc=scheduler level=INFO msg="token refresh completed in 8577ms"
2025-12-01T15:28:43Z svc=billing level=INFO msg="healthcheck ok rtt=9255ms"
2025-12-01T15:28:56Z svc=api level=INFO msg="healthcheck ok rtt=8537ms"
2025-12-01T15:29:05Z svc=billing level=INFO msg="batch 266 committed"
2025-12-01T15:29:09Z svc=billing level=INFO msg="webhook delivery attempt 6479 succeeded"
2025-12-01T15:29:14Z svc=api level=INFO msg="webhook delivery attempt 5921 succeeded"
2025-12-01T15:29:21Z svc=authz level=INFO msg="webhook delivery attempt 1659 succeeded"
2025-12-01T15:29:29Z svc=billing level=INFO msg="cache eviction pass removed 3135 entries"
2025-12-01T15:29:40Z svc=authz level=INFO msg="compaction finished, 7906 segments merged"
2025-12-01T15:29:54Z svc=search level=INFO msg="webhook delivery attempt 8071 succeeded"
2025-12-01T15:30:09Z svc=ingest level=INFO msg="healthcheck ok rtt=5639ms"
2025-12-01T15:30:24Z svc=api level=INFO msg="compaction finished, 5652 segments merged"
2025-12-01T15:30:32Z svc=search level=INFO msg="retry queue depth=4009"
2025-12-01T15:30:44Z svc=search level=INFO msg="webhook delivery attempt 3687 succeeded"
2025-12-01T15:31:01Z svc=ingest level=INFO msg="healthcheck ok rtt=6387ms"
2025-12-01T15:31:10Z svc=ingest level=INFO msg="cache eviction pass removed 3564 entries"
2025-12-01T15:31:25Z svc=search level=INFO msg="retry queue depth=188"
2025-12-01T15:31:33Z svc=billing level=INFO msg="healthcheck ok rtt=7066ms"
2025-12-01T15:31:49Z svc=api level=INFO msg="webhook delivery attempt 3683 succeeded"
2025-12-01T15:32:02Z svc=ingest level=INFO msg="retry queue depth=1385"
2025-12-01T15:32:11Z svc=search level=INFO msg="token refresh completed in 4454ms"
2025-12-01T15:32:18Z svc=billing level=INFO msg="webhook delivery attempt 1771 succeeded"
2025-12-01T15:32:24Z svc=search level=INFO msg="webhook delivery attempt 3089 succeeded"
2025-12-01T15:32:37Z svc=billing level=INFO msg="webhook delivery attempt 7873 succeeded"
2025-12-01T15:32:54Z svc=billing level=INFO msg="healthcheck ok rtt=3340ms"
2025-12-01T15:33:10Z svc=billing level=INFO msg="healthcheck ok rtt=2136ms"
2025-12-01T15:33:27Z svc=authz level=INFO msg="token refresh completed in 2121ms"
2025-12-01T15:33:42Z svc=api level=INFO msg="cache eviction pass removed 598 entries"
2025-12-01T15:33:45Z svc=billing level=INFO msg="compaction finished, 7661 segments merged"
2025-12-01T15:33:58Z svc=ingest level=INFO msg="compaction finished, 8241 segments merged"
2025-12-01T15:34:12Z svc=api level=INFO msg="retry queue depth=8271"
2025-12-01T15:34:19Z svc=api level=INFO msg="retry queue depth=7467"
2025-12-01T15:34:22Z svc=scheduler level=INFO msg="cache eviction pass removed 5377 entries"
2025-12-01T15:34:25Z svc=api level=INFO msg="compaction finished, 6678 segments merged"
2025-12-01T15:34:42Z svc=billing level=INFO msg="cache eviction pass removed 1340 entries"
2025-12-01T15:34:47Z svc=api level=INFO msg="compaction finished, 5713 segments merged"
2025-12-01T15:34:51Z svc=authz level=INFO msg="healthcheck ok rtt=2271ms"
2025-12-01T15:35:07Z svc=api level=INFO msg="compaction finished, 5285 segments merged"
2025-12-01T15:35:22Z svc=scheduler level=INFO msg="token refresh completed in 8099ms"
2025-12-01T15:35:25Z svc=authz level=INFO msg="compaction finished, 7559 segments merged"
2025-12-01T15:35:29Z svc=authz level=INFO msg="batch 3681 committed"
2025-12-01T15:35:43Z svc=scheduler level=INFO msg="webhook delivery attempt 3370 succeeded"
2025-12-01T15:35:57Z svc=api level=INFO msg="cache eviction pass removed 768 entries"
2025-12-01T15:36:10Z svc=search level=INFO msg="healthcheck ok rtt=8751ms"
2025-12-01T15:36:19Z svc=ingest level=INFO msg="batch 1627 committed"
2025-12-01T15:36:23Z svc=authz level=INFO msg="batch 8211 committed"
2025-12-01T15:36:39Z svc=api level=INFO msg="webhook delivery attempt 494 succeeded"
2025-12-01T15:36:56Z svc=authz level=INFO msg="cache eviction pass removed 7932 entries"
2025-12-01T15:37:10Z svc=api level=INFO msg="compaction finished, 670 segments merged"
2025-12-01T15:37:20Z svc=search level=INFO msg="webhook delivery attempt 4546 succeeded"
2025-12-01T15:37:34Z svc=authz level=INFO msg="batch 8400 committed"
2025-12-01T15:37:37Z svc=search level=INFO msg="compaction finished, 1323 segments merged"
2025-12-01T15:37:43Z svc=billing level=INFO msg="token refresh completed in 6982ms"
2025-12-01T15:37:57Z svc=scheduler level=INFO msg="healthcheck ok rtt=9265ms"
2025-12-01T15:38:00Z svc=billing level=INFO msg="healthcheck ok rtt=8848ms"
2025-12-01T15:38:09Z svc=ingest level=INFO msg="cache eviction pass removed 6624 entries"
2025-12-01T15:38:19Z svc=authz level=INFO msg="webhook delivery attempt 703 succeeded"
2025-12-01T15:38:22Z svc=ingest level=INFO msg="batch 922 committed"
2025-12-01T15:38:31Z svc=ingest level=INFO msg="token refresh completed in 169ms"
2025-12-01T15:38:35Z svc=ingest level=INFO msg="healthcheck ok rtt=4653ms"
2025-12-01T15:38:41Z svc=ingest level=INFO msg="compaction finished, 4370 segments merged"
2025-12-01T15:38:50Z svc=billing level=INFO msg="webhook delivery attempt 1804 succeeded"
2025-12-01T15:39:01Z svc=search level=INFO msg="compaction finished, 441 segments merged"
2025-12-01T15:39:05Z svc=api level=INFO msg="batch 6056 committed"
2025-12-01T15:39:16Z svc=api level=INFO msg="compaction finished, 1249 segments merged"
2025-12-01T15:39:32Z svc=api level=INFO msg="retry queue depth=4872"
2025-12-01T15:39:36Z svc=api level=INFO msg="token refresh completed in 1924ms"
2025-12-01T15:39:41Z svc=billing level=INFO msg="compaction finished, 290 segments merged"
2025-12-01T15:39:44Z svc=ingest level=INFO msg="batch 5681 committed"
2025-12-01T15:39:47Z svc=search level=INFO msg="batch 2076 committed"
2025-12-01T15:40:01Z svc=api level=INFO msg="webhook delivery attempt 3782 succeeded"
2025-12-01T15:40:13Z svc=authz level=INFO msg="healthcheck ok rtt=4168ms"
2025-12-01T15:40:16Z svc=ingest level=INFO msg="retry queue depth=1648"
2025-12-01T15:40:20Z svc=scheduler level=INFO msg="retry queue depth=2039"
2025-12-01T15:40:32Z svc=scheduler level=INFO msg="webhook delivery attempt 8500 succeeded"
2025-12-01T15:40:46Z svc=billing level=INFO msg="cache eviction pass removed 7454 entries"
2025-12-01T15:41:00Z svc=search level=INFO msg="healthcheck ok rtt=777ms"
2025-12-01T15:41:04Z svc=api level=INFO msg="healthcheck ok rtt=4382ms"
2025-12-01T15:41:16Z svc=scheduler level=INFO msg="webhook delivery attempt 670 succeeded"
2025-12-01T15:41:19Z svc=billing level=INFO msg="token refresh completed in 3879ms"
2025-12-01T15:41:29Z svc=scheduler level=INFO msg="webhook delivery attempt 1315 succeeded"
2025-12-01T15:41:37Z svc=api level=INFO msg="retry queue depth=1179"
2025-12-01T15:41:43Z svc=authz level=INFO msg="cache eviction pass removed 7147 entries"
2025-12-01T15:41:58Z svc=scheduler level=INFO msg="batch 6635 committed"
2025-12-01T15:42:15Z svc=authz level=INFO msg="healthcheck ok rtt=1567ms"
2025-12-01T15:42:24Z svc=authz level=INFO msg="token refresh completed in 4868ms"
2025-12-01T15:42:36Z svc=billing level=INFO msg="webhook delivery attempt 3305 succeeded"
2025-12-01T15:42:53Z svc=search level=INFO msg="webhook delivery attempt 3462 succeeded"
2025-12-01T15:43:10Z svc=scheduler level=INFO msg="batch 8820 committed"
2025-12-01T15:43:21Z svc=scheduler level=INFO msg="token refresh completed in 5442ms"
2025-12-01T15:43:38Z svc=authz level=INFO msg="webhook delivery attempt 242 succeeded"
2025-12-01T15:43:50Z svc=authz level=INFO msg="compaction finished, 2953 segments merged"
2025-12-01T15:44:06Z svc=authz level=INFO msg="compaction finished, 5298 segments merged"
2025-12-01T15:44:09Z svc=billing level=INFO msg="batch 756 committed"
2025-12-01T15:44:22Z svc=search level=INFO msg="token refresh completed in 9416ms"
2025-12-01T15:44:35Z svc=api level=INFO msg="compaction finished, 5343 segments merged"
2025-12-01T15:44:51Z svc=search level=INFO msg="token refresh completed in 8756ms"
2025-12-01T15:44:56Z svc=api level=INFO msg="healthcheck ok rtt=8567ms"
2025-12-01T15:45:08Z svc=billing level=INFO msg="retry queue depth=2260"
2025-12-01T15:45:11Z svc=ingest level=INFO msg="batch 2626 committed"
2025-12-01T15:45:16Z svc=billing level=INFO msg="compaction finished, 3931 segments merged"
2025-12-01T15:45:25Z svc=billing level=INFO msg="batch 1811 committed"
2025-12-01T15:45:34Z svc=authz level=INFO msg="token refresh completed in 3824ms"
2025-12-01T15:45:47Z svc=ingest level=INFO msg="retry queue depth=236"
2025-12-01T15:46:03Z svc=api level=INFO msg="compaction finished, 3351 segments merged"
2025-12-01T15:46:08Z svc=ingest level=INFO msg="token refresh completed in 662ms"
2025-12-01T15:46:14Z svc=search level=INFO msg="webhook delivery attempt 6655 succeeded"
2025-12-01T15:46:17Z svc=ingest level=INFO msg="healthcheck ok rtt=2424ms"
2025-12-01T15:46:34Z svc=api level=INFO msg="webhook delivery attempt 2666 succeeded"
2025-12-01T15:46:45Z svc=ingest level=INFO msg="batch 3334 committed"
2025-12-01T15:47:02Z svc=search level=INFO msg="webhook delivery attempt 2781 succeeded"
2025-12-01T15:47:06Z svc=authz level=INFO msg="healthcheck ok rtt=4995ms"
2025-12-01T15:47:22Z svc=authz level=INFO msg="batch 703 committed"
2025-12-01T15:47:34Z svc=scheduler level=INFO msg="compaction finished, 3728 segments merged"
2025-12-01T15:47:47Z svc=api level=INFO msg="token refresh completed in 8037ms"
2025-12-01T15:47:59Z svc=ingest level=INFO msg="retry queue depth=6722"
2025-12-01T15:48:06Z svc=authz level=INFO msg="token refresh completed in 3431ms"
2025-12-01T15:48:19Z svc=search level=INFO msg="webhook delivery attempt 8243 succeeded"
2025-12-01T15:48:23Z svc=api level=INFO msg="healthcheck ok rtt=8316ms"
2025-12-01T15:48:36Z svc=ingest level=INFO msg="token refresh completed in 1572ms"
2025-12-01T15:48:49Z svc=api level=INFO msg="token refresh completed in 7060ms"
2025-12-01T15:49:02Z svc=ingest level=INFO msg="token refresh completed in 5563ms"
2025-12-01T15:49:10Z svc=ingest level=INFO msg="cache eviction pass removed 9037 entries"
2025-12-01T15:49:16Z svc=authz level=INFO msg="compaction finished, 3787 segments merged"
2025-12-01T15:49:22Z svc=ingest level=INFO msg="webhook delivery attempt 2873 succeeded"
2025-12-01T15:49:26Z svc=billing level=INFO msg="token refresh completed in 3247ms"
2025-12-01T15:49:38Z svc=search level=INFO msg="batch 880 committed"
2025-12-01T15:49:51Z svc=search level=INFO msg="cache eviction pass removed 947 entries"
2025-12-01T15:50:05Z svc=authz level=INFO msg="token refresh completed in 7965ms"
2025-12-01T15:50:16Z svc=authz level=INFO msg="healthcheck ok rtt=5946ms"
2025-12-01T15:50:31Z svc=api level=INFO msg="batch 2429 committed"
2025-12-01T15:50:45Z svc=ingest level=INFO msg="retry queue depth=2537"
2025-12-01T15:50:51Z svc=ingest level=INFO msg="batch 2977 committed"
2025-12-01T15:50:57Z svc=authz level=INFO msg="batch 1608 committed"
2025-12-01T15:51:11Z svc=billing level=INFO msg="cache eviction pass removed 9262 entries"
2025-12-01T15:51:21Z svc=search level=INFO msg="cache eviction pass removed 8566 entries"
2025-12-01T15:51:25Z svc=scheduler level=INFO msg="batch 6928 committed"
2025-12-01T15:51:28Z svc=ingest level=INFO msg="cache eviction pass removed 1493 entries"
2025-12-01T15:51:41Z svc=ingest level=INFO msg="token refresh completed in 4862ms"
2025-12-01T15:51:49Z svc=scheduler level=INFO msg="cache eviction pass removed 9266 entries"
2025-12-01T15:51:55Z svc=api level=INFO msg="healthcheck ok rtt=2098ms"
2025-12-01T15:52:04Z svc=scheduler level=INFO msg="cache eviction pass removed 402 entries"
2025-12-01T15:52:15Z svc=ingest level=INFO msg="healthcheck ok rtt=2113ms"
2025-12-01T15:52:27Z svc=scheduler level=INFO msg="compaction finished, 6541 segments merged"
2025-12-01T15:52:41Z svc=scheduler level=INFO msg="retry queue depth=9121"
2025-12-01T15:52:51Z svc=api level=INFO msg="retry queue depth=4848"
2025-12-01T15:52:59Z svc=scheduler level=INFO msg="retry queue depth=8244"
2025-12-01T15:53:08Z svc=api level=INFO msg="batch 2331 committed"
2025-12-01T15:53:14Z svc=authz level=INFO msg="retry queue depth=1310"
2025-12-01T15:53:17Z svc=scheduler level=INFO msg="compaction finished, 1044 segments merged"
2025-12-01T15:53:30Z svc=billing level=INFO msg="healthcheck ok rtt=8799ms"
2025-12-01T15:53:40Z svc=ingest level=INFO msg="healthcheck ok rtt=4159ms"
2025-12-01T15:53:51Z svc=api level=INFO msg="webhook delivery attempt 4507 succeeded"
2025-12-01T15:54:02Z svc=billing level=INFO msg="healthcheck ok rtt=7246ms"
2025-12-01T15:54:10Z svc=ingest level=INFO msg="token refresh completed in 7188ms"
2025-12-01T15:54:18Z svc=search level=INFO msg="compaction finished, 2262 segments merged"
2025-12-01T15:54:25Z svc=search level=INFO msg="compaction finished, 5604 segments merged"
2025-12-01T15:54:31Z svc=authz level=INFO msg="healthcheck ok rtt=4621ms"
2025-12-01T15:54:47Z svc=scheduler level=INFO msg="token refresh completed in 8959ms"
2025-12-01T15:55:03Z svc=scheduler level=INFO msg="batch 1565 committed"
2025-12-01T15:55:20Z svc=search level=INFO msg="healthcheck ok rtt=6261ms"
2025-12-01T15:55:35Z svc=billing level=INFO msg="compaction finished, 3389 segments merged"
2025-12-01T15:55:45Z svc=scheduler level=INFO msg="token refresh completed in 5795ms"
2025-12-01T15:56:01Z svc=billing level=INFO msg="webhook delivery attempt 9189 succeeded"
2025-12-01T15:56:12Z svc=authz level=INFO msg="healthcheck ok rtt=6157ms"
2025-12-01T15:56:22Z svc=ingest level=INFO msg="healthcheck ok rtt=2683ms"
2025-12-01T15:56:34Z svc=scheduler level=INFO msg="batch 837 committed"
2025-12-01T15:56:37Z svc=ingest level=INFO msg="retry queue depth=2457"
2025-12-01T15:56:40Z svc=api level=INFO msg="token refresh completed in 5702ms"
2025-12-01T15:56:48Z svc=billing level=INFO msg="token refresh completed in 2697ms"
2025-12-01T15:56:56Z svc=ingest level=INFO msg="cache eviction pass removed 1889 entries"
2025-12-01T15:57:03Z svc=billing level=INFO msg="cache eviction pass removed 1101 entries"
2025-12-01T15:57:12Z svc=authz level=INFO msg="batch 6658 committed"
2025-12-01T15:57:23Z svc=authz level=INFO msg="compaction finished, 6093 segments merged"
2025-12-01T15:57:35Z svc=billing level=INFO msg="batch 3073 committed"
2025-12-01T15:57:40Z svc=ingest level=INFO msg="retry queue depth=944"
2025-12-01T15:57:56Z svc=authz level=INFO msg="compaction finished, 6199 segments merged"
2025-12-01T15:58:07Z svc=authz level=INFO msg="batch 2543 committed"
2025-12-01T15:58:17Z svc=api level=INFO msg="webhook delivery attempt 1718 succeeded"
2025-12-01T15:58:31Z svc=api level=INFO msg="cache eviction pass removed 7995 entries"
2025-12-01T15:58:37Z svc=billing level=INFO msg="cache eviction pass removed 399 entries"
2025-12-01T15:58:48Z svc=ingest level=INFO msg="webhook delivery attempt 2386 succeeded"
2025-12-01T15:59:04Z svc=billing level=INFO msg="retry queue depth=4730"
2025-12-01T15:59:19Z svc=scheduler level=INFO msg="batch 8796 committed"
2025-12-01T15:59:23Z svc=api level=INFO msg="batch 1703 committed"
2025-12-01T15:59:38Z svc=search level=INFO msg="cache eviction pass removed 3822 entries"
2025-12-01T15:59:42Z svc=api level=INFO msg="retry queue depth=1181"
2025-12-01T15:59:50Z svc=api level=INFO msg="retry queue depth=6916"
2025-12-01T16:00:01Z svc=api level=INFO msg="token refresh completed in 6752ms"
2025-12-01T16:00:06Z svc=scheduler level=INFO msg="token refresh completed in 2410ms"
2025-12-01T16:00:18Z svc=search level=INFO msg="webhook delivery attempt 7302 succeeded"
2025-12-01T16:00:34Z svc=scheduler level=INFO msg="webhook delivery attempt 4798 succeeded"
2025-12-01T16:00:45Z svc=authz level=INFO msg="retry queue depth=920"
2025-12-01T16:00:57Z svc=billing level=INFO msg="healthcheck ok rtt=5628ms"
2025-12-01T16:01:14Z svc=search level=INFO msg="token refresh completed in 4329ms"
2025-12-01T16:01:23Z svc=scheduler level=INFO msg="token refresh completed in 6872ms"
2025-12-01T16:01:26Z svc=api level=INFO msg="webhook delivery attempt 9315 succeeded"
2025-12-01T16:01:35Z svc=search level=INFO msg="cache eviction pass removed 3193 entries"
2025-12-01T16:01:44Z svc=scheduler level=INFO msg="webhook delivery attempt 986 succeeded"
2025-12-01T16:01:50Z svc=scheduler level=INFO msg="healthcheck ok rtt=2555ms"
2025-12-01T16:02:01Z svc=ingest level=INFO msg="token refresh completed in 3823ms"
2025-12-01T16:02:09Z svc=ingest level=INFO msg="healthcheck ok rtt=1862ms"
2025-12-01T16:02:14Z svc=scheduler level=INFO msg="retry queue depth=982"
2025-12-01T16:02:25Z svc=billing level=INFO msg="compaction finished, 9104 segments merged"
2025-12-01T16:02:33Z svc=search level=INFO msg="healthcheck ok rtt=6018ms"
2025-12-01T16:02:42Z svc=authz level=INFO msg="token refresh completed in 7430ms"
2025-12-01T16:02:55Z svc=search level=INFO msg="webhook delivery attempt 2170 succeeded"
2025-12-01T16:03:11Z svc=search level=INFO msg="webhook delivery attempt 5768 succeeded"
2025-12-01T16:03:19Z svc=scheduler level=INFO msg="healthcheck ok rtt=2287ms"
2025-12-01T16:03:29Z svc=authz level=INFO msg="batch 7128 committed"
2025-12-01T16:03:34Z svc=ingest level=INFO msg="healthcheck ok rtt=6306ms"
2025-12-01T16:03:50Z svc=authz level=INFO msg="compaction finished, 6390 segments merged"
2025-12-01T16:04:00Z svc=search level=INFO msg="batch 5729 committed"
2025-12-01T16:04:15Z svc=search level=INFO msg="batch 6958 committed"
2025-12-01T16:04:22Z svc=search level=INFO msg="batch 4721 committed"
2025-12-01T16:04:38Z svc=authz level=INFO msg="compaction finished, 1968 segments merged"
2025-12-01T16:04:53Z svc=scheduler level=INFO msg="token refresh completed in 1273ms"
2025-12-01T16:05:03Z svc=api level=INFO msg="compaction finished, 7458 segments merged"
2025-12-01T16:05:08Z svc=search level=INFO msg="healthcheck ok rtt=2611ms"
2025-12-01T16:05:23Z svc=authz level=INFO msg="webhook delivery attempt 5677 succeeded"
2025-12-01T16:05:32Z svc=ingest level=INFO msg="healthcheck ok rtt=5343ms"
2025-12-01T16:05:40Z svc=billing level=INFO msg="webhook delivery attempt 4024 succeeded"
2025-12-01T16:05:44Z svc=api level=INFO msg="batch 7640 committed"
2025-12-01T16:06:01Z svc=search level=INFO msg="webhook delivery attempt 7640 succeeded"
2025-12-01T16:06:18Z svc=billing level=INFO msg="cache eviction pass removed 7097 entries"
2025-12-01T16:06:34Z svc=search level=INFO msg="token refresh completed in 7077ms"
2025-12-01T16:06:46Z svc=api level=INFO msg="token refresh completed in 3433ms"
2025-12-01T16:07:01Z svc=scheduler level=INFO msg="webhook delivery attempt 196 succeeded"
2025-12-01T16:07:14Z svc=ingest level=INFO msg="compaction finished, 2359 segments merged"
2025-12-01T16:07:28Z svc=billing level=INFO msg="retry queue depth=2889"
2025-12-01T16:07:41Z svc=authz level=INFO msg="compaction finished, 4298 segments merged"
2025-12-01T16:07:55Z svc=scheduler level=INFO msg="healthcheck ok rtt=1091ms"
2025-12-01T16:08:00Z svc=api level=INFO msg="webhook delivery attempt 7106 succeeded"
2025-12-01T16:08:13Z svc=ingest level=INFO msg="retry queue depth=8627"
2025-12-01T16:08:28Z svc=search level=INFO msg="batch 828 committed"
2025-12-01T16:08:45Z svc=scheduler level=INFO msg="token refresh completed in 4458ms"
2025-12-01T16:08:50Z svc=scheduler level=INFO msg="retry queue depth=7932"
2025-12-01T16:09:07Z svc=api level=INFO msg="retry queue depth=2969"
2025-12-01T16:09:20Z svc=scheduler level=INFO msg="webhook delivery attempt 3100 succeeded"
2025-12-01T16:09:23Z svc=api level=INFO msg="cache eviction pass removed 3568 entries"
2025-12-01T16:09:37Z svc=ingest level=INFO msg="cache eviction pass removed 4162 entries"
2025-12-01T16:09:51Z svc=authz level=INFO msg="cache eviction pass removed 2209 entries"
2025-12-01T16:09:56Z svc=authz level=INFO msg="retry queue depth=3584"
2025-12-01T16:10:09Z svc=authz level=INFO msg="batch 7826 committed"
2025-12-01T16:10:24Z svc=ingest level=INFO msg="token refresh completed in 7909ms"
2025-12-01T16:10:38Z svc=scheduler level=INFO msg="compaction finished, 3188 segments merged"
2025-12-01T16:10:45Z svc=search level=INFO msg="compaction finished, 8332 segments merged"
2025-12-01T16:10:57Z svc=scheduler level=INFO msg="retry queue depth=1578"
2025-12-01T16:11:11Z svc=ingest level=INFO msg="healthcheck ok rtt=2864ms"
2025-12-01T16:11:28Z svc=search level=INFO msg="batch 3062 committed"
2025-12-01T16:11:36Z svc=api level=INFO msg="retry queue depth=2291"
2025-12-01T16:11:49Z svc=ingest level=INFO msg="retry queue depth=9379"
2025-12-01T16:11:52Z svc=authz level=INFO msg="batch 7713 committed"
2025-12-01T16:12:03Z svc=ingest level=INFO msg="batch 7979 committed"
2025-12-01T16:12:09Z svc=authz level=INFO msg="cache eviction pass removed 6877 entries"
2025-12-01T16:12:23Z svc=search level=INFO msg="compaction finished, 5033 segments merged"
2025-12-01T16:12:29Z svc=scheduler level=INFO msg="compaction finished, 5165 segments merged"
2025-12-01T16:12:46Z svc=billing level=INFO msg="webhook delivery attempt 8951 succeeded"
2025-12-01T16:12:54Z svc=search level=INFO msg="retry queue depth=7394"
2025-12-01T16:13:09Z svc=search level=INFO msg="batch 1994 committed"
2025-12-01T16:13:12Z svc=billing level=INFO msg="token refresh completed in 6753ms"
2025-12-01T16:13:16Z svc=search level=INFO msg="compaction finished, 7506 segments merged"
2025-12-01T16:13:33Z svc=scheduler level=INFO msg="batch 7172 committed"
2025-12-01T16:13:47Z svc=api level=INFO msg="healthcheck ok rtt=5895ms"
2025-12-01T16:13:59Z svc=authz level=INFO msg="token refresh completed in 9333ms"
2025-12-01T16:14:12Z svc=billing level=INFO msg="webhook delivery attempt 3664 succeeded"
2025-12-01T16:14:24Z svc=ingest level=INFO msg="compaction finished, 9218 segments merged"
2025-12-01T16:14:29Z svc=billing level=INFO msg="retry queue depth=2471"
2025-12-01T16:14:45Z svc=scheduler level=INFO msg="batch 2080 committed"
2025-12-01T16:15:01Z svc=scheduler level=INFO msg="batch 5580 committed"
2025-12-01T16:15:11Z svc=search level=INFO msg="webhook delivery attempt 1229 succeeded"
2025-12-01T16:15:28Z svc=authz level=INFO msg="retry queue depth=3039"
2025-12-01T16:15:42Z svc=scheduler level=INFO msg="retry queue depth=433"
2025-12-01T16:15:55Z svc=ingest level=INFO msg="token refresh completed in 815ms"
2025-12-01T16:16:05Z svc=billing level=INFO msg="compaction finished, 7808 segments merged"
2025-12-01T16:16:13Z svc=api level=INFO msg="batch 575 committed"
2025-12-01T16:16:16Z svc=authz level=INFO msg="token refresh completed in 3056ms"
2025-12-01T16:16:32Z svc=billing level=INFO msg="cache eviction pass removed 2528 entries"
2025-12-01T16:16:37Z svc=ingest level=INFO msg="retry queue depth=3891"
2025-12-01T16:16:54Z svc=ingest level=INFO msg="batch 3355 committed"
2025-12-01T16:17:08Z svc=search level=INFO msg="retry queue depth=2754"
2025-12-01T16:17:11Z svc=search level=INFO msg="token refresh completed in 2977ms"
2025-12-01T16:17:20Z svc=search level=INFO msg="webhook delivery attempt 8115 succeeded"
2025-12-01T16:17:24Z svc=billing level=INFO msg="retry queue depth=8175"
2025-12-01T16:17:30Z svc=search level=INFO msg="cache eviction pass removed 4313 entries"
2025-12-01T16:17:33Z svc=billing level=INFO msg="healthcheck ok rtt=3905ms"
2025-12-01T16:17:36Z svc=scheduler level=INFO msg="healthcheck ok rtt=7369ms"
2025-12-01T16:17:52Z svc=authz level=INFO msg="webhook delivery attempt 7009 succeeded"
2025-12-01T16:17:59Z svc=billing level=INFO msg="webhook delivery attempt 955 succeeded"
2025-12-01T16:18:06Z svc=billing level=INFO msg="retry queue depth=271"
2025-12-01T16:18:23Z svc=api level=INFO msg="batch 4868 committed"
2025-12-01T16:18:28Z svc=api level=INFO msg="batch 7895 committed"
2025-12-01T16:18:31Z svc=search level=INFO msg="compaction finished, 3476 segments merged"
2025-12-01T16:18:37Z svc=api level=INFO msg="webhook delivery attempt 7000 succeeded"
2025-12-01T16:18:52Z svc=authz level=INFO msg="healthcheck ok rtt=4975ms"
2025-12-01T16:18:59Z svc=ingest level=INFO msg="webhook delivery attempt 775 succeeded"
2025-12-01T16:19:02Z svc=api level=INFO msg="token refresh completed in 3188ms"
2025-12-01T16:19:06Z svc=billing level=INFO msg="retry queue depth=8768"
2025-12-01T16:19:21Z svc=ingest level=INFO msg="batch 1089 committed"
2025-12-01T16:19:25Z svc=search level=INFO msg="compaction finished, 8889 segments merged"
2025-12-01T16:19:30Z svc=api level=INFO msg="retry queue depth=786"
2025-12-01T16:19:47Z svc=api level=INFO msg="batch 5107 committed"
2025-12-01T16:19:59Z svc=scheduler level=INFO msg="token refresh completed in 3003ms"
2025-12-01T16:20:12Z svc=api level=INFO msg="batch 4041 committed"
2025-12-01T16:20:20Z svc=api level=INFO msg="batch 1817 committed"
2025-12-01T16:20:33Z svc=authz level=INFO msg="batch 6300 committed"
2025-12-01T16:20:49Z svc=scheduler level=INFO msg="batch 2635 committed"
2025-12-01T16:20:53Z svc=authz level=INFO msg="batch 7069 committed"
2025-12-01T16:21:00Z svc=ingest level=INFO msg="batch 2000 committed"
2025-12-01T16:21:05Z svc=search level=INFO msg="batch 36 committed"
2025-12-01T16:21:14Z svc=search level=INFO msg="cache eviction pass removed 1782 entries"
2025-12-01T16:21:17Z svc=scheduler level=INFO msg="healthcheck ok rtt=7965ms"
2025-12-01T16:21:27Z svc=ingest level=INFO msg="cache eviction pass removed 7515 entries"
2025-12-01T16:21:33Z svc=authz level=INFO msg="webhook delivery attempt 6304 succeeded"
2025-12-01T16:21:45Z svc=billing level=INFO msg="batch 3848 committed"
2025-12-01T16:21:53Z svc=authz level=INFO msg="cache eviction pass removed 9142 entries"
2025-12-01T16:22:00Z svc=api level=INFO msg="batch 8374 committed"
2025-12-01T16:22:06Z svc=authz level=INFO msg="webhook delivery attempt 736 succeeded"
2025-12-01T16:22:15Z svc=ingest level=INFO msg="batch 7247 committed"
2025-12-01T16:22:20Z svc=api level=INFO msg="batch 1571 committed"
2025-12-01T16:22:34Z svc=ingest level=INFO msg="retry queue depth=957"
2025-12-01T16:22:46Z svc=api level=INFO msg="webhook delivery attempt 6959 succeeded"
2025-12-01T16:22:59Z svc=api level=INFO msg="token refresh completed in 3274ms"
2025-12-01T16:23:09Z svc=ingest level=INFO msg="token refresh completed in 2867ms"
2025-12-01T16:23:20Z svc=scheduler level=INFO msg="cache eviction pass removed 1603 entries"
2025-12-01T16:23:30Z svc=scheduler level=INFO msg="cache eviction pass removed 8876 entries"
2025-12-01T16:23:36Z svc=api level=INFO msg="cache eviction pass removed 7297 entries"
2025-12-01T16:23:53Z svc=search level=INFO msg="cache eviction pass removed 3701 entries"
2025-12-01T16:23:57Z svc=billing level=INFO msg="healthcheck ok rtt=2080ms"
2025-12-01T16:24:12Z svc=search level=INFO msg="webhook delivery attempt 1317 succeeded"
2025-12-01T16:24:28Z svc=ingest level=INFO msg="token refresh completed in 2039ms"
2025-12-01T16:24:39Z svc=api level=INFO msg="healthcheck ok rtt=613ms"
2025-12-01T16:24:54Z svc=billing level=INFO msg="batch 2966 committed"
2025-12-01T16:25:02Z svc=search level=INFO msg="batch 4598 committed"
2025-12-01T16:25:05Z svc=ingest level=INFO msg="token refresh completed in 3118ms"
2025-12-01T16:25:15Z svc=authz level=INFO msg="retry queue depth=9403"
2025-12-01T16:25:22Z svc=authz level=INFO msg="webhook delivery attempt 2304 succeeded"
2025-12-01T16:25:38Z svc=billing level=INFO msg="cache eviction pass removed 1238 entries"
2025-12-01T16:25:46Z svc=api level=INFO msg="batch 8319 committed"
2025-12-01T16:26:01Z svc=api level=INFO msg="cache eviction pass removed 2012 entries"
2025-12-01T16:26:12Z svc=search level=INFO msg="token refresh completed in 4201ms"
2025-12-01T16:26:18Z svc=billing level=INFO msg="healthcheck ok rtt=2437ms"
2025-12-01T16:26:23Z svc=api level=INFO msg="compaction finished, 2969 segments merged"
2025-12-01T16:26:36Z svc=ingest level=INFO msg="healthcheck ok rtt=1085ms"
2025-12-01T16:26:41Z svc=search level=INFO msg="cache eviction pass removed 884 entries"
2025-12-01T16:26:45Z svc=scheduler level=INFO msg="webhook delivery attempt 3362 succeeded"
2025-12-01T16:26:57Z svc=scheduler level=INFO msg="cache eviction pass removed 3347 entries"
2025-12-01T16:27:03Z svc=scheduler level=INFO msg="healthcheck ok rtt=6085ms"
2025-12-01T16:27:09Z svc=scheduler level=INFO msg="batch 6663 committed"
2025-12-01T16:27:14Z svc=scheduler level=INFO msg="cache eviction pass removed 1517 entries"
2025-12-01T16:27:25Z svc=search level=INFO msg="cache eviction pass removed 8224 entries"
2025-12-01T16:27:28Z svc=authz level=INFO msg="token refresh completed in 3349ms"
2025-12-01T16:27:42Z svc=search level=INFO msg="compaction finished, 3570 segments merged"
2025-12-01T16:27:45Z svc=search level=INFO msg="healthcheck ok rtt=8517ms"
2025-12-01T16:27:52Z svc=ingest level=INFO msg="compaction finished, 4705 segments merged"
2025-12-01T16:28:03Z svc=ingest level=INFO msg="token refresh completed in 3830ms"
2025-12-01T16:28:08Z svc=scheduler level=INFO msg="healthcheck ok rtt=351ms"
2025-12-01T16:28:15Z svc=scheduler level=INFO msg="batch 5087 committed"
2025-12-01T16:28:19Z svc=scheduler level=INFO msg="batch 1154 committed"
2025-12-01T16:28:34Z svc=scheduler level=INFO msg="batch 2673 committed"
2025-12-01T16:28:46Z svc=billing level=INFO msg="webhook delivery attempt 1845 succeeded"
2025-12-01T16:28:59Z svc=search level=INFO msg="healthcheck ok rtt=1997ms"
2025-12-01T16:29:14Z svc=search level=INFO msg="retry queue depth=98"
2025-12-01T16:29:27Z svc=scheduler level=INFO msg="token refresh completed in 5511ms"
2025-12-01T16:29:43Z svc=billing level=INFO msg="webhook delivery attempt 3795 succeeded"
2025-12-01T16:29:51Z svc=api level=INFO msg="batch 2762 committed"
2025-12-01T16:29:54Z svc=scheduler level=INFO msg="webhook delivery attempt 195 succeeded"
2025-12-01T16:30:01Z svc=billing level=INFO msg="batch 2011 committed"
2025-12-01T16:30:15Z svc=ingest level=INFO msg="token refresh completed in 4467ms"
2025-12-01T16:30:21Z svc=authz level=INFO msg="webhook delivery attempt 6590 succeeded"
2025-12-01T16:30:29Z svc=authz level=INFO msg="healthcheck ok rtt=9359ms"
2025-12-01T16:30:36Z svc=authz level=INFO msg="cache eviction pass removed 9437 entries"
2025-12-01T16:30:49Z svc=search level=INFO msg="cache eviction pass removed 7202 entries"
2025-12-01T16:31:04Z svc=api level=INFO msg="token refresh completed in 9289ms"
2025-12-01T16:31:10Z svc=search level=INFO msg="healthcheck ok rtt=2864ms"
2025-12-01T16:31:21Z svc=scheduler level=INFO msg="compaction finished, 3655 segments merged"
2025-12-01T16:31:27Z svc=ingest level=INFO msg="compaction finished, 103 segments merged"
2025-12-01T16:31:31Z svc=ingest level=INFO msg="retry queue depth=4530"
2025-12-01T16:31:48Z svc=billing level=INFO msg="webhook delivery attempt 1934 succeeded"
2025-12-01T16:31:51Z svc=ingest level=INFO msg="batch 4026 committed"
2025-12-01T16:32:07Z svc=authz level=INFO msg="compaction finished, 5752 segments merged"
2025-12-01T16:32:15Z svc=ingest level=INFO msg="healthcheck ok rtt=6221ms"
2025-12-01T16:32:31Z svc=ingest level=INFO msg="healthcheck ok rtt=7136ms"
2025-12-01T16:32:47Z svc=ingest level=INFO msg="healthcheck ok rtt=4566ms"
2025-12-01T16:32:53Z svc=ingest level=INFO msg="cache eviction pass removed 5199 entries"
2025-12-01T16:33:00Z svc=ingest level=INFO msg="webhook delivery attempt 7956 succeeded"
2025-12-01T16:33:05Z svc=scheduler level=INFO msg="batch 3305 committed"
2025-12-01T16:33:18Z svc=ingest level=INFO msg="healthcheck ok rtt=9322ms"
2025-12-01T16:33:28Z svc=ingest level=INFO msg="cache eviction pass removed 5610 entries"
2025-12-01T16:33:33Z svc=authz level=INFO msg="batch 6807 committed"
2025-12-01T16:33:40Z svc=search level=INFO msg="batch 6095 committed"
2025-12-01T16:33:48Z svc=api level=INFO msg="batch 8094 committed"
2025-12-01T16:33:59Z svc=api level=INFO msg="token refresh completed in 6118ms"
2025-12-01T16:34:02Z svc=api level=INFO msg="healthcheck ok rtt=2348ms"
2025-12-01T16:34:06Z svc=api level=INFO msg="token refresh completed in 4723ms"
2025-12-01T16:34:11Z svc=authz level=INFO msg="healthcheck ok rtt=7993ms"
2025-12-01T16:34:18Z svc=billing level=INFO msg="batch 5856 committed"
2025-12-01T16:34:29Z svc=api level=INFO msg="cache eviction pass removed 8952 entries"
2025-12-01T16:34:37Z svc=ingest level=INFO msg="retry queue depth=8471"
2025-12-01T16:34:48Z svc=search level=INFO msg="compaction finished, 6900 segments merged"
2025-12-01T16:35:03Z svc=authz level=INFO msg="healthcheck ok rtt=3970ms"
2025-12-01T16:35:20Z svc=authz level=INFO msg="cache eviction pass removed 614 entries"
2025-12-01T16:35:33Z svc=authz level=INFO msg="webhook delivery attempt 6480 succeeded"
2025-12-01T16:35:37Z svc=api level=INFO msg="batch 5146 committed"
2025-12-01T16:35:49Z svc=scheduler level=INFO msg="retry queue depth=2316"
2025-12-01T16:35:53Z svc=authz level=INFO msg="healthcheck ok rtt=3760ms"
2025-12-01T16:36:00Z svc=scheduler level=INFO msg="cache eviction pass removed 5450 entries"
2025-12-01T16:36:15Z svc=ingest level=INFO msg="batch 878 committed"
2025-12-01T16:36:28Z svc=scheduler level=INFO msg="healthcheck ok rtt=4668ms"
2025-12-01T16:36:31Z svc=billing level=INFO msg="healthcheck ok rtt=8390ms"
2025-12-01T16:36:41Z svc=ingest level=INFO msg="batch 5525 committed"
2025-12-01T16:36:57Z svc=api level=INFO msg="healthcheck ok rtt=7925ms"
2025-12-01T16:37:07Z svc=api level=INFO msg="compaction finished, 3204 segments merged"
2025-12-01T16:37:18Z svc=billing level=INFO msg="token refresh completed in 8041ms"
2025-12-01T16:37:32Z svc=search level=INFO msg="token refresh completed in 6044ms"
2025-12-01T16:37:44Z svc=scheduler level=INFO msg="cache eviction pass removed 5574 entries"
2025-12-01T16:37:56Z svc=scheduler level=INFO msg="webhook delivery attempt 6189 succeeded"
2025-12-01T16:38:01Z svc=search level=INFO msg="retry queue depth=2179"
2025-12-01T16:38:09Z svc=billing level=INFO msg="batch 3375 committed"
2025-12-01T16:38:14Z svc=ingest level=INFO msg="retry queue depth=2885"
2025-12-01T16:38:17Z svc=scheduler level=INFO msg="retry queue depth=3672"
2025-12-01T16:38:25Z svc=billing level=INFO msg="cache eviction pass removed 7191 entries"
2025-12-01T16:38:31Z svc=authz level=INFO msg="cache eviction pass removed 5277 entries"
2025-12-01T16:38:34Z svc=api level=INFO msg="healthcheck ok rtt=1564ms"
2025-12-01T16:38:49Z svc=scheduler level=INFO msg="healthcheck ok rtt=4653ms"
2025-12-01T16:39:06Z svc=billing level=INFO msg="batch 4305 committed"
2025-12-01T16:39:11Z svc=billing level=INFO msg="batch 3596 committed"
2025-12-01T16:39:26Z svc=authz level=INFO msg="healthcheck ok rtt=6752ms"
2025-12-01T16:39:36Z svc=scheduler level=INFO msg="healthcheck ok rtt=5961ms"
2025-12-01T16:39:42Z svc=ingest level=INFO msg="batch 4911 committed"
2025-12-01T16:39:46Z svc=ingest level=INFO msg="healthcheck ok rtt=1335ms"
2025-12-01T16:40:01Z svc=scheduler level=INFO msg="token refresh completed in 9131ms"
2025-12-01T16:40:04Z svc=ingest level=INFO msg="cache eviction pass removed 4239 entries"
2025-12-01T16:40:10Z svc=search level=INFO msg="webhook delivery attempt 6136 succeeded"
2025-12-01T16:40:27Z svc=authz level=INFO msg="healthcheck ok rtt=1109ms"
2025-12-01T16:40:30Z svc=authz level=INFO msg="compaction finished, 5594 segments merged"
2025-12-01T16:40:46Z svc=scheduler level=INFO msg="healthcheck ok rtt=6035ms"
2025-12-01T16:40:50Z svc=authz level=INFO msg="compaction finished, 898 segments merged"
2025-12-01T16:40:59Z svc=authz level=INFO msg="batch 4276 committed"
2025-12-01T16:41:10Z svc=billing level=INFO msg="webhook delivery attempt 5529 succeeded"
2025-12-01T16:41:16Z svc=search level=INFO msg="healthcheck ok rtt=7569ms"
2025-12-01T16:41:30Z svc=search level=INFO msg="webhook delivery attempt 1254 succeeded"
2025-12-01T16:41:44Z svc=ingest level=INFO msg="token refresh completed in 3857ms"
2025-12-01T16:41:57Z svc=api level=INFO msg="cache eviction pass removed 7858 entries"
2025-12-01T16:42:07Z svc=billing level=INFO msg="cache eviction pass removed 715 entries"
2025-12-01T16:42:13Z svc=scheduler level=INFO msg="batch 6043 committed"
2025-12-01T16:42:25Z svc=billing level=INFO msg="cache eviction pass removed 6010 entries"
2025-12-01T16:42:33Z svc=scheduler level=INFO msg="compaction finished, 7445 segments merged"
2025-12-01T16:42:39Z svc=search level=INFO msg="token refresh completed in 3683ms"
2025-12-01T16:42:45Z svc=search level=INFO msg="healthcheck ok rtt=4613ms"
2025-12-01T16:42:56Z svc=billing level=INFO msg="batch 481 committed"
2025-12-01T16:43:00Z svc=ingest level=INFO msg="healthcheck ok rtt=8681ms"
2025-12-01T16:43:11Z svc=billing level=INFO msg="batch 6816 committed"
2025-12-01T16:43:27Z svc=scheduler level=INFO msg="retry queue depth=8641"
2025-12-01T16:43:38Z svc=ingest level=INFO msg="compaction finished, 3032 segments merged"
2025-12-01T16:43:45Z svc=authz level=INFO msg="token refresh completed in 6871ms"
2025-12-01T16:44:02Z svc=scheduler level=INFO msg="cache eviction pass removed 346 entries"
2025-12-01T16:44:18Z svc=authz level=INFO msg="batch 5855 committed"
2025-12-01T16:44:24Z svc=billing level=INFO msg="cache eviction pass removed 2316 entries"
2025-12-01T16:44:41Z svc=api level=INFO msg="token refresh completed in 796ms"
2025-12-01T16:44:51Z svc=scheduler level=INFO msg="cache eviction pass removed 3324 entries"
2025-12-01T16:44:58Z svc=ingest level=INFO msg="batch 1046 committed"
2025-12-01T16:45:15Z svc=billing level=INFO msg="healthcheck ok rtt=8134ms"
2025-12-01T16:45:30Z svc=api level=INFO msg="compaction finished, 9066 segments merged"
2025-12-01T16:45:36Z svc=ingest level=INFO msg="compaction finished, 4486 segments merged"
2025-12-01T16:45:49Z svc=authz level=INFO msg="healthcheck ok rtt=300ms"
2025-12-01T16:45:56Z svc=search level=INFO msg="token refresh completed in 854ms"
2025-12-01T16:45:59Z svc=ingest level=INFO msg="token refresh completed in 4406ms"
2025-12-01T16:46:02Z svc=billing level=INFO msg="healthcheck ok rtt=8745ms"
2025-12-01T16:46:10Z svc=ingest level=INFO msg="webhook delivery attempt 5608 succeeded"
2025-12-01T16:46:15Z svc=api level=INFO msg="retry queue depth=2718"
2025-12-01T16:46:25Z svc=authz level=INFO msg="compaction finished, 8948 segments merged"
2025-12-01T16:46:35Z svc=scheduler level=INFO msg="compaction finished, 9049 segments merged"
2025-12-01T16:46:51Z svc=authz level=INFO msg="token refresh completed in 7116ms"
2025-12-01T16:47:05Z svc=authz level=INFO msg="webhook delivery attempt 3214 succeeded"
2025-12-01T16:47:19Z svc=scheduler level=INFO msg="retry queue depth=4812"
2025-12-01T16:47:26Z svc=api level=INFO msg="compaction finished, 5419 segments merged"
2025-12-01T16:47:42Z svc=api level=INFO msg="compaction finished, 4612 segments merged"
2025-12-01T16:47:52Z svc=api level=INFO msg="cache eviction pass removed 8321 entries"
2025-12-01T16:48:07Z svc=authz level=INFO msg="healthcheck ok rtt=5754ms"
2025-12-01T16:48:19Z svc=api level=INFO msg="token refresh completed in 4751ms"
2025-12-01T16:48:31Z svc=search level=INFO msg="retry queue depth=698"
2025-12-01T16:48:34Z svc=authz level=INFO msg="retry queue depth=2103"
2025-12-01T16:48:41Z svc=authz level=INFO msg="healthcheck ok rtt=5059ms"
2025-12-01T16:48:49Z svc=ingest level=INFO msg="cache eviction pass removed 8404 entries"
2025-12-01T16:48:52Z svc=ingest level=INFO msg="compaction finished, 8212 segments merged"
2025-12-01T16:48:57Z svc=scheduler level=INFO msg="webhook delivery attempt 2347 succeeded"
2025-12-01T16:49:08Z svc=search level=INFO msg="retry queue depth=1789"
2025-12-01T16:49:23Z svc=search level=INFO msg="healthcheck ok rtt=5534ms"
2025-12-01T16:49:40Z svc=search level=INFO msg="cache eviction pass removed 3223 entries"
2025-12-01T16:49:44Z svc=scheduler level=INFO msg="webhook delivery attempt 3391 succeeded"
2025-12-01T16:49:58Z svc=authz level=INFO msg="cache eviction pass removed 1428 entries"
2025-12-01T16:50:15Z svc=search level=INFO msg="compaction finished, 3641 segments merged"
2025-12-01T16:50:23Z svc=api level=INFO msg="compaction finished, 5479 segments merged"
2025-12-01T16:50:30Z svc=scheduler level=INFO msg="retry queue depth=230"
2025-12-01T16:50:33Z svc=search level=INFO msg="token refresh completed in 2834ms"
2025-12-01T16:50:42Z svc=api level=INFO msg="webhook delivery attempt 1979 succeeded"
2025-12-01T16:50:58Z svc=ingest level=INFO msg="webhook delivery attempt 707 succeeded"
2025-12-01T16:51:05Z svc=scheduler level=INFO msg="webhook delivery attempt 1711 succeeded"
2025-12-01T16:51:20Z svc=api level=INFO msg="cache eviction pass removed 4469 entries"
2025-12-01T16:51:25Z svc=ingest level=INFO msg="retry queue depth=2245"
2025-12-01T16:51:42Z svc=api level=INFO msg="cache eviction pass removed 6515 entries"
2025-12-01T16:51:47Z svc=search level=INFO msg="retry queue depth=8909"
2025-12-01T16:51:56Z svc=ingest level=INFO msg="webhook delivery attempt 3714 succeeded"
2025-12-01T16:52:09Z svc=api level=INFO msg="healthcheck ok rtt=1611ms"
2025-12-01T16:52:12Z svc=scheduler level=INFO msg="retry queue depth=5494"
2025-12-01T16:52:21Z svc=search level=INFO msg="compaction finished, 759 segments merged"
2025-12-01T16:52:24Z svc=authz level=INFO msg="cache eviction pass removed 7681 entries"
2025-12-01T16:52:34Z svc=api level=INFO msg="compaction finished, 1367 segments merged"
2025-12-01T16:52:43Z svc=authz level=INFO msg="retry queue depth=2985"
2025-12-01T16:52:57Z svc=api level=INFO msg="batch 8231 committed"
2025-12-01T16:53:05Z svc=billing level=INFO msg="webhook delivery attempt 2194 succeeded"
2025-12-01T16:53:22Z svc=ingest level=INFO msg="retry queue depth=817"
2025-12-01T16:53:26Z svc=authz level=INFO msg="compaction finished, 32 segments merged"
2025-12-01T16:53:40Z svc=billing level=INFO msg="compaction finished, 524 segments merged"
2025-12-01T16:53:44Z svc=search level=INFO msg="cache eviction pass removed 7457 entries"
2025-12-01T16:53:59Z svc=scheduler level=INFO msg="token refresh completed in 3695ms"
2025-12-01T16:54:09Z svc=ingest level=INFO msg="healthcheck ok rtt=8229ms"
2025-12-01T16:54:20Z svc=scheduler level=INFO msg="batch 1542 committed"
2025-12-01T16:54:26Z svc=search level=INFO msg="cache eviction pass removed 837 entries"
2025-12-01T16:54:34Z svc=authz level=INFO msg="webhook delivery attempt 6390 succeeded"
2025-12-01T16:54:45Z svc=ingest level=INFO msg="webhook delivery attempt 8694 succeeded"
2025-12-01T16:54:59Z svc=api level=INFO msg="webhook delivery attempt 4324 succeeded"
2025-12-01T16:55:12Z svc=api level=INFO msg="cache eviction pass removed 137 entries"
2025-12-01T16:55:20Z svc=ingest level=INFO msg="token refresh completed in 7277ms"
2025-12-01T16:55:37Z svc=api level=INFO msg="retry queue depth=8119"
2025-12-01T16:55:50Z svc=billing level=INFO msg="cache eviction pass removed 7678 entries"
2025-12-01T16:56:05Z svc=authz level=INFO msg="healthcheck ok rtt=4563ms"
2025-12-01T16:56:12Z svc=ingest level=INFO msg="webhook delivery attempt 1279 succeeded"
2025-12-01T16:56:19Z svc=authz level=INFO msg="compaction finished, 8438 segments merged"
2025-12-01T16:56:28Z svc=scheduler level=INFO msg="webhook delivery attempt 1833 succeeded"
2025-12-01T16:56:44Z svc=billing level=INFO msg="healthcheck ok rtt=209ms"
2025-12-01T16:56:54Z svc=search level=INFO msg="cache eviction pass removed 6572 entries"
2025-12-01T16:57:01Z svc=api level=INFO msg="compaction finished, 5104 segments merged"
2025-12-01T16:57:17Z svc=billing level=INFO msg="token refresh completed in 99ms"
2025-12-01T16:57:31Z svc=scheduler level=INFO msg="compaction finished, 828 segments merged"
2025-12-01T16:57:47Z svc=authz level=INFO msg="compaction finished, 8216 segments merged"
2025-12-01T16:58:02Z svc=authz level=INFO msg="webhook delivery attempt 9437 succeeded"
2025-12-01T16:58:17Z svc=ingest level=INFO msg="healthcheck ok rtt=6090ms"
2025-12-01T16:58:27Z svc=authz level=INFO msg="compaction finished, 2819 segments merged"
2025-12-01T16:58:30Z svc=scheduler level=INFO msg="webhook delivery attempt 8460 succeeded"
2025-12-01T16:58:42Z svc=api level=INFO msg="cache eviction pass removed 8800 entries"
2025-12-01T16:58:53Z svc=search level=INFO msg="healthcheck ok rtt=1368ms"
2025-12-01T16:59:00Z svc=billing level=INFO msg="batch 5308 committed"
2025-12-01T16:59:04Z svc=ingest level=INFO msg="retry queue depth=9119"
2025-12-01T16:59:14Z svc=search level=INFO msg="webhook delivery attempt 7261 succeeded"
2025-12-01T16:59:20Z svc=authz level=INFO msg="token refresh completed in 8352ms"
2025-12-01T16:59:28Z svc=billing level=INFO msg="retry queue depth=6883"
2025-12-01T16:59:45Z svc=api level=INFO msg="webhook delivery attempt 2503 succeeded"
2025-12-01T16:59:58Z svc=scheduler level=INFO msg="healthcheck ok rtt=3821ms"
2025-12-01T17:00:14Z svc=authz level=INFO msg="retry queue depth=5406"
2025-12-01T17:00:31Z svc=search level=INFO msg="retry queue depth=4686"
2025-12-01T17:00:47Z svc=ingest level=INFO msg="retry queue depth=6364"
2025-12-01T17:00:56Z svc=api level=INFO msg="healthcheck ok rtt=8682ms"
2025-12-01T17:01:02Z svc=ingest level=INFO msg="batch 9261 committed"
2025-12-01T17:01:16Z svc=authz level=INFO msg="compaction finished, 7371 segments merged"
2025-12-01T17:01:26Z svc=authz level=INFO msg="batch 4808 committed"
2025-12-01T17:01:31Z svc=authz level=INFO msg="webhook delivery attempt 4157 succeeded"
2025-12-01T17:01:36Z svc=authz level=INFO msg="healthcheck ok rtt=3001ms"
2025-12-01T17:01:52Z svc=api level=INFO msg="webhook delivery attempt 3883 succeeded"
2025-12-01T17:01:56Z svc=billing level=INFO msg="batch 120 committed"
2025-12-01T17:02:06Z svc=ingest level=INFO msg="cache eviction pass removed 2633 entries"
2025-12-01T17:02:17Z svc=scheduler level=INFO msg="cache eviction pass removed 9198 entries"
2025-12-01T17:02:22Z svc=ingest level=INFO msg="token refresh completed in 2280ms"
2025-12-01T17:02:27Z svc=search level=INFO msg="token refresh completed in 872ms"
2025-12-01T17:02:33Z svc=scheduler level=INFO msg="retry queue depth=3451"
2025-12-01T17:02:37Z svc=ingest level=INFO msg="cache eviction pass removed 3398 entries"
2025-12-01T17:02:44Z svc=scheduler level=INFO msg="healthcheck ok rtt=9196ms"
2025-12-01T17:02:52Z svc=ingest level=INFO msg="cache eviction pass removed 781 entries"
2025-12-01T17:03:08Z svc=scheduler level=INFO msg="retry queue depth=9258"
2025-12-01T17:03:19Z svc=billing level=INFO msg="webhook delivery attempt 6667 succeeded"
2025-12-01T17:03:28Z svc=scheduler level=INFO msg="cache eviction pass removed 4067 entries"
2025-12-01T17:03:41Z svc=ingest level=INFO msg="healthcheck ok rtt=3228ms"
2025-12-01T17:03:50Z svc=search level=INFO msg="batch 4500 committed"
2025-12-01T17:03:58Z svc=authz level=INFO msg="cache eviction pass removed 1115 entries"
2025-12-01T17:04:09Z svc=api level=INFO msg="cache eviction pass removed 2419 entries"
2025-12-01T17:04:16Z svc=billing level=INFO msg="token refresh completed in 1319ms"
2025-12-01T17:04:29Z svc=billing level=INFO msg="webhook delivery attempt 3393 succeeded"
2025-12-01T17:04:38Z svc=api level=INFO msg="token refresh completed in 4747ms"
2025-12-01T17:04:54Z svc=search level=INFO msg="token refresh completed in 1774ms"
2025-12-01T17:05:00Z svc=authz level=INFO msg="token refresh completed in 1701ms"
2025-12-01T17:05:04Z svc=search level=INFO msg="compaction finished, 9172 segments merged"
2025-12-01T17:05:13Z svc=billing level=INFO msg="healthcheck ok rtt=842ms"
2025-12-01T17:05:29Z svc=api level=INFO msg="webhook delivery attempt 4920 succeeded"
2025-12-01T17:05:40Z svc=search level=INFO msg="token refresh completed in 1980ms"
2025-12-01T17:05:43Z svc=api level=INFO msg="batch 1403 committed"
2025-12-01T17:05:46Z svc=search level=INFO msg="token refresh completed in 3416ms"
2025-12-01T17:05:56Z svc=search level=INFO msg="cache eviction pass removed 1757 entries"
2025-12-01T17:06:06Z svc=ingest level=INFO msg="batch 2980 committed"
2025-12-01T17:06:13Z svc=search level=INFO msg="cache eviction pass removed 5145 entries"
2025-12-01T17:06:19Z svc=billing level=INFO msg="compaction finished, 3209 segments merged"
2025-12-01T17:06:35Z svc=billing level=INFO msg="token refresh completed in 5756ms"
2025-12-01T17:06:40Z svc=authz level=INFO msg="token refresh completed in 8959ms"
2025-12-01T17:06:43Z svc=search level=INFO msg="webhook delivery attempt 5686 succeeded"
2025-12-01T17:06:53Z svc=ingest level=INFO msg="webhook delivery attempt 1714 succeeded"
2025-12-01T17:07:03Z svc=ingest level=INFO msg="compaction finished, 8947 segments merged"
2025-12-01T17:07:09Z svc=search level=INFO msg="batch 7064 committed"
2025-12-01T17:07:13Z svc=ingest level=INFO msg="token refresh completed in 9235ms"
2025-12-01T17:07:25Z svc=api level=INFO msg="webhook delivery attempt 1644 succeeded"
2025-12-01T17:07:33Z svc=authz level=INFO msg="token refresh completed in 3183ms"
2025-12-01T17:07:44Z svc=authz level=INFO msg="token refresh completed in 5697ms"
2025-12-01T17:07:54Z svc=authz level=INFO msg="retry queue depth=8790"
2025-12-01T17:08:03Z svc=api level=INFO msg="retry queue depth=7186"
2025-12-01T17:08:11Z svc=search level=INFO msg="healthcheck ok rtt=3189ms"
2025-12-01T17:08:18Z svc=authz level=INFO msg="batch 1117 committed"
2025-12-01T17:08:23Z svc=scheduler level=INFO msg="batch 1545 committed"
2025-12-01T17:08:37Z svc=search level=INFO msg="healthcheck ok rtt=4307ms"
2025-12-01T17:08:43Z svc=search level=INFO msg="webhook delivery attempt 3415 succeeded"
2025-12-01T17:08:52Z svc=scheduler level=INFO msg="retry queue depth=8912"
2025-12-01T17:09:09Z svc=scheduler level=INFO msg="webhook delivery attempt 4619 succeeded"
2025-12-01T17:09:21Z svc=search level=INFO msg="healthcheck ok rtt=4624ms"
2025-12-01T17:09:27Z svc=api level=INFO msg="cache eviction pass removed 4358 entries"
2025-12-01T17:09:41Z svc=authz level=INFO msg="compaction finished, 1371 segments merged"
2025-12-01T17:09:55Z svc=scheduler level=INFO msg="retry queue depth=5815"
2025-12-01T17:10:09Z svc=scheduler level=INFO msg="retry queue depth=7747"
2025-12-01T17:10:12Z svc=billing level=INFO msg="compaction finished, 5105 segments merged"
2025-12-01T17:10:21Z svc=api level=INFO msg="batch 6644 committed"
2025-12-01T17:10:27Z svc=billing level=INFO msg="batch 9000 committed"
2025-12-01T17:10:37Z svc=api level=INFO msg="healthcheck ok rtt=7711ms"
2025-12-01T17:10:52Z svc=search level=INFO msg="compaction finished, 1623 segments merged"
2025-12-01T17:10:56Z svc=search level=INFO msg="retry queue depth=1552"
2025-12-01T17:11:01Z svc=ingest level=INFO msg="webhook delivery attempt 4436 succeeded"
2025-12-01T17:11:17Z svc=search level=INFO msg="retry queue depth=8044"
2025-12-01T17:11:28Z svc=scheduler level=INFO msg="compaction finished, 1768 segments merged"
2025-12-01T17:11:31Z svc=api level=INFO msg="compaction finished, 6238 segments merged"
2025-12-01T17:11:40Z svc=api level=INFO msg="token refresh completed in 4906ms"
2025-12-01T17:11:55Z svc=scheduler level=INFO msg="healthcheck ok rtt=1100ms"
2025-12-01T17:12:03Z svc=ingest level=INFO msg="webhook delivery attempt 5944 succeeded"
2025-12-01T17:12:06Z svc=ingest level=INFO msg="compaction finished, 6181 segments merged"
2025-12-01T17:12:15Z svc=authz level=INFO msg="healthcheck ok rtt=7559ms"
2025-12-01T17:12:29Z svc=authz level=INFO msg="token refresh completed in 987ms"
2025-12-01T17:12:39Z svc=billing level=INFO msg="batch 1785 committed"
2025-12-01T17:12:48Z svc=search level=INFO msg="cache eviction pass removed 194 entries"
2025-12-01T17:13:05Z svc=authz level=INFO msg="webhook delivery attempt 272 succeeded"
2025-12-01T17:13:09Z svc=api level=INFO msg="healthcheck ok rtt=4455ms"
2025-12-01T17:13:19Z svc=api level=INFO msg="batch 1077 committed"
2025-12-01T17:13:32Z svc=billing level=INFO msg="webhook delivery attempt 8589 succeeded"
2025-12-01T17:13:38Z svc=search level=INFO msg="retry queue depth=315"
2025-12-01T17:13:45Z svc=billing level=INFO msg="healthcheck ok rtt=8056ms"
2025-12-01T17:14:01Z svc=billing level=INFO msg="compaction finished, 6514 segments merged"
2025-12-01T17:14:16Z svc=billing level=INFO msg="batch 1679 committed"
2025-12-01T17:14:31Z svc=scheduler level=INFO msg="token refresh completed in 4767ms"
2025-12-01T17:14:43Z svc=authz level=INFO msg="cache eviction pass removed 465 entries"
2025-12-01T17:14:50Z svc=scheduler level=INFO msg="batch 4691 committed"
2025-12-01T17:15:00Z svc=billing level=INFO msg="compaction finished, 3134 segments merged"
2025-12-01T17:15:11Z svc=authz level=INFO msg="token refresh completed in 4226ms"
2025-12-01T17:15:26Z svc=api level=INFO msg="webhook delivery attempt 1142 succeeded"
2025-12-01T17:15:33Z svc=ingest level=INFO msg="cache eviction pass removed 3876 entries"
2025-12-01T17:15:48Z svc=search level=INFO msg="webhook delivery attempt 1728 succeeded"
2025-12-01T17:15:59Z svc=billing level=INFO msg="compaction finished, 8982 segments merged"
2025-12-01T17:16:06Z svc=api level=INFO msg="batch 1257 committed"
2025-12-01T17:16:09Z svc=authz level=INFO msg="compaction finished, 942 segments merged"
2025-12-01T17:16:22Z svc=api level=INFO msg="retry queue depth=3637"
2025-12-01T17:16:39Z svc=scheduler level=INFO msg="healthcheck ok rtt=6355ms"
2025-12-01T17:16:44Z svc=search level=INFO msg="webhook delivery attempt 6285 succeeded"
2025-12-01T17:16:51Z svc=ingest level=INFO msg="compaction finished, 7196 segments merged"
2025-12-01T17:16:58Z svc=api level=INFO msg="retry queue depth=7298"
2025-12-01T17:17:03Z svc=search level=INFO msg="compaction finished, 2961 segments merged"
2025-12-01T17:17:11Z svc=ingest level=INFO msg="token refresh completed in 6691ms"
2025-12-01T17:17:28Z svc=api level=INFO msg="batch 2847 committed"
2025-12-01T17:17:33Z svc=billing level=INFO msg="batch 7126 committed"
2025-12-01T17:17:49Z svc=ingest level=INFO msg="batch 8805 committed"
2025-12-01T17:17:57Z svc=scheduler level=INFO msg="retry queue depth=9479"
2025-12-01T17:18:08Z svc=scheduler level=INFO msg="batch 5882 committed"
2025-12-01T17:18:21Z svc=ingest level=INFO msg="cache eviction pass removed 1228 entries"
2025-12-01T17:18:30Z svc=authz level=INFO msg="healthcheck ok rtt=5205ms"
2025-12-01T17:18:41Z svc=authz level=INFO msg="batch 3886 committed"
2025-12-01T17:18:50Z svc=billing level=INFO msg="webhook delivery attempt 1815 succeeded"
2025-12-01T17:19:07Z svc=ingest level=INFO msg="compaction finished, 9381 segments merged"
2025-12-01T17:19:24Z svc=scheduler level=INFO msg="compaction finished, 1520 segments merged"
2025-12-01T17:19:31Z svc=api level=INFO msg="batch 7556 committed"
2025-12-01T17:19:39Z svc=scheduler level=INFO msg="webhook delivery attempt 1351 succeeded"
2025-12-01T17:19:52Z svc=api level=INFO msg="webhook delivery attempt 3327 succeeded"
2025-12-01T17:20:03Z svc=ingest level=INFO msg="token refresh completed in 5635ms"
2025-12-01T17:20:07Z svc=authz level=INFO msg="compaction finished, 5200 segments merged"
2025-12-01T17:20:18Z svc=ingest level=INFO msg="retry queue depth=3778"
2025-12-01T17:20:21Z svc=api level=INFO msg="token refresh completed in 5210ms"
2025-12-01T17:20:30Z svc=ingest level=INFO msg="cache eviction pass removed 470 entries"
2025-12-01T17:20:33Z svc=ingest level=INFO msg="webhook delivery attempt 5502 succeeded"
2025-12-01T17:20:37Z svc=ingest level=INFO msg="healthcheck ok rtt=7927ms"
2025-12-01T17:20:45Z svc=ingest level=INFO msg="batch 432 committed"
2025-12-01T17:21:00Z svc=billing level=INFO msg="batch 6321 committed"
2025-12-01T17:21:03Z svc=ingest level=INFO msg="batch 6169 committed"
2025-12-01T17:21:11Z svc=scheduler level=INFO msg="batch 7270 committed"
2025-12-01T17:21:17Z svc=scheduler level=INFO msg="cache eviction pass removed 2876 entries"
2025-12-01T17:21:32Z svc=billing level=INFO msg="cache eviction pass removed 5089 entries"
2025-12-01T17:21:42Z svc=ingest level=INFO msg="compaction finished, 4688 segments merged"
2025-12-01T17:21:53Z svc=authz level=INFO msg="retry queue depth=1267"
2025-12-01T17:22:10Z svc=scheduler level=INFO msg="healthcheck ok rtt=2996ms"
2025-12-01T17:22:14Z svc=billing level=INFO msg="batch 5736 committed"
2025-12-01T17:22:17Z svc=scheduler level=INFO msg="batch 2678 committed"
2025-12-01T17:22:31Z svc=authz level=INFO msg="webhook delivery attempt 7532 succeeded"
2025-12-01T17:22:46Z svc=api level=INFO msg="cache eviction pass removed 3348 entries"
2025-12-01T17:23:02Z svc=billing level=INFO msg="webhook delivery attempt 8151 succeeded"
2025-12-01T17:23:06Z svc=billing level=INFO msg="compaction finished, 1072 segments merged"
2025-12-01T17:23:15Z svc=api level=INFO msg="batch 6032 committed"
2025-12-01T17:23:19Z svc=api level=INFO msg="token refresh completed in 9389ms"
2025-12-01T17:23:36Z svc=billing level=INFO msg="webhook delivery attempt 5901 succeeded"
2025-12-01T17:23:52Z svc=billing level=INFO msg="retry queue depth=2123"
2025-12-01T17:23:56Z svc=scheduler level=INFO msg="retry queue depth=468"
2025-12-01T17:24:05Z svc=search level=INFO msg="compaction finished, 9246 segments merged"
2025-12-01T17:24:17Z svc=authz level=INFO msg="webhook delivery attempt 2663 succeeded"
2025-12-01T17:24:20Z svc=scheduler level=INFO msg="token refresh completed in 1326ms"
2025-12-01T17:24:26Z svc=ingest level=INFO msg="cache eviction pass removed 3063 entries"
2025-12-01T17:24:36Z svc=ingest level=INFO msg="webhook delivery attempt 7141 succeeded"
2025-12-01T17:24:39Z svc=scheduler level=INFO msg="webhook delivery attempt 57 succeeded"
2025-12-01T17:24:54Z svc=ingest level=INFO msg="cache eviction pass removed 7325 entries"
2025-12-01T17:24:57Z svc=billing level=INFO msg="token refresh completed in 3636ms"
2025-12-01T17:25:05Z svc=scheduler level=INFO msg="token refresh completed in 2589ms"
2025-12-01T17:25:20Z svc=scheduler level=INFO msg="retry queue depth=6951"
2025-12-01T17:25:36Z svc=ingest level=INFO msg="healthcheck ok rtt=7306ms"
2025-12-01T17:25:51Z svc=ingest level=INFO msg="compaction finished, 2073 segments merged"
2025-12-01T17:26:01Z svc=authz level=INFO msg="retry queue depth=5162"
2025-12-01T17:26:14Z svc=api level=INFO msg="webhook delivery attempt 7555 succeeded"
2025-12-01T17:26:26Z svc=authz level=INFO msg="token refresh completed in 9149ms"
2025-12-01T17:26:35Z svc=ingest level=INFO msg="token refresh completed in 5433ms"
2025-12-01T17:26:41Z svc=authz level=INFO msg="retry queue depth=9479"
2025-12-01T17:26:55Z svc=authz level=INFO msg="retry queue depth=934"
2025-12-01T17:27:11Z svc=authz level=INFO msg="cache eviction pass removed 3414 entries"
2025-12-01T17:27:23Z svc=billing level=INFO msg="webhook delivery attempt 3157 succeeded"
2025-12-01T17:27:34Z svc=authz level=INFO msg="token refresh completed in 4376ms"
2025-12-01T17:27:47Z svc=billing level=INFO msg="retry queue depth=6975"
2025-12-01T17:27:56Z svc=authz level=INFO msg="cache eviction pass removed 4196 entries"
2025-12-01T17:28:13Z svc=billing level=INFO msg="batch 2930 committed"
2025-12-01T17:28:27Z svc=search level=INFO msg="healthcheck ok rtt=9092ms"
2025-12-01T17:28:43Z svc=search level=INFO msg="retry queue depth=2079"
2025-12-01T17:28:48Z svc=billing level=INFO msg="token refresh completed in 5194ms"
2025-12-01T17:28:52Z svc=ingest level=INFO msg="compaction finished, 8123 segments merged"
2025-12-01T17:28:58Z svc=billing level=INFO msg="token refresh completed in 7067ms"
2025-12-01T17:29:12Z svc=ingest level=INFO msg="cache eviction pass removed 4168 entries"
2025-12-01T17:29:19Z svc=billing level=INFO msg="compaction finished, 3824 segments merged"
2025-12-01T17:29:30Z svc=ingest level=INFO msg="retry queue depth=1998"
2025-12-01T17:29:46Z svc=search level=INFO msg="retry queue depth=8528"
2025-12-01T17:30:00Z svc=authz level=INFO msg="retry queue depth=3951"
2025-12-01T17:30:15Z svc=ingest level=INFO msg="retry queue depth=8997"
2025-12-01T17:30:25Z svc=scheduler level=INFO msg="cache eviction pass removed 7653 entries"
2025-12-01T17:30:34Z svc=api level=INFO msg="batch 4210 committed"
2025-12-01T17:30:39Z svc=authz level=INFO msg="token refresh completed in 3242ms"
2025-12-01T17:30:46Z svc=billing level=INFO msg="webhook delivery attempt 6499 succeeded"
2025-12-01T17:31:03Z svc=billing level=INFO msg="webhook delivery attempt 3965 succeeded"
2025-12-01T17:31:06Z svc=api level=INFO msg="cache eviction pass removed 1497 entries"
2025-12-01T17:31:12Z svc=scheduler level=INFO msg="webhook delivery attempt 6674 succeeded"
2025-12-01T17:31:26Z svc=search level=INFO msg="token refresh completed in 5065ms"
2025-12-01T17:31:30Z svc=scheduler level=INFO msg="token refresh completed in 2772ms"
2025-12-01T17:31:44Z svc=ingest level=INFO msg="batch 9190 committed"
2025-12-01T17:31:55Z svc=search level=INFO msg="cache eviction pass removed 2630 entries"
2025-12-01T17:32:12Z svc=scheduler level=INFO msg="compaction finished, 8711 segments merged"
2025-12-01T17:32:19Z svc=search level=INFO msg="compaction finished, 5266 segments merged"
2025-12-01T17:32:29Z svc=search level=INFO msg="healthcheck ok rtt=1346ms"
2025-12-01T17:32:37Z svc=ingest level=INFO msg="healthcheck ok rtt=5032ms"
2025-12-01T17:32:47Z svc=billing level=INFO msg="healthcheck ok rtt=9472ms"
2025-12-01T17:32:56Z svc=api level=INFO msg="batch 6877 committed"
2025-12-01T17:33:08Z svc=ingest level=INFO msg="token refresh completed in 9476ms"
2025-12-01T17:33:21Z svc=api level=INFO msg="batch 6392 committed"
2025-12-01T17:33:35Z svc=billing level=INFO msg="token refresh completed in 8448ms"
2025-12-01T17:33:48Z svc=search level=INFO msg="cache eviction pass removed 6271 entries"
2025-12-01T17:33:54Z svc=billing level=INFO msg="compaction finished, 2477 segments merged"
2025-12-01T17:34:08Z svc=billing level=INFO msg="webhook delivery attempt 4524 succeeded"
2025-12-01T17:34:16Z svc=authz level=INFO msg="healthcheck ok rtt=6120ms"
2025-12-01T17:34:31Z svc=scheduler level=INFO msg="webhook delivery attempt 1023 succeeded"
2025-12-01T17:34:47Z svc=ingest level=INFO msg="compaction finished, 1937 segments merged"
2025-12-01T17:34:51Z svc=api level=INFO msg="healthcheck ok rtt=4504ms"
2025-12-01T17:35:02Z svc=search level=INFO msg="compaction finished, 125 segments merged"
2025-12-01T17:35:09Z svc=search level=INFO msg="cache eviction pass removed 6099 entries"
2025-12-01T17:35:23Z svc=search level=INFO msg="webhook delivery attempt 5708 succeeded"
2025-12-01T17:35:35Z svc=authz level=INFO msg="token refresh completed in 971ms"
2025-12-01T17:35:47Z svc=billing level=INFO msg="webhook delivery attempt 701 succeeded"
2025-12-01T17:35:59Z svc=scheduler level=INFO msg="webhook delivery attempt 795 succeeded"
2025-12-01T17:36:02Z svc=authz level=INFO msg="token refresh completed in 8296ms"
2025-12-01T17:36:17Z svc=billing level=INFO msg="webhook delivery attempt 7047 succeeded"
2025-12-01T17:36:20Z svc=billing level=INFO msg="compaction finished, 7565 segments merged"
2025-12-01T17:36:28Z svc=api level=INFO msg="batch 9131 committed"
2025-12-01T17:36:35Z svc=scheduler level=INFO msg="batch 6044 committed"
2025-12-01T17:36:45Z svc=scheduler level=INFO msg="healthcheck ok rtt=5038ms"
2025-12-01T17:37:00Z svc=scheduler level=INFO msg="batch 4189 committed"
2025-12-01T17:37:10Z svc=authz level=INFO msg="webhook delivery attempt 6842 succeeded"
2025-12-01T17:37:13Z svc=authz level=INFO msg="batch 3724 committed"
2025-12-01T17:37:20Z svc=billing level=INFO msg="webhook delivery attempt 3940 succeeded"
2025-12-01T17:37:32Z svc=scheduler level=INFO msg="cache eviction pass removed 6196 entries"
2025-12-01T17:37:48Z svc=authz level=INFO msg="batch 1329 committed"
2025-12-01T17:37:57Z svc=search level=INFO msg="compaction finished, 2419 segments merged"
2025-12-01T17:38:04Z svc=authz level=INFO msg="batch 3159 committed"
2025-12-01T17:38:11Z svc=billing level=INFO msg="retry queue depth=6582"
2025-12-01T17:38:17Z svc=billing level=INFO msg="compaction finished, 6941 segments merged"
2025-12-01T17:38:21Z svc=billing level=INFO msg="token refresh completed in 4498ms"
2025-12-01T17:38:38Z svc=authz level=INFO msg="webhook delivery attempt 3924 succeeded"
2025-12-01T17:38:44Z svc=search level=INFO msg="retry queue depth=4761"
2025-12-01T17:39:00Z svc=ingest level=INFO msg="webhook delivery attempt 5915 succeeded"
2025-12-01T17:39:17Z svc=search level=INFO msg="retry queue depth=5625"
2025-12-01T17:39:32Z svc=ingest level=INFO msg="token refresh completed in 8391ms"
2025-12-01T17:39:49Z svc=billing level=INFO msg="healthcheck ok rtt=6158ms"
2025-12-01T17:39:56Z svc=scheduler level=INFO msg="batch 1391 committed"
2025-12-01T17:40:06Z svc=authz level=INFO msg="retry queue depth=298"
2025-12-01T17:40:19Z svc=authz level=INFO msg="cache eviction pass removed 7273 entries"
2025-12-01T17:40:32Z svc=api level=INFO msg="batch 7788 committed"
2025-12-01T17:40:41Z svc=api level=INFO msg="token refresh completed in 8968ms"
2025-12-01T17:40:57Z svc=authz level=INFO msg="token refresh completed in 7913ms"
2025-12-01T17:41:08Z svc=ingest level=INFO msg="batch 6504 committed"
2025-12-01T17:41:21Z svc=authz level=INFO msg="healthcheck ok rtt=2968ms"
2025-12-01T17:41:36Z svc=search level=INFO msg="webhook delivery attempt 6511 succeeded"
2025-12-01T17:41:41Z svc=ingest level=INFO msg="healthcheck ok rtt=5989ms"
2025-12-01T17:41:58Z svc=scheduler level=INFO msg="webhook delivery attempt 7414 succeeded"
2025-12-01T17:42:13Z svc=search level=INFO msg="healthcheck ok rtt=3888ms"
2025-12-01T17:42:27Z svc=authz level=INFO msg="cache eviction pass removed 6782 entries"
2025-12-01T17:42:34Z svc=scheduler level=INFO msg="compaction finished, 6620 segments merged"
2025-12-01T17:42:51Z svc=search level=INFO msg="healthcheck ok rtt=2598ms"
2025-12-01T17:43:00Z svc=search level=INFO msg="webhook delivery attempt 8903 succeeded"
2025-12-01T17:43:07Z svc=billing level=INFO msg="batch 2607 committed"
2025-12-01T17:43:12Z svc=api level=INFO msg="retry queue depth=1567"
2025-12-01T17:43:16Z svc=search level=INFO msg="batch 4199 committed"
2025-12-01T17:43:32Z svc=scheduler level=INFO msg="retry queue depth=7335"
2025-12-01T17:43:43Z svc=billing level=INFO msg="compaction finished, 9495 segments merged"
2025-12-01T17:43:50Z svc=api level=INFO msg="token refresh completed in 646ms"
2025-12-01T17:44:01Z svc=ingest level=INFO msg="cache eviction pass removed 1264 entries"
2025-12-01T17:44:17Z svc=ingest level=INFO msg="retry queue depth=3472"
2025-12-01T17:44:29Z svc=ingest level=INFO msg="batch 3175 committed"
2025-12-01T17:44:32Z svc=billing level=INFO msg="token refresh completed in 7968ms"
2025-12-01T17:44:41Z svc=scheduler level=INFO msg="compaction finished, 2319 segments merged"
2025-12-01T17:44:52Z svc=authz level=INFO msg="retry queue depth=487"
2025-12-01T17:45:03Z svc=scheduler level=INFO msg="token refresh completed in 3140ms"
2025-12-01T17:45:13Z svc=api level=INFO msg="webhook delivery attempt 5279 succeeded"
2025-12-01T17:45:30Z svc=ingest level=INFO msg="cache eviction pass removed 8757 entries"
2025-12-01T17:45:33Z svc=billing level=INFO msg="healthcheck ok rtt=2213ms"
2025-12-01T17:45:41Z svc=api level=INFO msg="cache eviction pass removed 2180 entries"
2025-12-01T17:45:58Z svc=authz level=INFO msg="cache eviction pass removed 3369 entries"
2025-12-01T17:46:11Z svc=search level=INFO msg="healthcheck ok rtt=148ms"
2025-12-01T17:46:24Z svc=api level=INFO msg="webhook delivery attempt 7880 succeeded"
2025-12-01T17:46:38Z svc=scheduler level=INFO msg="compaction finished, 3321 segments merged"
2025-12-01T17:46:50Z svc=api level=INFO msg="webhook delivery attempt 2729 succeeded"
2025-12-01T17:47:03Z svc=search level=INFO msg="retry queue depth=2563"
2025-12-01T17:47:15Z svc=scheduler level=INFO msg="token refresh completed in 2499ms"
2025-12-01T17:47:24Z svc=billing level=INFO msg="webhook delivery attempt 6421 succeeded"
2025-12-01T17:47:30Z svc=authz level=INFO msg="healthcheck ok rtt=5138ms"
2025-12-01T17:47:46Z svc=api level=INFO msg="cache eviction pass removed 4499 entries"
2025-12-01T17:48:02Z svc=ingest level=INFO msg="retry queue depth=8008"
2025-12-01T17:48:10Z svc=billing level=INFO msg="cache eviction pass removed 4850 entries"
2025-12-01T17:48:16Z svc=scheduler level=INFO msg="compaction finished, 3791 segments merged"
2025-12-01T17:48:25Z svc=billing level=INFO msg="batch 6215 committed"
2025-12-01T17:48:34Z svc=scheduler level=INFO msg="webhook delivery attempt 8730 succeeded"
2025-12-01T17:48:37Z svc=api level=INFO msg="webhook delivery attempt 1036 succeeded"
2025-12-01T17:48:50Z svc=search level=INFO msg="token refresh completed in 4168ms"
2025-12-01T17:48:59Z svc=api level=INFO msg="cache eviction pass removed 3141 entries"
2025-12-01T17:49:08Z svc=api level=INFO msg="retry queue depth=3244"
2025-12-01T17:49:16Z svc=billing level=INFO msg="retry queue depth=9002"
2025-12-01T17:49:28Z svc=authz level=INFO msg="compaction finished, 6177 segments merged"
2025-12-01T17:49:32Z svc=api level=INFO msg="cache eviction pass removed 1838 entries"
2025-12-01T17:49:38Z svc=ingest level=INFO msg="batch 7072 committed"
2025-12-01T17:49:45Z svc=scheduler level=INFO msg="compaction finished, 1758 segments merged"
2025-12-01T17:49:54Z svc=authz level=INFO msg="token refresh completed in 4954ms"
2025-12-01T17:50:08Z svc=authz level=INFO msg="token refresh completed in 4375ms"
2025-12-01T17:50:14Z svc=ingest level=INFO msg="cache eviction pass removed 8913 entries"
2025-12-01T17:50:22Z svc=ingest level=INFO msg="cache eviction pass removed 1063 entries"
2025-12-01T17:50:34Z svc=scheduler level=INFO msg="token refresh completed in 5893ms"
2025-12-01T17:50:44Z svc=scheduler level=INFO msg="retry queue depth=5415"
2025-12-01T17:50:48Z svc=scheduler level=INFO msg="healthcheck ok rtt=125ms"
2025-12-01T17:50:52Z svc=authz level=INFO msg="healthcheck ok rtt=6007ms"
2025-12-01T17:51:05Z svc=scheduler level=INFO msg="healthcheck ok rtt=8192ms"
2025-12-01T17:51:08Z svc=billing level=INFO msg="healthcheck ok rtt=5729ms"
2025-12-01T17:51:18Z svc=authz level=INFO msg="token refresh completed in 7870ms"
2025-12-01T17:51:27Z svc=authz level=INFO msg="healthcheck ok rtt=9188ms"
2025-12-01T17:51:40Z svc=api level=INFO msg="cache eviction pass removed 7522 entries"
2025-12-01T17:51:57Z svc=api level=INFO msg="webhook delivery attempt 2772 succeeded"
2025-12-01T17:52:14Z svc=search level=INFO msg="healthcheck ok rtt=2459ms"
2025-12-01T17:52:31Z svc=scheduler level=INFO msg="batch 7682 committed"
2025-12-01T17:52:45Z svc=ingest level=INFO msg="webhook delivery attempt 4980 succeeded"
2025-12-01T17:52:56Z svc=api level=INFO msg="token refresh completed in 9108ms"
2025-12-01T17:53:05Z svc=billing level=INFO msg="retry queue depth=3258"
2025-12-01T17:53:10Z svc=authz level=INFO msg="retry queue depth=9223"
2025-12-01T17:53:15Z svc=api level=INFO msg="compaction finished, 2945 segments merged"
2025-12-01T17:53:19Z svc=search level=INFO msg="retry queue depth=698"
2025-12-01T17:53:29Z svc=scheduler level=INFO msg="token refresh completed in 5671ms"
2025-12-01T17:53:34Z svc=ingest level=INFO msg="cache eviction pass removed 3861 entries"
2025-12-01T17:53:43Z svc=search level=INFO msg="healthcheck ok rtt=1228ms"
2025-12-01T17:53:56Z svc=authz level=INFO msg="token refresh completed in 7763ms"
2025-12-01T17:54:02Z svc=billing level=INFO msg="webhook delivery attempt 5380 succeeded"
2025-12-01T17:54:05Z svc=scheduler level=INFO msg="compaction finished, 7659 segments merged"
2025-12-01T17:54:15Z svc=api level=INFO msg="token refresh completed in 4562ms"
2025-12-01T17:54:21Z svc=api level=INFO msg="token refresh completed in 3712ms"
2025-12-01T17:54:25Z svc=billing level=INFO msg="webhook delivery attempt 4487 succeeded"
2025-12-01T17:54:29Z svc=billing level=INFO msg="healthcheck ok rtt=4843ms"
2025-12-01T17:54:44Z svc=api level=INFO msg="token refresh completed in 8644ms"
2025-12-01T17:54:52Z svc=authz level=INFO msg="retry queue depth=2219"
2025-12-01T17:55:07Z svc=billing level=INFO msg="token refresh completed in 8987ms"
2025-12-01T17:55:16Z svc=scheduler level=INFO msg="batch 8464 committed"
2025-12-01T17:55:20Z svc=api level=INFO msg="healthcheck ok rtt=3057ms"
2025-12-01T17:55:26Z svc=billing level=INFO msg="compaction finished, 2020 segments merged"
2025-12-01T17:55:32Z svc=api level=INFO msg="retry queue depth=1341"
2025-12-01T17:55:42Z svc=authz level=INFO msg="retry queue depth=6338"
2025-12-01T17:55:52Z svc=search level=INFO msg="compaction finished, 6036 segments merged"
2025-12-01T17:56:01Z svc=billing level=INFO msg="retry queue depth=4717"
2025-12-01T17:56:14Z svc=search level=INFO msg="webhook delivery attempt 4250 succeeded"
2025-12-01T17:56:20Z svc=scheduler level=INFO msg="healthcheck ok rtt=4946ms"
2025-12-01T17:56:27Z svc=ingest level=INFO msg="cache eviction pass removed 4940 entries"
2025-12-01T17:56:39Z svc=api level=INFO msg="healthcheck ok rtt=1074ms"
2025-12-01T17:56:55Z svc=scheduler level=INFO msg="cache eviction pass removed 3254 entries"
2025-12-01T17:56:58Z svc=scheduler level=INFO msg="token refresh completed in 2479ms"
2025-12-01T17:57:12Z svc=scheduler level=INFO msg="token refresh completed in 1091ms"
2025-12-01T17:57:27Z svc=search level=INFO msg="retry queue depth=7771"
2025-12-01T17:57:39Z svc=billing level=INFO msg="compaction finished, 4114 segments merged"
2025-12-01T17:57:55Z svc=scheduler level=INFO msg="compaction finished, 9246 segments merged"
2025-12-01T17:58:06Z svc=authz level=INFO msg="retry queue depth=7750"
2025-12-01T17:58:09Z svc=ingest level=INFO msg="webhook delivery attempt 5333 succeeded"
2025-12-01T17:58:21Z svc=api level=INFO msg="cache eviction pass removed 5074 entries"
2025-12-01T17:58:34Z svc=billing level=INFO msg="healthcheck ok rtt=2295ms"
2025-12-01T17:58:49Z svc=authz level=INFO msg="healthcheck ok rtt=5714ms"
2025-12-01T17:58:57Z svc=scheduler level=INFO msg="cache eviction pass removed 7246 entries"
2025-12-01T17:59:13Z svc=search level=INFO msg="compaction finished, 8718 segments merged"
2025-12-01T17:59:22Z svc=ingest level=INFO msg="healthcheck ok rtt=2041ms"
2025-12-01T17:59:28Z svc=authz level=INFO msg="cache eviction pass removed 6610 entries"
2025-12-01T17:59:41Z svc=ingest level=INFO msg="healthcheck ok rtt=2054ms"
2025-12-01T17:59:46Z svc=search level=INFO msg="healthcheck ok rtt=5136ms"
2025-12-01T17:59:58Z svc=billing level=INFO msg="batch 5333 committed"
2025-12-01T18:00:15Z svc=authz level=INFO msg="cache eviction pass removed 7794 entries"
2025-12-01T18:00:27Z svc=api level=INFO msg="healthcheck ok rtt=7130ms"
2025-12-01T18:00:44Z svc=ingest level=INFO msg="batch 8141 committed"
2025-12-01T18:00:55Z svc=billing level=INFO msg="compaction finished, 4745 segments merged"
2025-12-01T18:00:58Z svc=scheduler level=INFO msg="cache eviction pass removed 8286 entries"
2025-12-01T18:01:11Z svc=billing level=INFO msg="token refresh completed in 5689ms"
2025-12-01T18:01:15Z svc=authz level=INFO msg="compaction finished, 4597 segments merged"
2025-12-01T18:01:32Z svc=billing level=INFO msg="token refresh completed in 8456ms"
2025-12-01T18:01:39Z svc=authz level=INFO msg="batch 4644 committed"
2025-12-01T18:01:44Z svc=authz level=INFO msg="batch 1630 committed"
2025-12-01T18:02:01Z svc=ingest level=INFO msg="healthcheck ok rtt=9188ms"
2025-12-01T18:02:07Z svc=api level=INFO msg="retry queue depth=3996"
2025-12-01T18:02:13Z svc=scheduler level=INFO msg="healthcheck ok rtt=8605ms"
2025-12-01T18:02:19Z svc=ingest level=INFO msg="token refresh completed in 1266ms"
2025-12-01T18:02:28Z svc=search level=INFO msg="retry queue depth=6852"
2025-12-01T18:02:31Z svc=ingest level=INFO msg="token refresh completed in 6259ms"
2025-12-01T18:02:43Z svc=search level=INFO msg="batch 775 committed"
2025-12-01T18:02:49Z svc=ingest level=INFO msg="batch 1007 committed"
2025-12-01T18:03:03Z svc=billing level=INFO msg="healthcheck ok rtt=7791ms"
2025-12-01T18:03:17Z svc=api level=INFO msg="compaction finished, 7059 segments merged"
2025-12-01T18:03:22Z svc=scheduler level=INFO msg="compaction finished, 1678 segments merged"
2025-12-01T18:03:29Z svc=scheduler level=INFO msg="compaction finished, 7299 segments merged"
2025-12-01T18:03:40Z svc=search level=INFO msg="cache eviction pass removed 2410 entries"
2025-12-01T18:03:56Z svc=ingest level=INFO msg="cache eviction pass removed 5039 entries"
2025-12-01T18:04:05Z svc=search level=INFO msg="retry queue depth=3309"
2025-12-01T18:04:11Z svc=scheduler level=INFO msg="batch 4932 committed"
2025-12-01T18:04:22Z svc=authz level=INFO msg="cache eviction pass removed 3145 entries"
2025-12-01T18:04:32Z svc=api level=INFO msg="compaction finished, 7740 segments merged"
2025-12-01T18:04:37Z svc=api level=INFO msg="batch 8042 committed"
2025-12-01T18:04:46Z svc=authz level=INFO msg="compaction finished, 126 segments merged"
2025-12-01T18:04:52Z svc=scheduler level=INFO msg="cache eviction pass removed 8772 entries"
2025-12-01T18:05:09Z svc=search level=INFO msg="retry queue depth=4234"
2025-12-01T18:05:23Z svc=ingest level=INFO msg="compaction finished, 441 segments merged"
2025-12-01T18:05:32Z svc=api level=INFO msg="token refresh completed in 2637ms"
2025-12-01T18:05:48Z svc=authz level=INFO msg="retry queue depth=1177"
2025-12-01T18:05:57Z svc=scheduler level=INFO msg="retry queue depth=8197"
2025-12-01T18:06:05Z svc=api level=INFO msg="compaction finished, 345 segments merged"
2025-12-01T18:06:09Z svc=ingest level=INFO msg="healthcheck ok rtt=2827ms"
2025-12-01T18:06:18Z svc=scheduler level=INFO msg="retry queue depth=4092"
2025-12-01T18:06:31Z svc=scheduler level=INFO msg="cache eviction pass removed 5570 entries"
2025-12-01T18:06:43Z svc=ingest level=INFO msg="webhook delivery attempt 5895 succeeded"
2025-12-01T18:06:50Z svc=search level=INFO msg="token refresh completed in 2534ms"
2025-12-01T18:06:58Z svc=scheduler level=INFO msg="batch 2978 committed"
2025-12-01T18:07:09Z svc=authz level=INFO msg="compaction finished, 2434 segments merged"
2025-12-01T18:07:24Z svc=billing level=INFO msg="batch 8203 committed"
2025-12-01T18:07:29Z svc=billing level=INFO msg="webhook delivery attempt 9414 succeeded"
2025-12-01T18:07:44Z svc=scheduler level=INFO msg="webhook delivery attempt 7164 succeeded"
2025-12-01T18:07:50Z svc=scheduler level=INFO msg="healthcheck ok rtt=7115ms"
2025-12-01T18:07:55Z svc=api level=INFO msg="healthcheck ok rtt=9418ms"
2025-12-01T18:07:58Z svc=api level=INFO msg="cache eviction pass removed 2408 entries"
2025-12-01T18:08:10Z svc=billing level=INFO msg="retry queue depth=5758"
2025-12-01T18:08:15Z svc=scheduler level=INFO msg="cache eviction pass removed 6585 entries"
2025-12-01T18:08:25Z svc=billing level=INFO msg="webhook delivery attempt 8923 succeeded"
2025-12-01T18:08:29Z svc=billing level=INFO msg="webhook delivery attempt 197 succeeded"
2025-12-01T18:08:45Z svc=authz level=INFO msg="healthcheck ok rtt=8613ms"
2025-12-01T18:08:49Z svc=scheduler level=INFO msg="compaction finished, 2599 segments merged"
2025-12-01T18:08:54Z svc=search level=INFO msg="cache eviction pass removed 8321 entries"
2025-12-01T18:08:59Z svc=authz level=INFO msg="webhook delivery attempt 524 succeeded"
2025-12-01T18:09:05Z svc=billing level=INFO msg="cache eviction pass removed 8743 entries"
2025-12-01T18:09:09Z svc=billing level=INFO msg="cache eviction pass removed 6024 entries"
2025-12-01T18:09:18Z svc=billing level=INFO msg="webhook delivery attempt 8479 succeeded"
2025-12-01T18:09:34Z svc=scheduler level=INFO msg="retry queue depth=4925"
2025-12-01T18:09:41Z svc=scheduler level=INFO msg="healthcheck ok rtt=9276ms"
2025-12-01T18:09:50Z svc=scheduler level=INFO msg="token refresh completed in 9156ms"
2025-12-01T18:10:06Z svc=scheduler level=INFO msg="webhook delivery attempt 9063 succeeded"
2025-12-01T18:10:13Z svc=ingest level=INFO msg="retry queue depth=1030"
2025-12-01T18:10:26Z svc=api level=INFO msg="batch 3841 committed"
2025-12-01T18:10:39Z svc=search level=INFO msg="healthcheck ok rtt=7170ms"
2025-12-01T18:10:56Z svc=search level=INFO msg="batch 975 committed"
2025-12-01T18:11:03Z svc=api level=INFO msg="batch 8225 committed"
2025-12-01T18:11:20Z svc=api level=INFO msg="retry queue depth=3225"
2025-12-01T18:11:29Z svc=ingest level=INFO msg="cache eviction pass removed 9327 entries"
2025-12-01T18:11:34Z svc=search level=INFO msg="healthcheck ok rtt=6544ms"
2025-12-01T18:11:48Z svc=scheduler level=INFO msg="compaction finished, 3846 segments merged"
2025-12-01T18:11:51Z svc=billing level=INFO msg="batch 937 committed"
2025-12-01T18:12:06Z svc=api level=INFO msg="compaction finished, 9473 segments merged"
2025-12-01T18:12:15Z svc=billing level=INFO msg="webhook delivery attempt 5773 succeeded"
2025-12-01T18:12:28Z svc=scheduler level=INFO msg="cache eviction pass removed 3945 entries"
2025-12-01T18:12:36Z svc=scheduler level=INFO msg="webhook delivery attempt 8081 succeeded"
2025-12-01T18:12:52Z svc=scheduler level=INFO msg="webhook delivery attempt 6672 succeeded"
2025-12-01T18:12:58Z svc=api level=INFO msg="token refresh completed in 9386ms"
2025-12-01T18:13:08Z svc=api level=INFO msg="healthcheck ok rtt=3115ms"
2025-12-01T18:13:17Z svc=search level=INFO msg="retry queue depth=4548"
2025-12-01T18:13:20Z svc=api level=INFO msg="cache eviction pass removed 3814 entries"
2025-12-01T18:13:33Z svc=search level=INFO msg="retry queue depth=6542"
2025-12-01T18:13:38Z svc=billing level=INFO msg="compaction finished, 4485 segments merged"
2025-12-01T18:13:50Z svc=api level=INFO msg="webhook delivery attempt 4816 succeeded"
2025-12-01T18:14:05Z svc=ingest level=INFO msg="webhook delivery attempt 2808 succeeded"
2025-12-01T18:14:09Z svc=authz level=INFO msg="cache eviction pass removed 8427 entries"
2025-12-01T18:14:12Z svc=scheduler level=INFO msg="webhook delivery attempt 9009 succeeded"
2025-12-01T18:14:28Z svc=api level=INFO msg="token refresh completed in 5377ms"
2025-12-01T18:14:31Z svc=search level=INFO msg="token refresh completed in 6663ms"
2025-12-01T18:14:39Z svc=api level=INFO msg="batch 2323 committed"
2025-12-01T18:14:47Z svc=search level=INFO msg="compaction finished, 730 segments merged"
2025-12-01T18:15:00Z svc=api level=INFO msg="cache eviction pass removed 8347 entries"
2025-12-01T18:15:08Z svc=ingest level=INFO msg="webhook delivery attempt 1083 succeeded"
2025-12-01T18:15:21Z svc=search level=INFO msg="webhook delivery attempt 3971 succeeded"
2025-12-01T18:15:29Z svc=billing level=INFO msg="cache eviction pass removed 7321 entries"
2025-12-01T18:15:44Z svc=billing level=INFO msg="token refresh completed in 8440ms"
2025-12-01T18:15:58Z svc=billing level=INFO msg="cache eviction pass removed 7156 entries"
2025-12-01T18:16:13Z svc=billing level=INFO msg="webhook delivery attempt 3791 succeeded"
2025-12-01T18:16:21Z svc=ingest level=INFO msg="webhook delivery attempt 5988 succeeded"
2025-12-01T18:16:28Z svc=authz level=INFO msg="webhook delivery attempt 4266 succeeded"
2025-12-01T18:16:40Z svc=billing level=INFO msg="compaction finished, 7080 segments merged"
2025-12-01T18:16:55Z svc=api level=INFO msg="compaction finished, 238 segments merged"
2025-12-01T18:17:04Z svc=billing level=INFO msg="webhook delivery attempt 5676 succeeded"
2025-12-01T18:17:20Z svc=ingest level=INFO msg="compaction finished, 8083 segments merged"
2025-12-01T18:17:29Z svc=scheduler level=INFO msg="webhook delivery attempt 1691 succeeded"
2025-12-01T18:17:46Z svc=api level=INFO msg="cache eviction pass removed 575 entries"
2025-12-01T18:17:58Z svc=search level=INFO msg="batch 7059 committed"
2025-12-01T18:18:15Z svc=scheduler level=INFO msg="webhook delivery attempt 6124 succeeded"
2025-12-01T18:18:20Z svc=authz level=INFO msg="token refresh completed in 4289ms"
2025-12-01T18:18:31Z svc=ingest level=INFO msg="webhook delivery attempt 2426 succeeded"
2025-12-01T18:18:38Z svc=authz level=INFO msg="webhook delivery attempt 5894 succeeded"
2025-12-01T18:18:50Z svc=ingest level=INFO msg="healthcheck ok rtt=9281ms"
2025-12-01T18:18:59Z svc=authz level=INFO msg="cache eviction pass removed 9245 entries"
2025-12-01T18:19:14Z svc=search level=INFO msg="healthcheck ok rtt=9034ms"
2025-12-01T18:19:26Z svc=api level=INFO msg="webhook delivery attempt 6449 succeeded"
2025-12-01T18:19:34Z svc=search level=INFO msg="webhook delivery attempt 8849 succeeded"
2025-12-01T18:19:37Z svc=scheduler level=INFO msg="cache eviction pass removed 5052 entries"
2025-12-01T18:19:47Z svc=billing level=INFO msg="cache eviction pass removed 2884 entries"
2025-12-01T18:20:04Z svc=search level=INFO msg="retry queue depth=1469"
2025-12-01T18:20:20Z svc=ingest level=INFO msg="cache eviction pass removed 5046 entries"
2025-12-01T18:20:32Z svc=search level=INFO msg="retry queue depth=6224"
2025-12-01T18:20:47Z svc=search level=INFO msg="healthcheck ok rtt=8824ms"
2025-12-01T18:20:57Z svc=ingest level=INFO msg="compaction finished, 4590 segments merged"
2025-12-01T18:21:07Z svc=scheduler level=INFO msg="healthcheck ok rtt=5412ms"
2025-12-01T18:21:15Z svc=scheduler level=INFO msg="cache eviction pass removed 929 entries"
2025-12-01T18:21:31Z svc=authz level=INFO msg="webhook delivery attempt 4361 succeeded"
2025-12-01T18:21:39Z svc=search level=INFO msg="retry queue depth=4662"
2025-12-01T18:21:54Z svc=search level=INFO msg="healthcheck ok rtt=6590ms"
2025-12-01T18:22:09Z svc=billing level=INFO msg="retry queue depth=1353"
2025-12-01T18:22:20Z svc=scheduler level=INFO msg="retry queue depth=1494"
2025-12-01T18:22:29Z svc=ingest level=INFO msg="batch 540 committed"
2025-12-01T18:22:33Z svc=scheduler level=INFO msg="retry queue depth=8224"
2025-12-01T18:22:37Z svc=authz level=INFO msg="cache eviction pass removed 1857 entries"
2025-12-01T18:22:45Z svc=billing level=INFO msg="webhook delivery attempt 848 succeeded"
2025-12-01T18:22:56Z svc=billing level=INFO msg="healthcheck ok rtt=5948ms"
2025-12-01T18:23:01Z svc=authz level=INFO msg="cache eviction pass removed 257 entries"
2025-12-01T18:23:07Z svc=billing level=INFO msg="batch 8704 committed"
2025-12-01T18:23:15Z svc=authz level=INFO msg="webhook delivery attempt 4469 succeeded"
2025-12-01T18:23:30Z svc=scheduler level=INFO msg="retry queue depth=7550"
2025-12-01T18:23:40Z svc=ingest level=INFO msg="webhook delivery attempt 9386 succeeded"
2025-12-01T18:23:53Z svc=api level=INFO msg="token refresh completed in 63ms"
2025-12-01T18:24:08Z svc=search level=INFO msg="batch 5312 committed"
2025-12-01T18:24:16Z svc=search level=INFO msg="cache eviction pass removed 284 entries"
2025-12-01T18:24:23Z svc=scheduler level=INFO msg="webhook delivery attempt 5880 succeeded"
2025-12-01T18:24:28Z svc=billing level=INFO msg="cache eviction pass removed 6682 entries"
2025-12-01T18:24:31Z svc=billing level=INFO msg="compaction finished, 6955 segments merged"
2025-12-01T18:24:48Z svc=authz level=INFO msg="compaction finished, 5295 segments merged"
2025-12-01T18:25:02Z svc=search level=INFO msg="token refresh completed in 5388ms"
2025-12-01T18:25:06Z svc=scheduler level=INFO msg="token refresh completed in 2983ms"
2025-12-01T18:25:09Z svc=billing level=INFO msg="cache eviction pass removed 1627 entries"
2025-12-01T18:25:13Z svc=search level=INFO msg="batch 7765 committed"
2025-12-01T18:25:23Z svc=ingest level=INFO msg="batch 1606 committed"
2025-12-01T18:25:29Z svc=ingest level=INFO msg="healthcheck ok rtt=8458ms"
2025-12-01T18:25:39Z svc=scheduler level=INFO msg="batch 4072 committed"
2025-12-01T18:25:55Z svc=search level=INFO msg="batch 3777 committed"
2025-12-01T18:26:02Z svc=ingest level=INFO msg="batch 4218 committed"
2025-12-01T18:26:15Z svc=authz level=INFO msg="token refresh completed in 6407ms"
2025-12-01T18:26:23Z svc=ingest level=INFO msg="retry queue depth=4713"
2025-12-01T18:26:33Z svc=search level=INFO msg="compaction finished, 7944 segments merged"
2025-12-01T18:26:40Z svc=scheduler level=INFO msg="token refresh completed in 9164ms"
2025-12-01T18:26:45Z svc=authz level=INFO msg="batch 7622 committed"
2025-12-01T18:26:59Z svc=authz level=INFO msg="retry queue depth=448"
2025-12-01T18:27:15Z svc=api level=INFO msg="token refresh completed in 3221ms"
2025-12-01T18:27:29Z svc=billing level=INFO msg="retry queue depth=2005"
2025-12-01T18:27:37Z svc=billing level=INFO msg="webhook delivery attempt 9387 succeeded"
2025-12-01T18:27:42Z svc=ingest level=INFO msg="cache eviction pass removed 8290 entries"
2025-12-01T18:27:51Z svc=scheduler level=INFO msg="token refresh completed in 5112ms"
2025-12-01T18:27:55Z svc=scheduler level=INFO msg="cache eviction pass removed 3398 entries"
2025-12-01T18:28:01Z svc=authz level=INFO msg="compaction finished, 4185 segments merged"
2025-12-01T18:28:14Z svc=authz level=INFO msg="token refresh completed in 1916ms"
2025-12-01T18:28:17Z svc=ingest level=INFO msg="retry queue depth=3472"
2025-12-01T18:28:34Z svc=ingest level=INFO msg="webhook delivery attempt 1870 succeeded"
2025-12-01T18:28:49Z svc=ingest level=INFO msg="healthcheck ok rtt=833ms"
2025-12-01T18:29:05Z svc=api level=INFO msg="compaction finished, 9417 segments merged"
2025-12-01T18:29:08Z svc=billing level=INFO msg="batch 2932 committed"
2025-12-01T18:29:21Z svc=scheduler level=INFO msg="batch 4652 committed"
2025-12-01T18:29:37Z svc=ingest level=INFO msg="healthcheck ok rtt=8937ms"
2025-12-01T18:29:42Z svc=ingest level=INFO msg="token refresh completed in 8979ms"
2025-12-01T18:29:59Z svc=api level=INFO msg="token refresh completed in 7168ms"
2025-12-01T18:30:05Z svc=api level=INFO msg="batch 7496 committed"
2025-12-01T18:30:08Z svc=ingest level=INFO msg="batch 6603 committed"
2025-12-01T18:30:17Z svc=scheduler level=INFO msg="retry queue depth=6034"
2025-12-01T18:30:30Z svc=ingest level=INFO msg="healthcheck ok rtt=7892ms"
2025-12-01T18:30:37Z svc=api level=INFO msg="retry queue depth=8415"
2025-12-01T18:30:52Z svc=api level=INFO msg="compaction finished, 4834 segments merged"
2025-12-01T18:31:08Z svc=api level=INFO msg="healthcheck ok rtt=6922ms"
2025-12-01T18:31:15Z svc=billing level=INFO msg="retry queue depth=2967"
2025-12-01T18:31:29Z svc=ingest level=INFO msg="retry queue depth=4062"
2025-12-01T18:31:39Z svc=scheduler level=INFO msg="healthcheck ok rtt=3618ms"
2025-12-01T18:31:55Z svc=search level=INFO msg="retry queue depth=2307"
2025-12-01T18:32:01Z svc=search level=INFO msg="compaction finished, 2588 segments merged"
2025-12-01T18:32:07Z svc=api level=INFO msg="webhook delivery attempt 8935 succeeded"
2025-12-01T18:32:20Z svc=ingest level=INFO msg="retry queue depth=5170"
2025-12-01T18:32:27Z svc=billing level=INFO msg="healthcheck ok rtt=8582ms"
2025-12-01T18:32:31Z svc=ingest level=INFO msg="retry queue depth=7874"
2025-12-01T18:32:45Z svc=billing level=INFO msg="compaction finished, 1687 segments merged"
2025-12-01T18:33:02Z svc=authz level=INFO msg="batch 6397 committed"
2025-12-01T18:33:18Z svc=api level=INFO msg="batch 7570 committed"
2025-12-01T18:33:33Z svc=api level=INFO msg="healthcheck ok rtt=334ms"
2025-12-01T18:33:43Z svc=search level=INFO msg="cache eviction pass removed 3567 entries"
2025-12-01T18:33:50Z svc=scheduler level=INFO msg="retry queue depth=472"
2025-12-01T18:33:54Z svc=ingest level=INFO msg="webhook delivery attempt 7340 succeeded"
2025-12-01T18:34:09Z svc=search level=INFO msg="healthcheck ok rtt=2170ms"
2025-12-01T18:34:20Z svc=ingest level=INFO msg="batch 7507 committed"
2025-12-01T18:34:29Z svc=ingest level=INFO msg="webhook delivery attempt 5420 succeeded"
2025-12-01T18:34:35Z svc=api level=INFO msg="healthcheck ok rtt=8639ms"
2025-12-01T18:34:44Z svc=search level=INFO msg="batch 988 committed"
2025-12-01T18:34:52Z svc=scheduler level=INFO msg="compaction finished, 8179 segments merged"
2025-12-01T18:34:57Z svc=search level=INFO msg="healthcheck ok rtt=2059ms"
2025-12-01T18:35:11Z svc=api level=INFO msg="cache eviction pass removed 8128 entries"
2025-12-01T18:35:27Z svc=api level=INFO msg="cache eviction pass removed 3739 entries"
2025-12-01T18:35:30Z svc=authz level=INFO msg="compaction finished, 3446 segments merged"
2025-12-01T18:35:35Z svc=ingest level=INFO msg="webhook delivery attempt 9144 succeeded"
2025-12-01T18:35:52Z svc=scheduler level=INFO msg="healthcheck ok rtt=8837ms"
2025-12-01T18:36:02Z svc=scheduler level=INFO msg="healthcheck ok rtt=1832ms"
2025-12-01T18:36:14Z svc=api level=INFO msg="compaction finished, 4726 segments merged"
2025-12-01T18:36:30Z svc=authz level=INFO msg="batch 1685 committed"
2025-12-01T18:36:35Z svc=billing level=INFO msg="token refresh completed in 6613ms"
2025-12-01T18:36:42Z svc=authz level=INFO msg="webhook delivery attempt 6313 succeeded"
2025-12-01T18:36:47Z svc=api level=INFO msg="token refresh completed in 6743ms"
2025-12-01T18:37:00Z svc=authz level=INFO msg="retry queue depth=2646"
2025-12-01T18:37:06Z svc=search level=INFO msg="cache eviction pass removed 8269 entries"
2025-12-01T18:37:13Z svc=billing level=INFO msg="token refresh completed in 7724ms"
2025-12-01T18:37:16Z svc=search level=INFO msg="healthcheck ok rtt=2347ms"
2025-12-01T18:37:22Z svc=authz level=INFO msg="token refresh completed in 2607ms"
2025-12-01T18:37:28Z svc=billing level=INFO msg="webhook delivery attempt 3384 succeeded"
2025-12-01T18:37:37Z svc=api level=INFO msg="token refresh completed in 3903ms"
2025-12-01T18:37:53Z svc=ingest level=INFO msg="healthcheck ok rtt=4756ms"
2025-12-01T18:37:58Z svc=authz level=INFO msg="cache eviction pass removed 3541 entries"
2025-12-01T18:38:10Z svc=ingest level=INFO msg="retry queue depth=7423"
2025-12-01T18:38:23Z svc=billing level=INFO msg="token refresh completed in 4147ms"
2025-12-01T18:38:31Z svc=scheduler level=INFO msg="retry queue depth=5000"
2025-12-01T18:38:38Z svc=search level=INFO msg="token refresh completed in 5674ms"
2025-12-01T18:38:49Z svc=billing level=INFO msg="retry queue depth=1978"
2025-12-01T18:38:58Z svc=billing level=INFO msg="webhook delivery attempt 6579 succeeded"
2025-12-01T18:39:07Z svc=billing level=INFO msg="batch 9321 committed"
2025-12-01T18:39:14Z svc=authz level=INFO msg="cache eviction pass removed 6957 entries"
2025-12-01T18:39:20Z svc=scheduler level=INFO msg="token refresh completed in 5221ms"
2025-12-01T18:39:28Z svc=billing level=INFO msg="healthcheck ok rtt=4621ms"
2025-12-01T18:39:35Z svc=scheduler level=INFO msg="webhook delivery attempt 4134 succeeded"
2025-12-01T18:39:45Z svc=ingest level=INFO msg="retry queue depth=9154"
2025-12-01T18:40:00Z svc=ingest level=INFO msg="token refresh completed in 8549ms"
2025-12-01T18:40:16Z svc=ingest level=INFO msg="retry queue depth=1553"
2025-12-01T18:40:31Z svc=billing level=INFO msg="healthcheck ok rtt=7659ms"
2025-12-01T18:40:35Z svc=ingest level=INFO msg="healthcheck ok rtt=6187ms"
2025-12-01T18:40:42Z svc=scheduler level=INFO msg="token refresh completed in 713ms"
2025-12-01T18:40:56Z svc=billing level=INFO msg="retry queue depth=2463"
2025-12-01T18:41:12Z svc=ingest level=INFO msg="compaction finished, 6638 segments merged"
2025-12-01T18:41:17Z svc=search level=INFO msg="token refresh completed in 2316ms"
2025-12-01T18:41:28Z svc=ingest level=INFO msg="batch 1870 committed"
2025-12-01T18:41:41Z svc=scheduler level=INFO msg="healthcheck ok rtt=5432ms"
2025-12-01T18:41:44Z svc=authz level=INFO msg="token refresh completed in 5080ms"
2025-12-01T18:41:48Z svc=ingest level=INFO msg="compaction finished, 1265 segments merged"
2025-12-01T18:42:00Z svc=billing level=INFO msg="token refresh completed in 7433ms"
2025-12-01T18:42:11Z svc=ingest level=INFO msg="compaction finished, 8397 segments merged"
2025-12-01T18:42:15Z svc=ingest level=INFO msg="retry queue depth=7486"
2025-12-01T18:42:26Z svc=search level=INFO msg="compaction finished, 5269 segments merged"
2025-12-01T18:42:36Z svc=billing level=INFO msg="cache eviction pass removed 1264 entries"
2025-12-01T18:42:50Z svc=search level=INFO msg="compaction finished, 2731 segments merged"
2025-12-01T18:43:03Z svc=api level=INFO msg="token refresh completed in 8946ms"
2025-12-01T18:43:06Z svc=scheduler level=INFO msg="token refresh completed in 6273ms"
2025-12-01T18:43:19Z svc=scheduler level=INFO msg="batch 595 committed"
2025-12-01T18:43:27Z svc=ingest level=INFO msg="compaction finished, 2797 segments merged"
2025-12-01T18:43:44Z svc=ingest level=INFO msg="token refresh completed in 8410ms"
2025-12-01T18:43:48Z svc=scheduler level=INFO msg="healthcheck ok rtt=1457ms"
2025-12-01T18:44:02Z svc=ingest level=INFO msg="batch 6382 committed"
2025-12-01T18:44:05Z svc=scheduler level=INFO msg="cache eviction pass removed 6411 entries"
2025-12-01T18:44:11Z svc=scheduler level=INFO msg="compaction finished, 1584 segments merged"
2025-12-01T18:44:14Z svc=authz level=INFO msg="cache eviction pass removed 151 entries"
2025-12-01T18:44:27Z svc=ingest level=INFO msg="cache eviction pass removed 8394 entries"
2025-12-01T18:44:36Z svc=api level=INFO msg="cache eviction pass removed 2409 entries"
2025-12-01T18:44:47Z svc=search level=INFO msg="webhook delivery attempt 1436 succeeded"
2025-12-01T18:44:51Z svc=search level=INFO msg="batch 1289 committed"
2025-12-01T18:44:55Z svc=api level=INFO msg="batch 4159 committed"
2025-12-01T18:44:58Z svc=api level=INFO msg="webhook delivery attempt 3742 succeeded"
2025-12-01T18:45:15Z svc=api level=INFO msg="compaction finished, 5912 segments merged"
2025-12-01T18:45:24Z svc=api level=INFO msg="retry queue depth=677"
2025-12-01T18:45:33Z svc=scheduler level=INFO msg="compaction finished, 9354 segments merged"
2025-12-01T18:45:46Z svc=billing level=INFO msg="webhook delivery attempt 3381 succeeded"
2025-12-01T18:45:56Z svc=ingest level=INFO msg="token refresh completed in 6855ms"
2025-12-01T18:46:08Z svc=ingest level=INFO msg="cache eviction pass removed 5821 entries"
2025-12-01T18:46:19Z svc=search level=INFO msg="token refresh completed in 3844ms"
2025-12-01T18:46:34Z svc=search level=INFO msg="compaction finished, 4090 segments merged"
2025-12-01T18:46:45Z svc=scheduler level=INFO msg="token refresh completed in 3343ms"
2025-12-01T18:46:48Z svc=search level=INFO msg="compaction finished, 6208 segments merged"
2025-12-01T18:47:02Z svc=search level=INFO msg="retry queue depth=9166"
2025-12-01T18:47:06Z svc=ingest level=INFO msg="cache eviction pass removed 6450 entries"
2025-12-01T18:47:20Z svc=search level=INFO msg="webhook delivery attempt 626 succeeded"
2025-12-01T18:47:25Z svc=billing level=INFO msg="batch 5301 committed"
2025-12-01T18:47:31Z svc=search level=INFO msg="webhook delivery attempt 8869 succeeded"
2025-12-01T18:47:44Z svc=scheduler level=INFO msg="healthcheck ok rtt=3322ms"
2025-12-01T18:47:50Z svc=scheduler level=INFO msg="healthcheck ok rtt=922ms"
2025-12-01T18:48:04Z svc=scheduler level=INFO msg="batch 1412 committed"
2025-12-01T18:48:19Z svc=api level=INFO msg="retry queue depth=286"
2025-12-01T18:48:33Z svc=billing level=INFO msg="retry queue depth=5124"
2025-12-01T18:48:50Z svc=billing level=INFO msg="compaction finished, 574 segments merged"
2025-12-01T18:48:55Z svc=api level=INFO msg="batch 111 committed"
2025-12-01T18:49:07Z svc=api level=INFO msg="token refresh completed in 1396ms"
2025-12-01T18:49:23Z svc=authz level=INFO msg="compaction finished, 5530 segments merged"
2025-12-01T18:49:30Z svc=ingest level=INFO msg="cache eviction pass removed 4096 entries"
2025-12-01T18:49:33Z svc=api level=INFO msg="healthcheck ok rtt=5361ms"
2025-12-01T18:49:41Z svc=ingest level=INFO msg="retry queue depth=4005"
2025-12-01T18:49:50Z svc=api level=INFO msg="retry queue depth=4782"
2025-12-01T18:49:55Z svc=authz level=INFO msg="compaction finished, 8645 segments merged"
2025-12-01T18:50:08Z svc=search level=INFO msg="healthcheck ok rtt=886ms"
2025-12-01T18:50:21Z svc=api level=INFO msg="healthcheck ok rtt=107ms"
2025-12-01T18:50:31Z svc=authz level=INFO msg="token refresh completed in 9338ms"
2025-12-01T18:50:36Z svc=authz level=INFO msg="token refresh completed in 8329ms"
2025-12-01T18:50:48Z svc=api level=INFO msg="compaction finished, 3708 segments merged"
2025-12-01T18:50:53Z svc=api level=INFO msg="batch 8225 committed"
2025-12-01T18:51:05Z svc=ingest level=INFO msg="batch 9163 committed"
2025-12-01T18:51:11Z svc=api level=INFO msg="token refresh completed in 7853ms"
2025-12-01T18:51:19Z svc=scheduler level=INFO msg="retry queue depth=3549"
2025-12-01T18:51:22Z svc=scheduler level=INFO msg="retry queue depth=953"
2025-12-01T18:51:35Z svc=billing level=INFO msg="healthcheck ok rtt=675ms"
2025-12-01T18:51:39Z svc=api level=INFO msg="healthcheck ok rtt=456ms"
2025-12-01T18:51:46Z svc=scheduler level=INFO msg="token refresh completed in 584ms"
2025-12-01T18:51:54Z svc=billing level=INFO msg="retry queue depth=7366"
2025-12-01T18:52:10Z svc=ingest level=INFO msg="batch 7413 committed"
2025-12-01T18:52:26Z svc=billing level=INFO msg="cache eviction pass removed 7092 entries"
2025-12-01T18:52:39Z svc=billing level=INFO msg="batch 3659 committed"
2025-12-01T18:52:45Z svc=ingest level=INFO msg="cache eviction pass removed 6205 entries"
2025-12-01T18:52:54Z svc=scheduler level=INFO msg="token refresh completed in 7877ms"
2025-12-01T18:53:10Z svc=api level=INFO msg="cache eviction pass removed 5955 entries"
2025-12-01T18:53:13Z svc=authz level=INFO msg="healthcheck ok rtt=5669ms"
2025-12-01T18:53:16Z svc=api level=INFO msg="token refresh completed in 2291ms"
2025-12-01T18:53:28Z svc=billing level=INFO msg="webhook delivery attempt 1529 succeeded"
2025-12-01T18:53:40Z svc=authz level=INFO msg="retry queue depth=884"
2025-12-01T18:53:44Z svc=api level=INFO msg="token refresh completed in 3422ms"
2025-12-01T18:54:01Z svc=search level=INFO msg="retry queue depth=1531"
2025-12-01T18:54:06Z svc=scheduler level=INFO msg="retry queue depth=1883"
2025-12-01T18:54:11Z svc=api level=INFO msg="compaction finished, 1646 segments merged"
2025-12-01T18:54:15Z svc=api level=INFO msg="compaction finished, 3493 segments merged"
2025-12-01T18:54:29Z svc=scheduler level=INFO msg="retry queue depth=580"
2025-12-01T18:54:42Z svc=billing level=INFO msg="retry queue depth=6495"
2025-12-01T18:54:56Z svc=billing level=INFO msg="retry queue depth=3252"
2025-12-01T18:55:03Z svc=search level=INFO msg="token refresh completed in 3907ms"
2025-12-01T18:55:07Z svc=authz level=INFO msg="compaction finished, 2 segments merged"
2025-12-01T18:55:23Z svc=ingest level=INFO msg="retry queue depth=1988"
2025-12-01T18:55:26Z svc=ingest level=INFO msg="compaction finished, 5271 segments merged"
2025-12-01T18:55:43Z svc=search level=INFO msg="compaction finished, 199 segments merged"
2025-12-01T18:55:52Z svc=billing level=INFO msg="retry queue depth=472"
2025-12-01T18:55:55Z svc=scheduler level=INFO msg="cache eviction pass removed 4424 entries"
2025-12-01T18:56:08Z svc=billing level=INFO msg="token refresh completed in 4928ms"
2025-12-01T18:56:13Z svc=api level=INFO msg="retry queue depth=4085"
2025-12-01T18:56:25Z svc=api level=INFO msg="retry queue depth=5633"
2025-12-01T18:56:35Z svc=billing level=INFO msg="token refresh completed in 1964ms"
2025-12-01T18:56:44Z svc=search level=INFO msg="token refresh completed in 4647ms"
2025-12-01T18:56:56Z svc=billing level=INFO msg="healthcheck ok rtt=618ms"
2025-12-01T18:57:07Z svc=scheduler level=INFO msg="retry queue depth=4270"
2025-12-01T18:57:16Z svc=ingest level=INFO msg="compaction finished, 2333 segments merged"
2025-12-01T18:57:24Z svc=authz level=INFO msg="cache eviction pass removed 6796 entries"
2025-12-01T18:57:40Z svc=search level=INFO msg="cache eviction pass removed 1963 entries"
2025-12-01T18:57:43Z svc=scheduler level=INFO msg="token refresh completed in 2334ms"
2025-12-01T18:57:47Z svc=search level=INFO msg="token refresh completed in 5294ms"
2025-12-01T18:57:52Z svc=search level=INFO msg="batch 2487 committed"
2025-12-01T18:57:56Z svc=search level=INFO msg="cache eviction pass removed 4097 entries"
2025-12-01T18:58:12Z svc=ingest level=INFO msg="retry queue depth=1543"
2025-12-01T18:58:27Z svc=scheduler level=INFO msg="token refresh completed in 8169ms"
2025-12-01T18:58:35Z svc=api level=INFO msg="compaction finished, 2923 segments merged"
2025-12-01T18:58:49Z svc=ingest level=INFO msg="healthcheck ok rtt=9417ms"
2025-12-01T18:59:05Z svc=search level=INFO msg="batch 1339 committed"
2025-12-01T18:59:19Z svc=billing level=INFO msg="compaction finished, 3371 segments merged"
2025-12-01T18:59:32Z svc=ingest level=INFO msg="token refresh completed in 1697ms"
2025-12-01T18:59:42Z svc=search level=INFO msg="webhook delivery attempt 2323 succeeded"
2025-12-01T18:59:45Z svc=authz level=INFO msg="webhook delivery attempt 7113 succeeded"
2025-12-01T18:59:48Z svc=api level=INFO msg="healthcheck ok rtt=3659ms"
2025-12-01T18:59:56Z svc=api level=INFO msg="healthcheck ok rtt=5200ms"
2025-12-01T19:00:03Z svc=ingest level=INFO msg="healthcheck ok rtt=907ms"
2025-12-01T19:00:09Z svc=authz level=INFO msg="cache eviction pass removed 1854 entries"
2025-12-01T19:00:21Z svc=authz level=INFO msg="cache eviction pass removed 4236 entries"
2025-12-01T19:00:33Z svc=api level=INFO msg="webhook delivery attempt 4421 succeeded"
2025-12-01T19:00:44Z svc=billing level=INFO msg="webhook delivery attempt 6504 succeeded"
2025-12-01T19:00:55Z svc=billing level=INFO msg="healthcheck ok rtt=1910ms"
2025-12-01T19:01:00Z svc=scheduler level=INFO msg="healthcheck ok rtt=4836ms"
2025-12-01T19:01:09Z svc=authz level=INFO msg="retry queue depth=8553"
2025-12-01T19:01:21Z svc=scheduler level=INFO msg="cache eviction pass removed 8807 entries"
2025-12-01T19:01:38Z svc=api level=INFO msg="webhook delivery attempt 4847 succeeded"
2025-12-01T19:01:45Z svc=ingest level=INFO msg="batch 7834 committed"
2025-12-01T19:01:55Z svc=ingest level=INFO msg="healthcheck ok rtt=2123ms"
2025-12-01T19:02:03Z svc=authz level=INFO msg="cache eviction pass removed 4089 entries"
2025-12-01T19:02:20Z svc=api level=INFO msg="webhook delivery attempt 7435 succeeded"
2025-12-01T19:02:29Z svc=authz level=INFO msg="webhook delivery attempt 6644 succeeded"
2025-12-01T19:02:46Z svc=search level=INFO msg="compaction finished, 3336 segments merged"
2025-12-01T19:02:53Z svc=ingest level=INFO msg="batch 7528 committed"
2025-12-01T19:03:00Z svc=search level=INFO msg="webhook delivery attempt 7143 succeeded"
2025-12-01T19:03:05Z svc=billing level=INFO msg="batch 4329 committed"
2025-12-01T19:03:08Z svc=api level=INFO msg="compaction finished, 8772 segments merged"
2025-12-01T19:03:20Z svc=billing level=INFO msg="retry queue depth=6444"
2025-12-01T19:03:27Z svc=search level=INFO msg="webhook delivery attempt 3018 succeeded"
2025-12-01T19:03:39Z svc=billing level=INFO msg="batch 5691 committed"
2025-12-01T19:03:50Z svc=search level=INFO msg="retry queue depth=5404"
2025-12-01T19:03:56Z svc=ingest level=INFO msg="compaction finished, 3768 segments merged"
2025-12-01T19:04:07Z svc=search level=INFO msg="compaction finished, 2882 segments merged"
2025-12-01T19:04:21Z svc=api level=INFO msg="batch 7096 committed"
2025-12-01T19:04:28Z svc=scheduler level=INFO msg="batch 3794 committed"
2025-12-01T19:04:41Z svc=api level=INFO msg="compaction finished, 6944 segments merged"
2025-12-01T19:04:55Z svc=scheduler level=INFO msg="token refresh completed in 5715ms"
2025-12-01T19:05:11Z svc=search level=INFO msg="compaction finished, 4168 segments merged"
2025-12-01T19:05:27Z svc=billing level=INFO msg="webhook delivery attempt 8686 succeeded"
2025-12-01T19:05:30Z svc=search level=INFO msg="compaction finished, 8934 segments merged"
2025-12-01T19:05:40Z svc=authz level=INFO msg="webhook delivery attempt 3404 succeeded"
2025-12-01T19:05:45Z svc=search level=INFO msg="healthcheck ok rtt=4551ms"
2025-12-01T19:06:01Z svc=ingest level=INFO msg="compaction finished, 4248 segments merged"
2025-12-01T19:06:04Z svc=billing level=INFO msg="batch 6524 committed"
2025-12-01T19:06:14Z svc=ingest level=INFO msg="batch 5270 committed"
2025-12-01T19:06:24Z svc=search level=INFO msg="healthcheck ok rtt=7995ms"
2025-12-01T19:06:32Z svc=ingest level=INFO msg="webhook delivery attempt 1564 succeeded"
2025-12-01T19:06:35Z svc=scheduler level=INFO msg="token refresh completed in 1059ms"
2025-12-01T19:06:44Z svc=search level=INFO msg="cache eviction pass removed 4224 entries"
2025-12-01T19:07:00Z svc=authz level=INFO msg="compaction finished, 5231 segments merged"
2025-12-01T19:07:07Z svc=billing level=INFO msg="cache eviction pass removed 3558 entries"
2025-12-01T19:07:22Z svc=ingest level=INFO msg="batch 6402 committed"
2025-12-01T19:07:37Z svc=ingest level=INFO msg="cache eviction pass removed 3143 entries"
2025-12-01T19:07:44Z svc=scheduler level=INFO msg="cache eviction pass removed 8073 entries"
2025-12-01T19:07:48Z svc=ingest level=INFO msg="cache eviction pass removed 7610 entries"
2025-12-01T19:07:52Z svc=search level=INFO msg="webhook delivery attempt 832 succeeded"
2025-12-01T19:07:57Z svc=search level=INFO msg="healthcheck ok rtt=6722ms"
2025-12-01T19:08:06Z svc=search level=INFO msg="token refresh completed in 2317ms"
2025-12-01T19:08:12Z svc=api level=INFO msg="webhook delivery attempt 94 succeeded"
2025-12-01T19:08:24Z svc=billing level=INFO msg="token refresh completed in 2978ms"
2025-12-01T19:08:36Z svc=ingest level=INFO msg="batch 1895 committed"
2025-12-01T19:08:42Z svc=billing level=INFO msg="cache eviction pass removed 9107 entries"
2025-12-01T19:08:55Z svc=ingest level=INFO msg="cache eviction pass removed 3309 entries"
2025-12-01T19:09:03Z svc=billing level=INFO msg="retry queue depth=1147"
2025-12-01T19:09:15Z svc=scheduler level=INFO msg="healthcheck ok rtt=6842ms"
2025-12-01T19:09:32Z svc=scheduler level=INFO msg="cache eviction pass removed 4867 entries"
2025-12-01T19:09:44Z svc=search level=INFO msg="token refresh completed in 19ms"
2025-12-01T19:09:47Z svc=scheduler level=INFO msg="webhook delivery attempt 6629 succeeded"
2025-12-01T19:09:52Z svc=authz level=INFO msg="webhook delivery attempt 8291 succeeded"
2025-12-01T19:10:04Z svc=scheduler level=INFO msg="retry queue depth=376"
2025-12-01T19:10:13Z svc=api level=INFO msg="webhook delivery attempt 2399 succeeded"
2025-12-01T19:10:26Z svc=ingest level=INFO msg="token refresh completed in 1720ms"
2025-12-01T19:10:38Z svc=search level=INFO msg="retry queue depth=7642"
2025-12-01T19:10:41Z svc=ingest level=INFO msg="healthcheck ok rtt=3964ms"
2025-12-01T19:10:44Z svc=authz level=INFO msg="token refresh completed in 7957ms"
2025-12-01T19:10:50Z svc=api level=INFO msg="compaction finished, 7856 segments merged"
2025-12-01T19:10:58Z svc=api level=INFO msg="token refresh completed in 3351ms"
2025-12-01T19:11:03Z svc=authz level=INFO msg="batch 5023 committed"
2025-12-01T19:11:10Z svc=billing level=INFO msg="retry queue depth=7487"
2025-12-01T19:11:17Z svc=billing level=INFO msg="token refresh completed in 8227ms"
2025-12-01T19:11:22Z svc=api level=INFO msg="webhook delivery attempt 1546 succeeded"
2025-12-01T19:11:37Z svc=api level=INFO msg="retry queue depth=7753"
2025-12-01T19:11:44Z svc=ingest level=INFO msg="compaction finished, 884 segments merged"
2025-12-01T19:11:52Z svc=search level=INFO msg="batch 5990 committed"
2025-12-01T19:11:55Z svc=billing level=INFO msg="batch 1648 committed"
2025-12-01T19:12:00Z svc=authz level=INFO msg="batch 5486 committed"
2025-12-01T19:12:03Z svc=ingest level=INFO msg="cache eviction pass removed 1435 entries"
2025-12-01T19:12:19Z svc=ingest level=INFO msg="healthcheck ok rtt=8654ms"
2025-12-01T19:12:34Z svc=authz level=INFO msg="compaction finished, 5957 segments merged"
2025-12-01T19:12:44Z svc=scheduler level=INFO msg="token refresh completed in 5124ms"
2025-12-01T19:12:54Z svc=search level=INFO msg="compaction finished, 4291 segments merged"
2025-12-01T19:13:03Z svc=search level=INFO msg="webhook delivery attempt 2191 succeeded"
2025-12-01T19:13:08Z svc=billing level=INFO msg="compaction finished, 5249 segments merged"
2025-12-01T19:13:24Z svc=ingest level=INFO msg="compaction finished, 4891 segments merged"
2025-12-01T19:13:31Z svc=search level=INFO msg="retry queue depth=6886"
2025-12-01T19:13:48Z svc=api level=INFO msg="webhook delivery attempt 1896 succeeded"
2025-12-01T19:14:00Z svc=authz level=INFO msg="retry queue depth=7364"
2025-12-01T19:14:11Z svc=search level=INFO msg="webhook delivery attempt 5645 succeeded"
2025-12-01T19:14:23Z svc=api level=INFO msg="token refresh completed in 4782ms"
2025-12-01T19:14:36Z svc=scheduler level=INFO msg="token refresh completed in 3326ms"
2025-12-01T19:14:39Z svc=authz level=INFO msg="token refresh completed in 5410ms"
2025-12-01T19:14:50Z svc=authz level=INFO msg="webhook delivery attempt 606 succeeded"
2025-12-01T19:15:04Z svc=authz level=INFO msg="retry queue depth=4455"
2025-12-01T19:15:15Z svc=authz level=INFO msg="batch 983 committed"
2025-12-01T19:15:31Z svc=api level=INFO msg="token refresh completed in 174ms"
2025-12-01T19:15:35Z svc=authz level=INFO msg="retry queue depth=5268"
2025-12-01T19:15:50Z svc=billing level=INFO msg="token refresh completed in 6220ms"
2025-12-01T19:15:55Z svc=search level=INFO msg="batch 2164 committed"
2025-12-01T19:16:12Z svc=ingest level=INFO msg="retry queue depth=6465"
2025-12-01T19:16:21Z svc=ingest level=INFO msg="webhook delivery attempt 889 succeeded"
2025-12-01T19:16:31Z svc=billing level=INFO msg="token refresh completed in 840ms"
2025-12-01T19:16:47Z svc=ingest level=INFO msg="token refresh completed in 2000ms"
2025-12-01T19:16:51Z svc=billing level=INFO msg="batch 6109 committed"
2025-12-01T19:17:00Z svc=search level=INFO msg="retry queue depth=7216"
2025-12-01T19:17:04Z svc=ingest level=INFO msg="healthcheck ok rtt=6481ms"
2025-12-01T19:17:16Z svc=billing level=INFO msg="webhook delivery attempt 4524 succeeded"
2025-12-01T19:17:28Z svc=search level=INFO msg="healthcheck ok rtt=3168ms"
2025-12-01T19:17:43Z svc=billing level=INFO msg="compaction finished, 5069 segments merged"
2025-12-01T19:17:46Z svc=billing level=INFO msg="token refresh completed in 6308ms"
2025-12-01T19:17:52Z svc=ingest level=INFO msg="webhook delivery attempt 3342 succeeded"
2025-12-01T19:18:09Z svc=scheduler level=INFO msg="webhook delivery attempt 1885 succeeded"
2025-12-01T19:18:25Z svc=billing level=INFO msg="cache eviction pass removed 5710 entries"
2025-12-01T19:18:34Z svc=scheduler level=INFO msg="webhook delivery attempt 6980 succeeded"
2025-12-01T19:18:45Z svc=scheduler level=INFO msg="healthcheck ok rtt=4251ms"
2025-12-01T19:18:48Z svc=scheduler level=INFO msg="cache eviction pass removed 2372 entries"
2025-12-01T19:18:56Z svc=search level=INFO msg="webhook delivery attempt 3429 succeeded"
2025-12-01T19:19:13Z svc=api level=INFO msg="batch 4166 committed"
2025-12-01T19:19:26Z svc=search level=INFO msg="token refresh completed in 3934ms"
2025-12-01T19:19:37Z svc=billing level=INFO msg="retry queue depth=3060"
2025-12-01T19:19:54Z svc=api level=INFO msg="cache eviction pass removed 9126 entries"
2025-12-01T19:20:07Z svc=ingest level=INFO msg="compaction finished, 4444 segments merged"
2025-12-01T19:20:18Z svc=search level=INFO msg="batch 2632 committed"
2025-12-01T19:20:34Z svc=billing level=INFO msg="healthcheck ok rtt=7192ms"
2025-12-01T19:20:45Z svc=scheduler level=INFO msg="retry queue depth=1795"
2025-12-01T19:20:56Z svc=search level=INFO msg="retry queue depth=9241"
2025-12-01T19:21:00Z svc=billing level=INFO msg="healthcheck ok rtt=5132ms"
2025-12-01T19:21:17Z svc=api level=INFO msg="batch 4569 committed"
2025-12-01T19:21:29Z svc=authz level=INFO msg="cache eviction pass removed 655 entries"
2025-12-01T19:21:46Z svc=ingest level=INFO msg="compaction finished, 8061 segments merged"
2025-12-01T19:22:00Z svc=ingest level=INFO msg="webhook delivery attempt 6421 succeeded"
2025-12-01T19:22:09Z svc=ingest level=INFO msg="cache eviction pass removed 9165 entries"
2025-12-01T19:22:24Z svc=billing level=INFO msg="retry queue depth=5670"
2025-12-01T19:22:30Z svc=ingest level=INFO msg="healthcheck ok rtt=8094ms"
2025-12-01T19:22:35Z svc=api level=INFO msg="healthcheck ok rtt=547ms"
2025-12-01T19:22:44Z svc=search level=INFO msg="token refresh completed in 4386ms"
2025-12-01T19:23:00Z svc=authz level=INFO msg="cache eviction pass removed 4055 entries"
2025-12-01T19:23:10Z svc=billing level=INFO msg="token refresh completed in 2433ms"
2025-12-01T19:23:21Z svc=api level=INFO msg="webhook delivery attempt 7640 succeeded"
2025-12-01T19:23:32Z svc=api level=INFO msg="healthcheck ok rtt=2553ms"
2025-12-01T19:23:35Z svc=search level=INFO msg="token refresh completed in 3234ms"
2025-12-01T19:23:42Z svc=authz level=INFO msg="batch 4308 committed"
2025-12-01T19:23:47Z svc=authz level=INFO msg="batch 6569 committed"
2025-12-01T19:23:54Z svc=scheduler level=INFO msg="retry queue depth=4804"
2025-12-01T19:24:05Z svc=scheduler level=INFO msg="token refresh completed in 9368ms"
2025-12-01T19:24:18Z svc=api level=INFO msg="token refresh completed in 8425ms"
2025-12-01T19:24:28Z svc=ingest level=INFO msg="token refresh completed in 7172ms"
2025-12-01T19:24:44Z svc=billing level=INFO msg="webhook delivery attempt 4931 succeeded"
2025-12-01T19:24:58Z svc=search level=INFO msg="batch 7518 committed"
2025-12-01T19:25:02Z svc=search level=INFO msg="retry queue depth=5893"
2025-12-01T19:25:18Z svc=authz level=INFO msg="webhook delivery attempt 73 succeeded"
2025-12-01T19:25:29Z svc=billing level=INFO msg="retry queue depth=8674"
2025-12-01T19:25:36Z svc=search level=INFO msg="compaction finished, 8530 segments merged"
2025-12-01T19:25:45Z svc=authz level=INFO msg="cache eviction pass removed 8053 entries"
2025-12-01T19:25:59Z svc=billing level=INFO msg="batch 4018 committed"
2025-12-01T19:26:06Z svc=scheduler level=INFO msg="healthcheck ok rtt=7052ms"
2025-12-01T19:26:20Z svc=api level=INFO msg="compaction finished, 9012 segments merged"
2025-12-01T19:26:24Z svc=scheduler level=INFO msg="token refresh completed in 4944ms"
2025-12-01T19:26:33Z svc=billing level=INFO msg="retry queue depth=9011"
2025-12-01T19:26:38Z svc=search level=INFO msg="healthcheck ok rtt=5119ms"
2025-12-01T19:26:45Z svc=search level=INFO msg="batch 3466 committed"
2025-12-01T19:26:52Z svc=authz level=INFO msg="token refresh completed in 8478ms"
2025-12-01T19:27:07Z svc=scheduler level=INFO msg="compaction finished, 8399 segments merged"
2025-12-01T19:27:18Z svc=authz level=INFO msg="cache eviction pass removed 3350 entries"
2025-12-01T19:27:24Z svc=api level=INFO msg="compaction finished, 702 segments merged"
2025-12-01T19:27:33Z svc=search level=INFO msg="batch 3820 committed"
2025-12-01T19:27:42Z svc=ingest level=INFO msg="compaction finished, 2483 segments merged"
2025-12-01T19:27:51Z svc=api level=INFO msg="cache eviction pass removed 3417 entries"
2025-12-01T19:28:05Z svc=ingest level=INFO msg="healthcheck ok rtt=7187ms"
2025-12-01T19:28:19Z svc=authz level=INFO msg="healthcheck ok rtt=6390ms"
2025-12-01T19:28:24Z svc=api level=INFO msg="batch 3408 committed"
2025-12-01T19:28:32Z svc=ingest level=INFO msg="cache eviction pass removed 5650 entries"
2025-12-01T19:28:40Z svc=search level=INFO msg="cache eviction pass removed 5004 entries"
2025-12-01T19:28:46Z svc=scheduler level=INFO msg="compaction finished, 1169 segments merged"
2025-12-01T19:29:03Z svc=api level=INFO msg="compaction finished, 8794 segments merged"
2025-12-01T19:29:13Z svc=scheduler level=INFO msg="batch 5979 committed"
2025-12-01T19:29:23Z svc=scheduler level=INFO msg="retry queue depth=2023"
2025-12-01T19:29:38Z svc=api level=INFO msg="retry queue depth=5053"
2025-12-01T19:29:54Z svc=ingest level=INFO msg="batch 6273 committed"
2025-12-01T19:30:09Z svc=api level=INFO msg="batch 6716 committed"
2025-12-01T19:30:26Z svc=scheduler level=INFO msg="batch 3906 committed"
2025-12-01T19:30:42Z svc=ingest level=INFO msg="cache eviction pass removed 9467 entries"
2025-12-01T19:30:46Z svc=authz level=INFO msg="compaction finished, 7156 segments merged"
2025-12-01T19:31:01Z svc=search level=INFO msg="compaction finished, 5245 segments merged"
2025-12-01T19:31:12Z svc=billing level=INFO msg="retry queue depth=5582"
2025-12-01T19:31:19Z svc=ingest level=INFO msg="compaction finished, 1285 segments merged"
2025-12-01T19:31:23Z svc=scheduler level=INFO msg="batch 1436 committed"
2025-12-01T19:31:39Z svc=search level=INFO msg="compaction finished, 6684 segments merged"
2025-12-01T19:31:43Z svc=search level=INFO msg="retry queue depth=6729"
2025-12-01T19:31:58Z svc=authz level=INFO msg="token refresh completed in 8194ms"
2025-12-01T19:32:04Z svc=scheduler level=INFO msg="batch 1684 committed"
2025-12-01T19:32:08Z svc=ingest level=INFO msg="token refresh completed in 624ms"
2025-12-01T19:32:12Z svc=authz level=INFO msg="healthcheck ok rtt=8426ms"
2025-12-01T19:32:28Z svc=authz level=INFO msg="webhook delivery attempt 6832 succeeded"
2025-12-01T19:32:32Z svc=authz level=INFO msg="token refresh completed in 5685ms"
2025-12-01T19:32:46Z svc=ingest level=INFO msg="healthcheck ok rtt=505ms"
2025-12-01T19:32:51Z svc=api level=INFO msg="webhook delivery attempt 3791 succeeded"
2025-12-01T19:32:59Z svc=search level=INFO msg="cache eviction pass removed 2792 entries"
2025-12-01T19:33:05Z svc=billing level=INFO msg="webhook delivery attempt 7118 succeeded"
2025-12-01T19:33:15Z svc=billing level=INFO msg="token refresh completed in 7329ms"
2025-12-01T19:33:26Z svc=api level=INFO msg="batch 3791 committed"
2025-12-01T19:33:42Z svc=billing level=INFO msg="healthcheck ok rtt=6949ms"
2025-12-01T19:33:48Z svc=ingest level=INFO msg="retry queue depth=7415"
2025-12-01T19:33:56Z svc=ingest level=INFO msg="cache eviction pass removed 5967 entries"
2025-12-01T19:34:06Z svc=authz level=INFO msg="webhook delivery attempt 6721 succeeded"
2025-12-01T19:34:17Z svc=ingest level=INFO msg="batch 1102 committed"
2025-12-01T19:34:29Z svc=scheduler level=INFO msg="webhook delivery attempt 7936 succeeded"
2025-12-01T19:34:35Z svc=search level=INFO msg="retry queue depth=6696"
2025-12-01T19:34:44Z svc=ingest level=INFO msg="batch 2320 committed"
2025-12-01T19:35:01Z svc=authz level=INFO msg="cache eviction pass removed 1524 entries"
2025-12-01T19:35:11Z svc=authz level=INFO msg="batch 960 committed"
2025-12-01T19:35:14Z svc=search level=INFO msg="batch 1822 committed"
2025-12-01T19:35:30Z svc=authz level=INFO msg="webhook delivery attempt 406 succeeded"
2025-12-01T19:35:36Z svc=billing level=INFO msg="token refresh completed in 2553ms"
2025-12-01T19:35:41Z svc=ingest level=INFO msg="webhook delivery attempt 627 succeeded"
2025-12-01T19:35:57Z svc=authz level=INFO msg="retry queue depth=4893"
2025-12-01T19:36:05Z svc=search level=INFO msg="batch 474 committed"
2025-12-01T19:36:18Z svc=search level=INFO msg="retry queue depth=8888"
2025-12-01T19:36:35Z svc=api level=INFO msg="retry queue depth=2618"
2025-12-01T19:36:52Z svc=search level=INFO msg="retry queue depth=1045"
2025-12-01T19:37:06Z svc=authz level=INFO msg="webhook delivery attempt 3487 succeeded"
2025-12-01T19:37:14Z svc=api level=INFO msg="healthcheck ok rtt=7891ms"
2025-12-01T19:37:21Z svc=billing level=INFO msg="cache eviction pass removed 1523 entries"
2025-12-01T19:37:37Z svc=scheduler level=INFO msg="healthcheck ok rtt=493ms"
2025-12-01T19:37:47Z svc=authz level=INFO msg="token refresh completed in 9312ms"
2025-12-01T19:37:50Z svc=api level=INFO msg="batch 9251 committed"
2025-12-01T19:38:02Z svc=ingest level=INFO msg="retry queue depth=4771"
2025-12-01T19:38:14Z svc=authz level=INFO msg="cache eviction pass removed 3814 entries"
2025-12-01T19:38:22Z svc=ingest level=INFO msg="token refresh completed in 7708ms"
2025-12-01T19:38:30Z svc=search level=INFO msg="webhook delivery attempt 2755 succeeded"
2025-12-01T19:38:35Z svc=api level=INFO msg="compaction finished, 7424 segments merged"
2025-12-01T19:38:41Z svc=search level=INFO msg="batch 7101 committed"
2025-12-01T19:38:44Z svc=search level=INFO msg="healthcheck ok rtt=3624ms"
2025-12-01T19:38:51Z svc=api level=INFO msg="webhook delivery attempt 7364 succeeded"
2025-12-01T19:38:57Z svc=search level=INFO msg="batch 8846 committed"
2025-12-01T19:39:02Z svc=scheduler level=INFO msg="webhook delivery attempt 8978 succeeded"
2025-12-01T19:39:11Z svc=scheduler level=INFO msg="batch 3472 committed"
2025-12-01T19:39:25Z svc=billing level=INFO msg="cache eviction pass removed 2774 entries"
2025-12-01T19:39:37Z svc=scheduler level=INFO msg="compaction finished, 2891 segments merged"
2025-12-01T19:39:40Z svc=authz level=INFO msg="compaction finished, 4152 segments merged"
2025-12-01T19:39:46Z svc=billing level=INFO msg="cache eviction pass removed 850 entries"
2025-12-01T19:39:54Z svc=authz level=INFO msg="token refresh completed in 718ms"
2025-12-01T19:39:59Z svc=billing level=INFO msg="compaction finished, 3031 segments merged"
2025-12-01T19:40:10Z svc=authz level=INFO msg="retry queue depth=1185"
2025-12-01T19:40:21Z svc=scheduler level=INFO msg="healthcheck ok rtt=7899ms"
2025-12-01T19:40:29Z svc=scheduler level=INFO msg="healthcheck ok rtt=438ms"
2025-12-01T19:40:39Z svc=search level=INFO msg="retry queue depth=3857"
2025-12-01T19:40:53Z svc=api level=INFO msg="healthcheck ok rtt=7993ms"
2025-12-01T19:41:07Z svc=api level=INFO msg="webhook delivery attempt 2170 succeeded"
2025-12-01T19:41:17Z svc=search level=INFO msg="healthcheck ok rtt=2783ms"
2025-12-01T19:41:30Z svc=billing level=INFO msg="compaction finished, 3609 segments merged"
2025-12-01T19:41:43Z svc=scheduler level=INFO msg="token refresh completed in 2900ms"
2025-12-01T19:41:57Z svc=billing level=INFO msg="compaction finished, 6185 segments merged"
2025-12-01T19:42:05Z svc=search level=INFO msg="webhook delivery attempt 2895 succeeded"
2025-12-01T19:42:13Z svc=billing level=INFO msg="webhook delivery attempt 1651 succeeded"
2025-12-01T19:42:23Z svc=billing level=INFO msg="compaction finished, 1477 segments merged"
2025-12-01T19:42:27Z svc=scheduler level=INFO msg="batch 1512 committed"
2025-12-01T19:42:41Z svc=search level=INFO msg="cache eviction pass removed 4144 entries"
2025-12-01T19:42:45Z svc=ingest level=INFO msg="compaction finished, 5140 segments merged"
2025-12-01T19:43:01Z svc=authz level=INFO msg="cache eviction pass removed 1309 entries"
2025-12-01T19:43:14Z svc=scheduler level=INFO msg="healthcheck ok rtt=4893ms"
2025-12-01T19:43:28Z svc=authz level=INFO msg="retry queue depth=1143"
2025-12-01T19:43:42Z svc=billing level=INFO msg="batch 3833 committed"
2025-12-01T19:43:50Z svc=billing level=INFO msg="retry queue depth=3772"
2025-12-01T19:43:59Z svc=authz level=INFO msg="healthcheck ok rtt=4428ms"
2025-12-01T19:44:06Z svc=authz level=INFO msg="webhook delivery attempt 7739 succeeded"
2025-12-01T19:44:14Z svc=search level=INFO msg="batch 3903 committed"
2025-12-01T19:44:20Z svc=scheduler level=INFO msg="healthcheck ok rtt=2552ms"
2025-12-01T19:44:32Z svc=scheduler level=INFO msg="cache eviction pass removed 8850 entries"
2025-12-01T19:44:35Z svc=ingest level=INFO msg="compaction finished, 5668 segments merged"
2025-12-01T19:44:41Z svc=api level=INFO msg="retry queue depth=7217"
2025-12-01T19:44:50Z svc=scheduler level=INFO msg="retry queue depth=2663"
2025-12-01T19:44:54Z svc=scheduler level=INFO msg="retry queue depth=6174"
2025-12-01T19:45:09Z svc=scheduler level=INFO msg="retry queue depth=7087"
2025-12-01T19:45:18Z svc=search level=INFO msg="token refresh completed in 844ms"
2025-12-01T19:45:22Z svc=search level=INFO msg="healthcheck ok rtt=7293ms"
2025-12-01T19:45:37Z svc=api level=INFO msg="retry queue depth=7254"
2025-12-01T19:45:53Z svc=ingest level=INFO msg="batch 5931 committed"
2025-12-01T19:46:10Z svc=scheduler level=INFO msg="healthcheck ok rtt=5568ms"
2025-12-01T19:46:25Z svc=billing level=INFO msg="healthcheck ok rtt=7458ms"
2025-12-01T19:46:40Z svc=scheduler level=INFO msg="token refresh completed in 6781ms"
2025-12-01T19:46:46Z svc=search level=INFO msg="cache eviction pass removed 8782 entries"
2025-12-01T19:46:51Z svc=scheduler level=INFO msg="healthcheck ok rtt=2307ms"
2025-12-01T19:46:58Z svc=billing level=INFO msg="compaction finished, 2452 segments merged"
2025-12-01T19:47:03Z svc=scheduler level=INFO msg="cache eviction pass removed 2479 entries"
2025-12-01T19:47:07Z svc=search level=INFO msg="compaction finished, 5813 segments merged"
2025-12-01T19:47:10Z svc=billing level=INFO msg="batch 3771 committed"
2025-12-01T19:47:20Z svc=billing level=INFO msg="cache eviction pass removed 5648 entries"
2025-12-01T19:47:23Z svc=billing level=INFO msg="healthcheck ok rtt=8682ms"
2025-12-01T19:47:36Z svc=search level=INFO msg="webhook delivery attempt 4485 succeeded"
2025-12-01T19:47:43Z svc=search level=INFO msg="retry queue depth=1477"
2025-12-01T19:47:50Z svc=authz level=INFO msg="batch 5016 committed"
2025-12-01T19:48:06Z svc=api level=INFO msg="healthcheck ok rtt=9375ms"
2025-12-01T19:48:12Z svc=api level=INFO msg="token refresh completed in 6770ms"
2025-12-01T19:48:19Z svc=scheduler level=INFO msg="cache eviction pass removed 6382 entries"
2025-12-01T19:48:33Z svc=authz level=INFO msg="token refresh completed in 3234ms"
2025-12-01T19:48:46Z svc=search level=INFO msg="batch 3621 committed"
2025-12-01T19:49:03Z svc=billing level=INFO msg="retry queue depth=8920"
2025-12-01T19:49:20Z svc=authz level=INFO msg="retry queue depth=2381"
2025-12-01T19:49:31Z svc=ingest level=INFO msg="compaction finished, 6846 segments merged"
2025-12-01T19:49:42Z svc=billing level=INFO msg="batch 2321 committed"
2025-12-01T19:49:50Z svc=billing level=INFO msg="token refresh completed in 157ms"
2025-12-01T19:50:02Z svc=authz level=INFO msg="healthcheck ok rtt=8587ms"
2025-12-01T19:50:11Z svc=scheduler level=INFO msg="healthcheck ok rtt=411ms"
2025-12-01T19:50:24Z svc=ingest level=INFO msg="token refresh completed in 4680ms"
2025-12-01T19:50:32Z svc=ingest level=INFO msg="token refresh completed in 9453ms"
2025-12-01T19:50:49Z svc=authz level=INFO msg="retry queue depth=6580"
2025-12-01T19:50:55Z svc=authz level=INFO msg="token refresh completed in 5551ms"
2025-12-01T19:51:01Z svc=scheduler level=INFO msg="batch 3313 committed"
2025-12-01T19:51:07Z svc=authz level=INFO msg="compaction finished, 6902 segments merged"
2025-12-01T19:51:16Z svc=api level=INFO msg="retry queue depth=2940"
2025-12-01T19:51:33Z svc=ingest level=INFO msg="cache eviction pass removed 1251 entries"
2025-12-01T19:51:49Z svc=api level=INFO msg="compaction finished, 2454 segments merged"
2025-12-01T19:51:54Z svc=billing level=INFO msg="webhook delivery attempt 9211 succeeded"
2025-12-01T19:52:09Z svc=billing level=INFO msg="batch 8971 committed"
2025-12-01T19:52:16Z svc=authz level=INFO msg="retry queue depth=2702"
2025-12-01T19:52:20Z svc=ingest level=INFO msg="batch 1624 committed"
2025-12-01T19:52:34Z svc=api level=INFO msg="healthcheck ok rtt=1776ms"
2025-12-01T19:52:47Z svc=ingest level=INFO msg="webhook delivery attempt 2871 succeeded"
2025-12-01T19:52:55Z svc=billing level=INFO msg="cache eviction pass removed 1192 entries"
2025-12-01T19:52:59Z svc=ingest level=INFO msg="token refresh completed in 528ms"
2025-12-01T19:53:11Z svc=search level=INFO msg="retry queue depth=5473"
2025-12-01T19:53:22Z svc=billing level=INFO msg="retry queue depth=6769"
2025-12-01T19:53:26Z svc=scheduler level=INFO msg="compaction finished, 46 segments merged"
2025-12-01T19:53:43Z svc=authz level=INFO msg="batch 3481 committed"
2025-12-01T19:53:58Z svc=billing level=INFO msg="batch 3989 committed"
2025-12-01T19:54:11Z svc=search level=INFO msg="batch 6655 committed"
2025-12-01T19:54:22Z svc=api level=INFO msg="compaction finished, 8665 segments merged"
2025-12-01T19:54:25Z svc=search level=INFO msg="retry queue depth=2421"
2025-12-01T19:54:31Z svc=billing level=INFO msg="cache eviction pass removed 1935 entries"
2025-12-01T19:54:40Z svc=authz level=INFO msg="cache eviction pass removed 1578 entries"
2025-12-01T19:54:47Z svc=billing level=INFO msg="batch 197 committed"
2025-12-01T19:55:02Z svc=search level=INFO msg="retry queue depth=2500"
2025-12-01T19:55:06Z svc=scheduler level=INFO msg="healthcheck ok rtt=3633ms"
2025-12-01T19:55:16Z svc=scheduler level=INFO msg="healthcheck ok rtt=794ms"
2025-12-01T19:55:29Z svc=billing level=INFO msg="compaction finished, 2065 segments merged"
2025-12-01T19:55:45Z svc=search level=INFO msg="retry queue depth=198"
2025-12-01T19:56:00Z svc=api level=INFO msg="retry queue depth=114"
2025-12-01T19:56:16Z svc=billing level=INFO msg="compaction finished, 4873 segments merged"
2025-12-01T19:56:26Z svc=search level=INFO msg="token refresh completed in 7486ms"
2025-12-01T19:56:41Z svc=scheduler level=INFO msg="token refresh completed in 6382ms"
2025-12-01T19:56:44Z svc=api level=INFO msg="batch 2783 committed"
2025-12-01T19:56:48Z svc=billing level=INFO msg="healthcheck ok rtt=1966ms"
2025-12-01T19:56:58Z svc=authz level=INFO msg="healthcheck ok rtt=6429ms"
2025-12-01T19:57:14Z svc=api level=INFO msg="compaction finished, 9158 segments merged"
2025-12-01T19:57:25Z svc=search level=INFO msg="batch 7961 committed"
2025-12-01T19:57:30Z svc=scheduler level=INFO msg="cache eviction pass removed 719 entries"
2025-12-01T19:57:38Z svc=billing level=INFO msg="token refresh completed in 9198ms"
2025-12-01T19:57:51Z svc=authz level=INFO msg="compaction finished, 1573 segments merged"
2025-12-01T19:58:07Z svc=api level=INFO msg="cache eviction pass removed 6805 entries"
2025-12-01T19:58:22Z svc=scheduler level=INFO msg="webhook delivery attempt 6491 succeeded"
2025-12-01T19:58:39Z svc=scheduler level=INFO msg="compaction finished, 833 segments merged"
2025-12-01T19:58:45Z svc=billing level=INFO msg="webhook delivery attempt 6353 succeeded"
2025-12-01T19:58:57Z svc=scheduler level=INFO msg="cache eviction pass removed 7623 entries"
2025-12-01T19:59:09Z svc=scheduler level=INFO msg="batch 1755 committed"
2025-12-01T19:59:21Z svc=authz level=INFO msg="webhook delivery attempt 7172 succeeded"
2025-12-01T19:59:27Z svc=ingest level=INFO msg="batch 3334 committed"
2025-12-01T19:59:34Z svc=authz level=INFO msg="batch 4461 committed"
2025-12-01T19:59:51Z svc=api level=INFO msg="compaction finished, 6037 segments merged"
2025-12-01T20:00:00Z svc=api level=INFO msg="healthcheck ok rtt=5173ms"
2025-12-01T20:00:11Z svc=scheduler level=INFO msg="healthcheck ok rtt=8847ms"
2025-12-01T20:00:22Z svc=billing level=INFO msg="webhook delivery attempt 1070 succeeded"
2025-12-01T20:00:37Z svc=search level=INFO msg="healthcheck ok rtt=3478ms"
2025-12-01T20:00:49Z svc=scheduler level=INFO msg="retry queue depth=3108"
2025-12-01T20:01:06Z svc=authz level=INFO msg="healthcheck ok rtt=1464ms"
2025-12-01T20:01:19Z svc=search level=INFO msg="cache eviction pass removed 4790 entries"
2025-12-01T20:01:34Z svc=billing level=INFO msg="compaction finished, 6675 segments merged"
2025-12-01T20:01:46Z svc=authz level=INFO msg="token refresh completed in 5270ms"
2025-12-01T20:01:57Z svc=ingest level=INFO msg="token refresh completed in 7850ms"
2025-12-01T20:02:01Z svc=scheduler level=INFO msg="healthcheck ok rtt=4515ms"
2025-12-01T20:02:05Z svc=api level=INFO msg="cache eviction pass removed 7365 entries"
2025-12-01T20:02:18Z svc=ingest level=INFO msg="healthcheck ok rtt=2739ms"
2025-12-01T20:02:21Z svc=api level=INFO msg="batch 3424 committed"
2025-12-01T20:02:31Z svc=billing level=INFO msg="webhook delivery attempt 2460 succeeded"
2025-12-01T20:02:38Z svc=billing level=INFO msg="healthcheck ok rtt=4189ms"
2025-12-01T20:02:47Z svc=ingest level=INFO msg="token refresh completed in 4244ms"
2025-12-01T20:02:52Z svc=billing level=INFO msg="batch 6801 committed"
2025-12-01T20:03:05Z svc=scheduler level=INFO msg="healthcheck ok rtt=5643ms"
2025-12-01T20:03:13Z svc=search level=INFO msg="cache eviction pass removed 6875 entries"
2025-12-01T20:03:18Z svc=scheduler level=INFO msg="webhook delivery attempt 5463 succeeded"
2025-12-01T20:03:23Z svc=search level=INFO msg="batch 9021 committed"
2025-12-01T20:03:33Z svc=scheduler level=INFO msg="compaction finished, 7020 segments merged"
2025-12-01T20:03:40Z svc=billing level=INFO msg="retry queue depth=8318"
2025-12-01T20:03:45Z svc=billing level=INFO msg="webhook delivery attempt 1252 succeeded"
2025-12-01T20:03:48Z svc=billing level=INFO msg="token refresh completed in 2272ms"
2025-12-01T20:04:04Z svc=authz level=INFO msg="cache eviction pass removed 3807 entries"
2025-12-01T20:04:16Z svc=scheduler level=INFO msg="cache eviction pass removed 3132 entries"
2025-12-01T20:04:24Z svc=search level=INFO msg="batch 3876 committed"
2025-12-01T20:04:37Z svc=scheduler level=INFO msg="token refresh completed in 2617ms"
2025-12-01T20:04:44Z svc=scheduler level=INFO msg="retry queue depth=2219"
2025-12-01T20:04:50Z svc=ingest level=INFO msg="retry queue depth=9165"
2025-12-01T20:05:05Z svc=search level=INFO msg="token refresh completed in 3008ms"
2025-12-01T20:05:21Z svc=api level=INFO msg="retry queue depth=101"
2025-12-01T20:05:32Z svc=ingest level=INFO msg="token refresh completed in 470ms"
2025-12-01T20:05:39Z svc=api level=INFO msg="batch 8199 committed"
2025-12-01T20:05:51Z svc=ingest level=INFO msg="compaction finished, 4322 segments merged"
2025-12-01T20:05:54Z svc=scheduler level=INFO msg="healthcheck ok rtt=9198ms"
2025-12-01T20:05:57Z svc=billing level=INFO msg="token refresh completed in 1408ms"
2025-12-01T20:06:06Z svc=scheduler level=INFO msg="healthcheck ok rtt=6308ms"
2025-12-01T20:06:14Z svc=authz level=INFO msg="cache eviction pass removed 9458 entries"
2025-12-01T20:06:29Z svc=authz level=INFO msg="cache eviction pass removed 9481 entries"
2025-12-01T20:06:34Z svc=search level=INFO msg="healthcheck ok rtt=549ms"
2025-12-01T20:06:43Z svc=ingest level=INFO msg="token refresh completed in 9287ms"
2025-12-01T20:06:50Z svc=search level=INFO msg="cache eviction pass removed 6084 entries"
2025-12-01T20:06:55Z svc=authz level=INFO msg="batch 6145 committed"
2025-12-01T20:07:04Z svc=ingest level=INFO msg="compaction finished, 6149 segments merged"
2025-12-01T20:07:18Z svc=scheduler level=INFO msg="batch 3733 committed"
2025-12-01T20:07:35Z svc=api level=INFO msg="healthcheck ok rtt=8773ms"
2025-12-01T20:07:39Z svc=scheduler level=INFO msg="retry queue depth=4297"
2025-12-01T20:07:50Z svc=billing level=INFO msg="compaction finished, 422 segments merged"
2025-12-01T20:08:07Z svc=authz level=INFO msg="retry queue depth=3910"
2025-12-01T20:08:12Z svc=billing level=INFO msg="token refresh completed in 1308ms"
2025-12-01T20:08:16Z svc=api level=INFO msg="healthcheck ok rtt=5745ms"
2025-12-01T20:08:29Z svc=api level=INFO msg="batch 5011 committed"
2025-12-01T20:08:41Z svc=billing level=INFO msg="cache eviction pass removed 331 entries"
2025-12-01T20:08:48Z svc=scheduler level=INFO msg="compaction finished, 3106 segments merged"
2025-12-01T20:08:57Z svc=search level=INFO msg="token refresh completed in 8453ms"
2025-12-01T20:09:14Z svc=billing level=INFO msg="retry queue depth=1450"
2025-12-01T20:09:29Z svc=scheduler level=INFO msg="batch 8554 committed"
2025-12-01T20:09:43Z svc=billing level=INFO msg="batch 8446 committed"
2025-12-01T20:09:54Z svc=authz level=INFO msg="compaction finished, 9294 segments merged"
2025-12-01T20:10:10Z svc=api level=INFO msg="retry queue depth=7643"
2025-12-01T20:10:17Z svc=search level=INFO msg="healthcheck ok rtt=218ms"
2025-12-01T20:10:31Z svc=ingest level=INFO msg="compaction finished, 5030 segments merged"
2025-12-01T20:10:38Z svc=search level=INFO msg="webhook delivery attempt 7198 succeeded"
2025-12-01T20:10:46Z svc=authz level=INFO msg="token refresh completed in 7029ms"
2025-12-01T20:11:02Z svc=ingest level=INFO msg="token refresh completed in 7691ms"
2025-12-01T20:11:13Z svc=scheduler level=INFO msg="token refresh completed in 5754ms"
2025-12-01T20:11:25Z svc=authz level=INFO msg="token refresh completed in 953ms"
2025-12-01T20:11:39Z svc=authz level=INFO msg="webhook delivery attempt 254 succeeded"
2025-12-01T20:11:49Z svc=scheduler level=INFO msg="retry queue depth=1169"
2025-12-01T20:11:54Z svc=api level=INFO msg="batch 2216 committed"
2025-12-01T20:12:07Z svc=authz level=INFO msg="batch 4909 committed"
2025-12-01T20:12:11Z svc=billing level=INFO msg="healthcheck ok rtt=1238ms"
2025-12-01T20:12:24Z svc=search level=INFO msg="webhook delivery attempt 1926 succeeded"
2025-12-01T20:12:31Z svc=billing level=INFO msg="batch 7182 committed"
2025-12-01T20:12:34Z svc=ingest level=INFO msg="token refresh completed in 8197ms"
2025-12-01T20:12:45Z svc=authz level=INFO msg="token refresh completed in 3919ms"
2025-12-01T20:13:02Z svc=ingest level=INFO msg="batch 1443 committed"
2025-12-01T20:13:18Z svc=scheduler level=INFO msg="healthcheck ok rtt=5048ms"
2025-12-01T20:13:27Z svc=ingest level=INFO msg="retry queue depth=784"
2025-12-01T20:13:42Z svc=search level=INFO msg="token refresh completed in 3110ms"
2025-12-01T20:13:45Z svc=scheduler level=INFO msg="healthcheck ok rtt=6036ms"
2025-12-01T20:13:49Z svc=scheduler level=INFO msg="webhook delivery attempt 7771 succeeded"
2025-12-01T20:13:53Z svc=authz level=INFO msg="token refresh completed in 2780ms"
2025-12-01T20:13:57Z svc=authz level=INFO msg="batch 8398 committed"
2025-12-01T20:14:06Z svc=api level=INFO msg="retry queue depth=710"
2025-12-01T20:14:13Z svc=search level=INFO msg="batch 1343 committed"
2025-12-01T20:14:17Z svc=search level=INFO msg="batch 6305 committed"
2025-12-01T20:14:33Z svc=ingest level=INFO msg="cache eviction pass removed 8392 entries"
2025-12-01T20:14:39Z svc=search level=INFO msg="batch 6840 committed"
2025-12-01T20:14:49Z svc=api level=INFO msg="webhook delivery attempt 5271 succeeded"
2025-12-01T20:14:59Z svc=search level=INFO msg="cache eviction pass removed 3212 entries"
2025-12-01T20:15:09Z svc=ingest level=INFO msg="compaction finished, 9323 segments merged"
2025-12-01T20:15:18Z svc=billing level=INFO msg="cache eviction pass removed 5430 entries"
2025-12-01T20:15:24Z svc=ingest level=INFO msg="compaction finished, 1348 segments merged"
2025-12-01T20:15:30Z svc=authz level=INFO msg="compaction finished, 4725 segments merged"
2025-12-01T20:15:43Z svc=billing level=INFO msg="webhook delivery attempt 3895 succeeded"
2025-12-01T20:15:48Z svc=scheduler level=INFO msg="batch 2530 committed"
2025-12-01T20:16:04Z svc=search level=INFO msg="compaction finished, 7496 segments merged"
2025-12-01T20:16:12Z svc=api level=INFO msg="webhook delivery attempt 5858 succeeded"
2025-12-01T20:16:22Z svc=scheduler level=INFO msg="token refresh completed in 719ms"
2025-12-01T20:16:27Z svc=search level=INFO msg="healthcheck ok rtt=8258ms"
2025-12-01T20:16:33Z svc=api level=INFO msg="retry queue depth=2682"
2025-12-01T20:16:47Z svc=authz level=INFO msg="cache eviction pass removed 1055 entries"
2025-12-01T20:17:04Z svc=search level=INFO msg="token refresh completed in 5274ms"
2025-12-01T20:17:09Z svc=api level=INFO msg="webhook delivery attempt 4488 succeeded"
2025-12-01T20:17:19Z svc=search level=INFO msg="webhook delivery attempt 8524 succeeded"
2025-12-01T20:17:36Z svc=ingest level=INFO msg="retry queue depth=7773"
2025-12-01T20:17:42Z svc=search level=INFO msg="retry queue depth=5312"
2025-12-01T20:17:55Z svc=billing level=INFO msg="batch 7522 committed"
2025-12-01T20:18:02Z svc=authz level=INFO msg="token refresh completed in 1946ms"
2025-12-01T20:18:13Z svc=search level=INFO msg="webhook delivery attempt 3256 succeeded"
2025-12-01T20:18:18Z svc=ingest level=INFO msg="compaction finished, 8845 segments merged"
2025-12-01T20:18:29Z svc=authz level=INFO msg="compaction finished, 1750 segments merged"
2025-12-01T20:18:35Z svc=search level=INFO msg="retry queue depth=5460"
2025-12-01T20:18:40Z svc=search level=INFO msg="batch 3243 committed"
2025-12-01T20:18:48Z svc=authz level=INFO msg="retry queue depth=721"
2025-12-01T20:19:04Z svc=api level=INFO msg="compaction finished, 8171 segments merged"
2025-12-01T20:19:10Z svc=search level=INFO msg="compaction finished, 6965 segments merged"
2025-12-01T20:19:14Z svc=api level=INFO msg="webhook delivery attempt 7560 succeeded"
2025-12-01T20:19:31Z svc=scheduler level=INFO msg="token refresh completed in 5037ms"
2025-12-01T20:19:41Z svc=api level=INFO msg="cache eviction pass removed 568 entries"
2025-12-01T20:19:51Z svc=scheduler level=INFO msg="webhook delivery attempt 7240 succeeded"
2025-12-01T20:20:05Z svc=search level=INFO msg="compaction finished, 6954 segments merged"
2025-12-01T20:20:17Z svc=api level=INFO msg="batch 4427 committed"
2025-12-01T20:20:26Z svc=search level=INFO msg="retry queue depth=6511"
2025-12-01T20:20:35Z svc=authz level=INFO msg="healthcheck ok rtt=7470ms"
2025-12-01T20:20:44Z svc=authz level=INFO msg="webhook delivery attempt 5485 succeeded"
2025-12-01T20:20:54Z svc=scheduler level=INFO msg="batch 3094 committed"
2025-12-01T20:20:58Z svc=api level=INFO msg="retry queue depth=5507"
2025-12-01T20:21:05Z svc=authz level=INFO msg="token refresh completed in 4976ms"
2025-12-01T20:21:21Z svc=search level=INFO msg="token refresh completed in 6874ms"
2025-12-01T20:21:35Z svc=billing level=INFO msg="healthcheck ok rtt=1556ms"
2025-12-01T20:21:38Z svc=authz level=INFO msg="token refresh completed in 1529ms"
2025-12-01T20:21:47Z svc=billing level=INFO msg="token refresh completed in 1287ms"
2025-12-01T20:21:52Z svc=api level=INFO msg="retry queue depth=4199"
2025-12-01T20:22:02Z svc=ingest level=INFO msg="compaction finished, 5122 segments merged"
2025-12-01T20:22:18Z svc=search level=INFO msg="cache eviction pass removed 8560 entries"
2025-12-01T20:22:24Z svc=scheduler level=INFO msg="cache eviction pass removed 6974 entries"
2025-12-01T20:22:41Z svc=authz level=INFO msg="batch 4457 committed"
2025-12-01T20:22:47Z svc=search level=INFO msg="batch 5135 committed"
2025-12-01T20:23:03Z svc=ingest level=INFO msg="webhook delivery attempt 7006 succeeded"
2025-12-01T20:23:20Z svc=ingest level=INFO msg="webhook delivery attempt 8415 succeeded"
2025-12-01T20:23:25Z svc=billing level=INFO msg="healthcheck ok rtt=4551ms"
2025-12-01T20:23:29Z svc=scheduler level=INFO msg="token refresh completed in 4641ms"
2025-12-01T20:23:33Z svc=ingest level=INFO msg="compaction finished, 242 segments merged"
2025-12-01T20:23:44Z svc=scheduler level=INFO msg="webhook delivery attempt 2603 succeeded"
2025-12-01T20:23:58Z svc=search level=INFO msg="compaction finished, 5633 segments merged"
2025-12-01T20:24:07Z svc=authz level=INFO msg="compaction finished, 6402 segments merged"
2025-12-01T20:24:13Z svc=authz level=INFO msg="healthcheck ok rtt=4483ms"
2025-12-01T20:24:18Z svc=ingest level=INFO msg="healthcheck ok rtt=2145ms"
2025-12-01T20:24:26Z svc=authz level=INFO msg="compaction finished, 1857 segments merged"
2025-12-01T20:24:40Z svc=ingest level=INFO msg="cache eviction pass removed 7862 entries"
2025-12-01T20:24:48Z svc=scheduler level=INFO msg="retry queue depth=9314"
2025-12-01T20:24:56Z svc=authz level=INFO msg="compaction finished, 6190 segments merged"
2025-12-01T20:25:08Z svc=authz level=INFO msg="batch 5665 committed"
2025-12-01T20:25:25Z svc=authz level=INFO msg="cache eviction pass removed 5635 entries"
2025-12-01T20:25:42Z svc=authz level=INFO msg="healthcheck ok rtt=6517ms"
2025-12-01T20:25:49Z svc=search level=INFO msg="token refresh completed in 657ms"
2025-12-01T20:26:05Z svc=api level=INFO msg="compaction finished, 3990 segments merged"
2025-12-01T20:26:16Z svc=scheduler level=INFO msg="webhook delivery attempt 6699 succeeded"
2025-12-01T20:26:23Z svc=scheduler level=INFO msg="healthcheck ok rtt=9353ms"
2025-12-01T20:26:34Z svc=search level=INFO msg="compaction finished, 3206 segments merged"
2025-12-01T20:26:44Z svc=search level=INFO msg="healthcheck ok rtt=7158ms"
2025-12-01T20:26:53Z svc=scheduler level=INFO msg="batch 6 committed"
2025-12-01T20:26:59Z svc=billing level=INFO msg="cache eviction pass removed 874 entries"
2025-12-01T20:27:09Z svc=billing level=INFO msg="batch 2992 committed"
2025-12-01T20:27:24Z svc=billing level=INFO msg="token refresh completed in 7286ms"
2025-12-01T20:27:38Z svc=ingest level=INFO msg="webhook delivery attempt 5134 succeeded"
2025-12-01T20:27:47Z svc=billing level=INFO msg="webhook delivery attempt 9443 succeeded"
2025-12-01T20:27:59Z svc=scheduler level=INFO msg="webhook delivery attempt 3856 succeeded"
2025-12-01T20:28:11Z svc=billing level=INFO msg="compaction finished, 7545 segments merged"
2025-12-01T20:28:25Z svc=billing level=INFO msg="batch 4152 committed"
2025-12-01T20:28:33Z svc=authz level=INFO msg="batch 8105 committed"
2025-12-01T20:28:37Z svc=api level=INFO msg="compaction finished, 1763 segments merged"
2025-12-01T20:28:44Z svc=billing level=INFO msg="token refresh completed in 3064ms"
2025-12-01T20:28:54Z svc=scheduler level=INFO msg="webhook delivery attempt 8015 succeeded"
2025-12-01T20:29:03Z svc=api level=INFO msg="retry queue depth=6184"
2025-12-01T20:29:06Z svc=scheduler level=INFO msg="compaction finished, 1089 segments merged"
2025-12-01T20:29:22Z svc=scheduler level=INFO msg="webhook delivery attempt 5111 succeeded"
2025-12-01T20:29:38Z svc=api level=INFO msg="retry queue depth=3137"
2025-12-01T20:29:43Z svc=scheduler level=INFO msg="batch 2385 committed"
2025-12-01T20:29:57Z svc=authz level=INFO msg="compaction finished, 9467 segments merged"
2025-12-01T20:30:10Z svc=ingest level=INFO msg="cache eviction pass removed 3129 entries"
2025-12-01T20:30:23Z svc=api level=INFO msg="token refresh completed in 892ms"
2025-12-01T20:30:27Z svc=billing level=INFO msg="token refresh completed in 6062ms"
2025-12-01T20:30:39Z svc=billing level=INFO msg="retry queue depth=6154"
2025-12-01T20:30:53Z svc=authz level=INFO msg="healthcheck ok rtt=1961ms"
2025-12-01T20:30:56Z svc=api level=INFO msg="batch 5246 committed"
2025-12-01T20:31:00Z svc=billing level=INFO msg="cache eviction pass removed 6795 entries"
2025-12-01T20:31:08Z svc=search level=INFO msg="token refresh completed in 8853ms"
2025-12-01T20:31:17Z svc=billing level=INFO msg="cache eviction pass removed 9432 entries"
2025-12-01T20:31:27Z svc=billing level=INFO msg="cache eviction pass removed 1266 entries"
2025-12-01T20:31:36Z svc=search level=INFO msg="webhook delivery attempt 1955 succeeded"
2025-12-01T20:31:49Z svc=ingest level=INFO msg="batch 9040 committed"
2025-12-01T20:32:00Z svc=authz level=INFO msg="compaction finished, 579 segments merged"
2025-12-01T20:32:08Z svc=ingest level=INFO msg="webhook delivery attempt 6793 succeeded"
2025-12-01T20:32:16Z svc=ingest level=INFO msg="healthcheck ok rtt=1118ms"
2025-12-01T20:32:29Z svc=api level=INFO msg="retry queue depth=2986"
2025-12-01T20:32:39Z svc=scheduler level=INFO msg="healthcheck ok rtt=6270ms"
2025-12-01T20:32:53Z svc=api level=INFO msg="token refresh completed in 7898ms"
2025-12-01T20:33:04Z svc=api level=INFO msg="webhook delivery attempt 3280 succeeded"
2025-12-01T20:33:10Z svc=billing level=INFO msg="healthcheck ok rtt=232ms"
2025-12-01T20:33:22Z svc=scheduler level=INFO msg="healthcheck ok rtt=9195ms"
2025-12-01T20:33:35Z svc=billing level=INFO msg="token refresh completed in 7341ms"
2025-12-01T20:33:50Z svc=authz level=INFO msg="batch 4441 committed"
2025-12-01T20:33:55Z svc=scheduler level=INFO msg="webhook delivery attempt 7384 succeeded"
2025-12-01T20:34:12Z svc=billing level=INFO msg="retry queue depth=4449"
2025-12-01T20:34:17Z svc=search level=INFO msg="cache eviction pass removed 824 entries"
2025-12-01T20:34:29Z svc=scheduler level=INFO msg="cache eviction pass removed 8944 entries"
2025-12-01T20:34:35Z svc=billing level=INFO msg="webhook delivery attempt 8635 succeeded"
2025-12-01T20:34:39Z svc=authz level=INFO msg="token refresh completed in 2178ms"
2025-12-01T20:34:47Z svc=billing level=INFO msg="cache eviction pass removed 6634 entries"
2025-12-01T20:35:03Z svc=search level=INFO msg="retry queue depth=2385"
2025-12-01T20:35:08Z svc=billing level=INFO msg="compaction finished, 5892 segments merged"
2025-12-01T20:35:11Z svc=scheduler level=INFO msg="healthcheck ok rtt=5234ms"
2025-12-01T20:35:20Z svc=billing level=INFO msg="healthcheck ok rtt=5969ms"
2025-12-01T20:35:25Z svc=search level=INFO msg="batch 3859 committed"
2025-12-01T20:35:41Z svc=search level=INFO msg="cache eviction pass removed 1355 entries"
2025-12-01T20:35:55Z svc=authz level=INFO msg="cache eviction pass removed 3413 entries"
2025-12-01T20:35:59Z svc=ingest level=INFO msg="compaction finished, 6037 segments merged"
2025-12-01T20:36:02Z svc=billing level=INFO msg="webhook delivery attempt 8314 succeeded"
2025-12-01T20:36:19Z svc=authz level=INFO msg="cache eviction pass removed 7349 entries"
2025-12-01T20:36:32Z svc=authz level=INFO msg="token refresh completed in 3299ms"
2025-12-01T20:36:43Z svc=authz level=INFO msg="webhook delivery attempt 9270 succeeded"
2025-12-01T20:36:51Z svc=ingest level=INFO msg="compaction finished, 2344 segments merged"
2025-12-01T20:37:01Z svc=ingest level=INFO msg="cache eviction pass removed 8238 entries"
2025-12-01T20:37:10Z svc=billing level=INFO msg="token refresh completed in 2282ms"
2025-12-01T20:37:25Z svc=api level=INFO msg="retry queue depth=5761"
2025-12-01T20:37:31Z svc=scheduler level=INFO msg="healthcheck ok rtt=2723ms"
2025-12-01T20:37:38Z svc=authz level=INFO msg="batch 6232 committed"
2025-12-01T20:37:50Z svc=api level=INFO msg="batch 7042 committed"
2025-12-01T20:38:00Z svc=scheduler level=INFO msg="compaction finished, 7524 segments merged"
2025-12-01T20:38:10Z svc=ingest level=INFO msg="webhook delivery attempt 5917 succeeded"
2025-12-01T20:38:20Z svc=ingest level=INFO msg="webhook delivery attempt 5177 succeeded"
2025-12-01T20:38:25Z svc=ingest level=INFO msg="webhook delivery attempt 3615 succeeded"
2025-12-01T20:38:42Z svc=ingest level=INFO msg="cache eviction pass removed 8874 entries"
2025-12-01T20:38:54Z svc=api level=INFO msg="batch 2933 committed"
2025-12-01T20:39:09Z svc=search level=INFO msg="webhook delivery attempt 1181 succeeded"
2025-12-01T20:39:25Z svc=authz level=INFO msg="batch 8199 committed"
2025-12-01T20:39:38Z svc=authz level=INFO msg="webhook delivery attempt 4469 succeeded"
2025-12-01T20:39:42Z svc=authz level=INFO msg="token refresh completed in 7568ms"
2025-12-01T20:39:49Z svc=billing level=INFO msg="webhook delivery attempt 1423 succeeded"
2025-12-01T20:40:06Z svc=billing level=INFO msg="cache eviction pass removed 7424 entries"
2025-12-01T20:40:11Z svc=billing level=INFO msg="batch 1838 committed"
2025-12-01T20:40:26Z svc=ingest level=INFO msg="token refresh completed in 8840ms"
2025-12-01T20:40:37Z svc=search level=INFO msg="batch 7865 committed"
2025-12-01T20:40:48Z svc=authz level=INFO msg="webhook delivery attempt 415 succeeded"
2025-12-01T20:40:56Z svc=api level=INFO msg="healthcheck ok rtt=4467ms"
2025-12-01T20:41:00Z svc=scheduler level=INFO msg="token refresh completed in 8248ms"
2025-12-01T20:41:13Z svc=authz level=INFO msg="healthcheck ok rtt=3926ms"
2025-12-01T20:41:21Z svc=ingest level=INFO msg="token refresh completed in 1728ms"
2025-12-01T20:41:37Z svc=billing level=INFO msg="compaction finished, 6958 segments merged"
2025-12-01T20:41:53Z svc=scheduler level=INFO msg="webhook delivery attempt 5691 succeeded"
2025-12-01T20:42:08Z svc=search level=INFO msg="compaction finished, 4599 segments merged"
2025-12-01T20:42:18Z svc=ingest level=INFO msg="healthcheck ok rtt=9199ms"
2025-12-01T20:42:28Z svc=billing level=INFO msg="token refresh completed in 9033ms"
2025-12-01T20:42:34Z svc=billing level=INFO msg="cache eviction pass removed 8451 entries"
2025-12-01T20:42:49Z svc=api level=INFO msg="batch 7906 committed"
2025-12-01T20:43:00Z svc=scheduler level=INFO msg="cache eviction pass removed 4021 entries"
2025-12-01T20:43:06Z svc=api level=INFO msg="compaction finished, 8435 segments merged"
2025-12-01T20:43:20Z svc=ingest level=INFO msg="webhook delivery attempt 8633 succeeded"
2025-12-01T20:43:25Z svc=billing level=INFO msg="healthcheck ok rtt=2328ms"
2025-12-01T20:43:30Z svc=authz level=INFO msg="token refresh completed in 301ms"
2025-12-01T20:43:41Z svc=ingest level=INFO msg="batch 2900 committed"
2025-12-01T20:43:46Z svc=billing level=INFO msg="token refresh completed in 3904ms"
2025-12-01T20:43:59Z svc=authz level=INFO msg="cache eviction pass removed 1839 entries"
2025-12-01T20:44:09Z svc=billing level=INFO msg="batch 166 committed"
2025-12-01T20:44:14Z svc=billing level=INFO msg="webhook delivery attempt 422 succeeded"
2025-12-01T20:44:22Z svc=scheduler level=INFO msg="cache eviction pass removed 5842 entries"
2025-12-01T20:44:26Z svc=scheduler level=INFO msg="cache eviction pass removed 7696 entries"
2025-12-01T20:44:36Z svc=scheduler level=INFO msg="compaction finished, 2966 segments merged"
2025-12-01T20:44:41Z svc=authz level=INFO msg="webhook delivery attempt 472 succeeded"
2025-12-01T20:44:50Z svc=api level=INFO msg="healthcheck ok rtt=4168ms"
2025-12-01T20:45:06Z svc=search level=INFO msg="retry queue depth=893"
2025-12-01T20:45:09Z svc=scheduler level=INFO msg="healthcheck ok rtt=8111ms"
2025-12-01T20:45:14Z svc=billing level=INFO msg="cache eviction pass removed 1557 entries"
2025-12-01T20:45:26Z svc=authz level=INFO msg="cache eviction pass removed 4848 entries"
2025-12-01T20:45:30Z svc=ingest level=INFO msg="cache eviction pass removed 2922 entries"
2025-12-01T20:45:39Z svc=ingest level=INFO msg="batch 6631 committed"
2025-12-01T20:45:51Z svc=authz level=INFO msg="compaction finished, 3100 segments merged"
2025-12-01T20:46:00Z svc=api level=INFO msg="healthcheck ok rtt=2070ms"
2025-12-01T20:46:09Z svc=authz level=INFO msg="healthcheck ok rtt=5046ms"
2025-12-01T20:46:16Z svc=api level=INFO msg="webhook delivery attempt 2234 succeeded"
2025-12-01T20:46:19Z svc=billing level=INFO msg="batch 1349 committed"
2025-12-01T20:46:24Z svc=search level=INFO msg="compaction finished, 1554 segments merged"
2025-12-01T20:46:40Z svc=search level=INFO msg="retry queue depth=2082"
2025-12-01T20:46:57Z svc=authz level=INFO msg="cache eviction pass removed 6662 entries"
2025-12-01T20:47:12Z svc=scheduler level=INFO msg="cache eviction pass removed 7660 entries"
2025-12-01T20:47:26Z svc=ingest level=INFO msg="batch 2697 committed"
2025-12-01T20:47:38Z svc=ingest level=INFO msg="batch 4786 committed"
2025-12-01T20:47:50Z svc=scheduler level=INFO msg="token refresh completed in 7619ms"
2025-12-01T20:48:07Z svc=search level=INFO msg="retry queue depth=691"
2025-12-01T20:48:22Z svc=search level=INFO msg="cache eviction pass removed 1649 entries"
2025-12-01T20:48:29Z svc=billing level=INFO msg="healthcheck ok rtt=4202ms"
2025-12-01T20:48:44Z svc=api level=INFO msg="webhook delivery attempt 4107 succeeded"
2025-12-01T20:49:01Z svc=ingest level=INFO msg="cache eviction pass removed 6968 entries"
2025-12-01T20:49:12Z svc=authz level=INFO msg="compaction finished, 4897 segments merged"
2025-12-01T20:49:25Z svc=billing level=INFO msg="batch 5453 committed"
2025-12-01T20:49:40Z svc=api level=INFO msg="webhook delivery attempt 9287 succeeded"
2025-12-01T20:49:50Z svc=api level=INFO msg="token refresh completed in 5820ms"
2025-12-01T20:49:57Z svc=authz level=INFO msg="cache eviction pass removed 955 entries"
2025-12-01T20:50:02Z svc=billing level=INFO msg="retry queue depth=5360"
2025-12-01T20:50:17Z svc=api level=INFO msg="batch 2647 committed"
2025-12-01T20:50:24Z svc=scheduler level=INFO msg="cache eviction pass removed 3793 entries"
2025-12-01T20:50:33Z svc=billing level=INFO msg="compaction finished, 2211 segments merged"
2025-12-01T20:50:36Z svc=search level=INFO msg="retry queue depth=8562"
2025-12-01T20:50:52Z svc=billing level=INFO msg="batch 5279 committed"
2025-12-01T20:51:06Z svc=authz level=INFO msg="cache eviction pass removed 1282 entries"
2025-12-01T20:51:13Z svc=authz level=INFO msg="webhook delivery attempt 8101 succeeded"
2025-12-01T20:51:19Z svc=api level=INFO msg="healthcheck ok rtt=1174ms"
2025-12-01T20:51:28Z svc=api level=INFO msg="token refresh completed in 395ms"
2025-12-01T20:51:37Z svc=billing level=INFO msg="retry queue depth=1062"
2025-12-01T20:51:43Z svc=scheduler level=INFO msg="healthcheck ok rtt=3697ms"
2025-12-01T20:51:50Z svc=scheduler level=INFO msg="cache eviction pass removed 8059 entries"
2025-12-01T20:52:06Z svc=api level=INFO msg="cache eviction pass removed 327 entries"
2025-12-01T20:52:19Z svc=api level=INFO msg="token refresh completed in 8316ms"
2025-12-01T20:52:30Z svc=scheduler level=INFO msg="retry queue depth=6106"
2025-12-01T20:52:44Z svc=api level=INFO msg="token refresh completed in 7809ms"
2025-12-01T20:52:55Z svc=api level=INFO msg="compaction finished, 150 segments merged"
2025-12-01T20:53:12Z svc=ingest level=INFO msg="cache eviction pass removed 2021 entries"
2025-12-01T20:53:22Z svc=ingest level=INFO msg="compaction finished, 7850 segments merged"
2025-12-01T20:53:31Z svc=api level=INFO msg="retry queue depth=1929"
2025-12-01T20:53:38Z svc=search level=INFO msg="healthcheck ok rtt=7728ms"
2025-12-01T20:53:49Z svc=authz level=INFO msg="cache eviction pass removed 1500 entries"
2025-12-01T20:54:01Z svc=search level=INFO msg="healthcheck ok rtt=2178ms"
2025-12-01T20:54:18Z svc=search level=INFO msg="batch 6748 committed"
2025-12-01T20:54:30Z svc=billing level=INFO msg="token refresh completed in 6909ms"
2025-12-01T20:54:43Z svc=ingest level=INFO msg="retry queue depth=5875"
2025-12-01T20:54:53Z svc=ingest level=INFO msg="batch 8560 committed"
2025-12-01T20:55:08Z svc=authz level=INFO msg="healthcheck ok rtt=8875ms"
2025-12-01T20:55:24Z svc=search level=INFO msg="token refresh completed in 1341ms"
2025-12-01T20:55:29Z svc=scheduler level=INFO msg="retry queue depth=7534"
2025-12-01T20:55:46Z svc=search level=INFO msg="compaction finished, 2112 segments merged"
2025-12-01T20:55:51Z svc=scheduler level=INFO msg="token refresh completed in 8877ms"
2025-12-01T20:56:00Z svc=search level=INFO msg="compaction finished, 8718 segments merged"
2025-12-01T20:56:13Z svc=authz level=INFO msg="webhook delivery attempt 8414 succeeded"
2025-12-01T20:56:25Z svc=api level=INFO msg="webhook delivery attempt 2219 succeeded"
2025-12-01T20:56:37Z svc=scheduler level=INFO msg="cache eviction pass removed 3630 entries"
2025-12-01T20:56:51Z svc=search level=INFO msg="token refresh completed in 7908ms"
2025-12-01T20:57:06Z svc=billing level=INFO msg="webhook delivery attempt 6527 succeeded"
2025-12-01T20:57:23Z svc=search level=INFO msg="webhook delivery attempt 8704 succeeded"
2025-12-01T20:57:38Z svc=ingest level=INFO msg="retry queue depth=8857"
2025-12-01T20:57:48Z svc=api level=INFO msg="cache eviction pass removed 4477 entries"
2025-12-01T20:57:57Z svc=api level=INFO msg="batch 4534 committed"
2025-12-01T20:58:07Z svc=billing level=INFO msg="healthcheck ok rtt=1096ms"
2025-12-01T20:58:15Z svc=authz level=INFO msg="webhook delivery attempt 5143 succeeded"
2025-12-01T20:58:21Z svc=ingest level=INFO msg="compaction finished, 6810 segments merged"
2025-12-01T20:58:25Z svc=search level=INFO msg="retry queue depth=6989"
2025-12-01T20:58:32Z svc=api level=INFO msg="cache eviction pass removed 3269 entries"
2025-12-01T20:58:39Z svc=billing level=INFO msg="token refresh completed in 4294ms"
2025-12-01T20:58:45Z svc=api level=INFO msg="token refresh completed in 3187ms"
2025-12-01T20:59:01Z svc=ingest level=INFO msg="token refresh completed in 689ms"
2025-12-01T20:59:12Z svc=authz level=INFO msg="healthcheck ok rtt=4197ms"
2025-12-01T20:59:27Z svc=search level=INFO msg="webhook delivery attempt 9243 succeeded"
2025-12-01T20:59:39Z svc=ingest level=INFO msg="retry queue depth=2782"
2025-12-01T20:59:55Z svc=ingest level=INFO msg="healthcheck ok rtt=6464ms"
2025-12-01T21:00:02Z svc=authz level=INFO msg="cache eviction pass removed 544 entries"
2025-12-01T21:00:05Z svc=ingest level=INFO msg="token refresh completed in 5768ms"
2025-12-01T21:00:13Z svc=ingest level=INFO msg="cache eviction pass removed 5924 entries"
2025-12-01T21:00:20Z svc=ingest level=INFO msg="retry queue depth=1648"
2025-12-01T21:00:35Z svc=authz level=INFO msg="cache eviction pass removed 1858 entries"
2025-12-01T21:00:48Z svc=ingest level=INFO msg="token refresh completed in 287ms"
2025-12-01T21:01:05Z svc=search level=INFO msg="cache eviction pass removed 1011 entries"
2025-12-01T21:01:11Z svc=api level=INFO msg="webhook delivery attempt 9268 succeeded"
2025-12-01T21:01:24Z svc=search level=INFO msg="webhook delivery attempt 1158 succeeded"
2025-12-01T21:01:41Z svc=authz level=INFO msg="retry queue depth=1516"
2025-12-01T21:01:47Z svc=scheduler level=INFO msg="compaction finished, 7652 segments merged"
2025-12-01T21:02:00Z svc=billing level=INFO msg="batch 2610 committed"
2025-12-01T21:02:03Z svc=ingest level=INFO msg="healthcheck ok rtt=916ms"
2025-12-01T21:02:18Z svc=billing level=INFO msg="batch 1459 committed"
2025-12-01T21:02:30Z svc=ingest level=INFO msg="webhook delivery attempt 2605 succeeded"
2025-12-01T21:02:47Z svc=authz level=INFO msg="compaction finished, 7293 segments merged"
2025-12-01T21:02:53Z svc=billing level=INFO msg="compaction finished, 8212 segments merged"
2025-12-01T21:03:02Z svc=ingest level=INFO msg="retry queue depth=4820"
2025-12-01T21:03:12Z svc=api level=INFO msg="token refresh completed in 2423ms"
2025-12-01T21:03:16Z svc=api level=INFO msg="token refresh completed in 111ms"
2025-12-01T21:03:19Z svc=api level=INFO msg="compaction finished, 3336 segments merged"
2025-12-01T21:03:23Z svc=scheduler level=INFO msg="healthcheck ok rtt=6683ms"
2025-12-01T21:03:27Z svc=ingest level=INFO msg="retry queue depth=5633"
2025-12-01T21:03:35Z svc=ingest level=INFO msg="batch 8200 committed"
2025-12-01T21:03:52Z svc=scheduler level=INFO msg="compaction finished, 2019 segments merged"
2025-12-01T21:03:55Z svc=ingest level=INFO msg="cache eviction pass removed 5571 entries"
2025-12-01T21:04:05Z svc=api level=INFO msg="retry queue depth=1662"
2025-12-01T21:04:15Z svc=search level=INFO msg="healthcheck ok rtt=1758ms"
2025-12-01T21:04:22Z svc=search level=INFO msg="batch 8008 committed"
2025-12-01T21:04:35Z svc=scheduler level=INFO msg="webhook delivery attempt 7057 succeeded"
2025-12-01T21:04:42Z svc=ingest level=INFO msg="retry queue depth=6290"
2025-12-01T21:04:48Z svc=scheduler level=INFO msg="compaction finished, 3778 segments merged"
2025-12-01T21:04:59Z svc=billing level=INFO msg="compaction finished, 6201 segments merged"
2025-12-01T21:05:10Z svc=ingest level=INFO msg="token refresh completed in 1358ms"
2025-12-01T21:05:20Z svc=search level=INFO msg="healthcheck ok rtt=3167ms"
2025-12-01T21:05:35Z svc=ingest level=INFO msg="compaction finished, 4668 segments merged"
2025-12-01T21:05:40Z svc=scheduler level=INFO msg="token refresh completed in 2548ms"
2025-12-01T21:05:45Z svc=search level=INFO msg="token refresh completed in 1171ms"
2025-12-01T21:05:51Z svc=api level=INFO msg="healthcheck ok rtt=8850ms"
2025-12-01T21:05:58Z svc=authz level=INFO msg="retry queue depth=3903"
2025-12-01T21:06:11Z svc=ingest level=INFO msg="compaction finished, 3036 segments merged"
2025-12-01T21:06:24Z svc=ingest level=INFO msg="healthcheck ok rtt=3989ms"
2025-12-01T21:06:29Z svc=ingest level=INFO msg="webhook delivery attempt 3918 succeeded"
2025-12-01T21:06:38Z svc=billing level=INFO msg="token refresh completed in 6566ms"
2025-12-01T21:06:46Z svc=api level=INFO msg="retry queue depth=2664"
2025-12-01T21:06:59Z svc=ingest level=INFO msg="token refresh completed in 3128ms"
2025-12-01T21:07:12Z svc=billing level=INFO msg="batch 7267 committed"
2025-12-01T21:07:26Z svc=billing level=INFO msg="token refresh completed in 2595ms"
2025-12-01T21:07:30Z svc=api level=INFO msg="batch 3920 committed"
2025-12-01T21:07:35Z svc=authz level=INFO msg="cache eviction pass removed 3970 entries"
2025-12-01T21:07:48Z svc=scheduler level=INFO msg="healthcheck ok rtt=3714ms"
2025-12-01T21:07:59Z svc=authz level=INFO msg="healthcheck ok rtt=4274ms"
2025-12-01T21:08:12Z svc=scheduler level=INFO msg="batch 7320 committed"
2025-12-01T21:08:25Z svc=authz level=INFO msg="batch 7796 committed"
2025-12-01T21:08:39Z svc=ingest level=INFO msg="retry queue depth=4626"
2025-12-01T21:08:49Z svc=ingest level=INFO msg="webhook delivery attempt 59 succeeded"
2025-12-01T21:09:06Z svc=authz level=INFO msg="compaction finished, 5810 segments merged"
2025-12-01T21:09:19Z svc=search level=INFO msg="token refresh completed in 6165ms"
2025-12-01T21:09:32Z svc=authz level=INFO msg="compaction finished, 3141 segments merged"
2025-12-01T21:09:44Z svc=api level=INFO msg="compaction finished, 1662 segments merged"
2025-12-01T21:09:58Z svc=ingest level=INFO msg="cache eviction pass removed 4540 entries"
2025-12-01T21:10:02Z svc=search level=INFO msg="token refresh completed in 8008ms"
2025-12-01T21:10:07Z svc=search level=INFO msg="healthcheck ok rtt=6010ms"
2025-12-01T21:10:17Z svc=api level=INFO msg="batch 4792 committed"
2025-12-01T21:10:29Z svc=search level=INFO msg="batch 4148 committed"
2025-12-01T21:10:32Z svc=search level=INFO msg="cache eviction pass removed 7474 entries"
2025-12-01T21:10:36Z svc=authz level=INFO msg="compaction finished, 7879 segments merged"
2025-12-01T21:10:42Z svc=billing level=INFO msg="retry queue depth=4693"
2025-12-01T21:10:55Z svc=scheduler level=INFO msg="cache eviction pass removed 9473 entries"
2025-12-01T21:11:00Z svc=scheduler level=INFO msg="cache eviction pass removed 4961 entries"
2025-12-01T21:11:03Z svc=api level=INFO msg="compaction finished, 4573 segments merged"
2025-12-01T21:11:14Z svc=scheduler level=INFO msg="webhook delivery attempt 7610 succeeded"
2025-12-01T21:11:28Z svc=authz level=INFO msg="healthcheck ok rtt=2011ms"
2025-12-01T21:11:38Z svc=billing level=INFO msg="retry queue depth=6011"
2025-12-01T21:11:55Z svc=ingest level=INFO msg="compaction finished, 8461 segments merged"
2025-12-01T21:12:07Z svc=billing level=INFO msg="healthcheck ok rtt=2030ms"
2025-12-01T21:12:19Z svc=api level=INFO msg="healthcheck ok rtt=4494ms"
2025-12-01T21:12:23Z svc=billing level=INFO msg="webhook delivery attempt 1544 succeeded"
2025-12-01T21:12:31Z svc=api level=INFO msg="webhook delivery attempt 3931 succeeded"
2025-12-01T21:12:44Z svc=scheduler level=INFO msg="token refresh completed in 6984ms"
2025-12-01T21:12:54Z svc=ingest level=INFO msg="cache eviction pass removed 2110 entries"
2025-12-01T21:12:57Z svc=authz level=INFO msg="healthcheck ok rtt=7544ms"
2025-12-01T21:13:12Z svc=scheduler level=INFO msg="cache eviction pass removed 6192 entries"
2025-12-01T21:13:24Z svc=scheduler level=INFO msg="webhook delivery attempt 59 succeeded"
2025-12-01T21:13:36Z svc=billing level=INFO msg="healthcheck ok rtt=756ms"
2025-12-01T21:13:52Z svc=search level=INFO msg="compaction finished, 3986 segments merged"
2025-12-01T21:14:02Z svc=search level=INFO msg="retry queue depth=5272"
2025-12-01T21:14:13Z svc=billing level=INFO msg="cache eviction pass removed 2175 entries"
2025-12-01T21:14:20Z svc=search level=INFO msg="compaction finished, 8162 segments merged"
2025-12-01T21:14:25Z svc=scheduler level=INFO msg="retry queue depth=2307"
2025-12-01T21:14:36Z svc=billing level=INFO msg="retry queue depth=5385"
2025-12-01T21:14:51Z svc=ingest level=INFO msg="cache eviction pass removed 4905 entries"
2025-12-01T21:15:01Z svc=search level=INFO msg="batch 4770 committed"
2025-12-01T21:15:05Z svc=scheduler level=INFO msg="token refresh completed in 3294ms"
2025-12-01T21:15:15Z svc=authz level=INFO msg="token refresh completed in 6323ms"
2025-12-01T21:15:18Z svc=scheduler level=INFO msg="cache eviction pass removed 639 entries"
2025-12-01T21:15:28Z svc=search level=INFO msg="retry queue depth=188"
2025-12-01T21:15:42Z svc=search level=INFO msg="retry queue depth=5143"
2025-12-01T21:15:57Z svc=ingest level=INFO msg="retry queue depth=6284"
2025-12-01T21:16:07Z svc=authz level=INFO msg="retry queue depth=8590"
2025-12-01T21:16:19Z svc=ingest level=INFO msg="healthcheck ok rtt=7700ms"
2025-12-01T21:16:24Z svc=api level=INFO msg="healthcheck ok rtt=1328ms"
2025-12-01T21:16:29Z svc=search level=INFO msg="compaction finished, 4467 segments merged"
2025-12-01T21:16:41Z svc=scheduler level=INFO msg="healthcheck ok rtt=7233ms"
2025-12-01T21:16:58Z svc=scheduler level=INFO msg="batch 5451 committed"
2025-12-01T21:17:12Z svc=authz level=INFO msg="batch 5191 committed"
2025-12-01T21:17:29Z svc=scheduler level=INFO msg="cache eviction pass removed 8911 entries"
2025-12-01T21:17:40Z svc=authz level=INFO msg="healthcheck ok rtt=1379ms"
2025-12-01T21:17:49Z svc=api level=INFO msg="compaction finished, 3708 segments merged"
2025-12-01T21:18:01Z svc=api level=INFO msg="webhook delivery attempt 4431 succeeded"
2025-12-01T21:18:14Z svc=authz level=INFO msg="compaction finished, 9010 segments merged"
2025-12-01T21:18:25Z svc=ingest level=INFO msg="webhook delivery attempt 1425 succeeded"
2025-12-01T21:18:33Z svc=api level=INFO msg="cache eviction pass removed 4 entries"
2025-12-01T21:18:41Z svc=scheduler level=INFO msg="batch 7706 committed"
2025-12-01T21:18:49Z svc=api level=INFO msg="token refresh completed in 3143ms"
2025-12-01T21:19:01Z svc=billing level=INFO msg="compaction finished, 4375 segments merged"
2025-12-01T21:19:09Z svc=billing level=INFO msg="cache eviction pass removed 9108 entries"
2025-12-01T21:19:17Z svc=authz level=INFO msg="token refresh completed in 8835ms"
2025-12-01T21:19:21Z svc=scheduler level=INFO msg="cache eviction pass removed 3844 entries"
2025-12-01T21:19:31Z svc=ingest level=INFO msg="webhook delivery attempt 9018 succeeded"
2025-12-01T21:19:40Z svc=scheduler level=INFO msg="batch 1747 committed"
2025-12-01T21:19:46Z svc=scheduler level=INFO msg="batch 2751 committed"
2025-12-01T21:19:58Z svc=authz level=INFO msg="retry queue depth=3372"
2025-12-01T21:20:10Z svc=authz level=INFO msg="retry queue depth=7293"
2025-12-01T21:20:17Z svc=authz level=INFO msg="token refresh completed in 3961ms"
2025-12-01T21:20:28Z svc=ingest level=INFO msg="compaction finished, 7069 segments merged"
2025-12-01T21:20:39Z svc=scheduler level=INFO msg="compaction finished, 623 segments merged"
2025-12-01T21:20:48Z svc=scheduler level=INFO msg="batch 6251 committed"
2025-12-01T21:21:03Z svc=search level=INFO msg="webhook delivery attempt 4309 succeeded"
2025-12-01T21:21:14Z svc=billing level=INFO msg="batch 1023 committed"
2025-12-01T21:21:23Z svc=authz level=INFO msg="retry queue depth=7160"
2025-12-01T21:21:36Z svc=authz level=INFO msg="token refresh completed in 2881ms"
2025-12-01T21:21:40Z svc=scheduler level=INFO msg="healthcheck ok rtt=2444ms"
2025-12-01T21:21:50Z svc=api level=INFO msg="batch 6877 committed"
2025-12-01T21:22:02Z svc=authz level=INFO msg="retry queue depth=5051"
2025-12-01T21:22:08Z svc=search level=INFO msg="compaction finished, 5760 segments merged"
2025-12-01T21:22:11Z svc=scheduler level=INFO msg="webhook delivery attempt 5041 succeeded"
2025-12-01T21:22:21Z svc=search level=INFO msg="batch 2302 committed"
2025-12-01T21:22:31Z svc=api level=INFO msg="token refresh completed in 4940ms"
2025-12-01T21:22:39Z svc=api level=INFO msg="webhook delivery attempt 8133 succeeded"
2025-12-01T21:22:52Z svc=scheduler level=INFO msg="token refresh completed in 4724ms"
2025-12-01T21:23:01Z svc=ingest level=INFO msg="healthcheck ok rtt=5099ms"
2025-12-01T21:23:05Z svc=ingest level=INFO msg="token refresh completed in 8816ms"
2025-12-01T21:23:15Z svc=authz level=INFO msg="healthcheck ok rtt=36ms"
2025-12-01T21:23:31Z svc=scheduler level=INFO msg="compaction finished, 2069 segments merged"
2025-12-01T21:23:42Z svc=search level=INFO msg="compaction finished, 8582 segments merged"
2025-12-01T21:23:53Z svc=billing level=INFO msg="retry queue depth=4058"
2025-12-01T21:24:10Z svc=api level=INFO msg="token refresh completed in 4509ms"
2025-12-01T21:24:14Z svc=billing level=INFO msg="webhook delivery attempt 240 succeeded"
2025-12-01T21:24:25Z svc=ingest level=INFO msg="cache eviction pass removed 2921 entries"
2025-12-01T21:24:33Z svc=billing level=INFO msg="batch 2015 committed"
2025-12-01T21:24:41Z svc=authz level=INFO msg="token refresh completed in 282ms"
2025-12-01T21:24:44Z svc=api level=INFO msg="token refresh completed in 4378ms"
2025-12-01T21:24:56Z svc=billing level=INFO msg="batch 592 committed"
2025-12-01T21:25:06Z svc=scheduler level=INFO msg="token refresh completed in 8749ms"
2025-12-01T21:25:16Z svc=authz level=INFO msg="token refresh completed in 5546ms"
2025-12-01T21:25:26Z svc=billing level=INFO msg="token refresh completed in 5446ms"
2025-12-01T21:25:38Z svc=scheduler level=INFO msg="token refresh completed in 8585ms"
2025-12-01T21:25:44Z svc=search level=INFO msg="batch 2221 committed"
2025-12-01T21:26:00Z svc=scheduler level=INFO msg="webhook delivery attempt 8458 succeeded"
2025-12-01T21:26:05Z svc=search level=INFO msg="compaction finished, 7215 segments merged"
2025-12-01T21:26:18Z svc=authz level=INFO msg="webhook delivery attempt 8002 succeeded"
2025-12-01T21:26:31Z svc=search level=INFO msg="compaction finished, 1148 segments merged"
2025-12-01T21:26:35Z svc=billing level=INFO msg="cache eviction pass removed 1779 entries"
2025-12-01T21:26:41Z svc=scheduler level=INFO msg="retry queue depth=99"
2025-12-01T21:26:54Z svc=api level=INFO msg="compaction finished, 6866 segments merged"
2025-12-01T21:27:05Z svc=ingest level=INFO msg="compaction finished, 5934 segments merged"
2025-12-01T21:27:20Z svc=search level=INFO msg="batch 68 committed"
2025-12-01T21:27:24Z svc=api level=INFO msg="compaction finished, 5226 segments merged"
2025-12-01T21:27:38Z svc=ingest level=INFO msg="cache eviction pass removed 6223 entries"
2025-12-01T21:27:45Z svc=billing level=INFO msg="token refresh completed in 8838ms"
2025-12-01T21:27:50Z svc=scheduler level=INFO msg="token refresh completed in 7898ms"
2025-12-01T21:28:03Z svc=ingest level=INFO msg="webhook delivery attempt 1039 succeeded"
2025-12-01T21:28:16Z svc=ingest level=INFO msg="token refresh completed in 5048ms"
2025-12-01T21:28:25Z svc=billing level=INFO msg="retry queue depth=8546"
2025-12-01T21:28:38Z svc=ingest level=INFO msg="retry queue depth=5332"
2025-12-01T21:28:52Z svc=search level=INFO msg="token refresh completed in 8615ms"
2025-12-01T21:29:04Z svc=scheduler level=INFO msg="healthcheck ok rtt=6215ms"
2025-12-01T21:29:11Z svc=ingest level=INFO msg="webhook delivery attempt 5141 succeeded"
2025-12-01T21:29:17Z svc=api level=INFO msg="compaction finished, 5183 segments merged"
2025-12-01T21:29:29Z svc=authz level=INFO msg="compaction finished, 6501 segments merged"
2025-12-01T21:29:38Z svc=authz level=INFO msg="webhook delivery attempt 2445 succeeded"
2025-12-01T21:29:49Z svc=scheduler level=INFO msg="batch 4894 committed"
2025-12-01T21:29:52Z svc=search level=INFO msg="token refresh completed in 322ms"
2025-12-01T21:29:57Z svc=ingest level=INFO msg="cache eviction pass removed 6986 entries"
2025-12-01T21:30:03Z svc=search level=INFO msg="batch 282 committed"
2025-12-01T21:30:06Z svc=search level=INFO msg="batch 7505 committed"
2025-12-01T21:30:15Z svc=api level=INFO msg="retry queue depth=200"
2025-12-01T21:30:30Z svc=search level=INFO msg="cache eviction pass removed 5383 entries"
2025-12-01T21:30:37Z svc=api level=INFO msg="webhook delivery attempt 8706 succeeded"
2025-12-01T21:30:52Z svc=ingest level=INFO msg="batch 8449 committed"
2025-12-01T21:30:58Z svc=ingest level=INFO msg="healthcheck ok rtt=5642ms"
2025-12-01T21:31:13Z svc=search level=INFO msg="retry queue depth=4268"
2025-12-01T21:31:19Z svc=api level=INFO msg="cache eviction pass removed 2995 entries"
2025-12-01T21:31:22Z svc=search level=INFO msg="batch 1402 committed"
2025-12-01T21:31:37Z svc=authz level=INFO msg="cache eviction pass removed 697 entries"
2025-12-01T21:31:50Z svc=authz level=INFO msg="webhook delivery attempt 7032 succeeded"
2025-12-01T21:31:57Z svc=api level=INFO msg="retry queue depth=2538"
2025-12-01T21:32:06Z svc=billing level=INFO msg="cache eviction pass removed 4017 entries"
2025-12-01T21:32:23Z svc=billing level=INFO msg="compaction finished, 6131 segments merged"
2025-12-01T21:32:29Z svc=billing level=INFO msg="healthcheck ok rtt=8825ms"
2025-12-01T21:32:43Z svc=api level=INFO msg="healthcheck ok rtt=8944ms"
2025-12-01T21:32:58Z svc=search level=INFO msg="batch 8084 committed"
2025-12-01T21:33:15Z svc=search level=INFO msg="webhook delivery attempt 6209 succeeded"
2025-12-01T21:33:22Z svc=search level=INFO msg="webhook delivery attempt 2003 succeeded"
2025-12-01T21:33:33Z svc=authz level=INFO msg="compaction finished, 6891 segments merged"
2025-12-01T21:33:45Z svc=authz level=INFO msg="webhook delivery attempt 6618 succeeded"
2025-12-01T21:33:57Z svc=authz level=INFO msg="healthcheck ok rtt=825ms"
2025-12-01T21:34:14Z svc=search level=INFO msg="token refresh completed in 8849ms"
2025-12-01T21:34:23Z svc=authz level=INFO msg="healthcheck ok rtt=6461ms"
2025-12-01T21:34:26Z svc=billing level=INFO msg="batch 3107 committed"
2025-12-01T21:34:29Z svc=search level=INFO msg="retry queue depth=367"
2025-12-01T21:34:37Z svc=ingest level=INFO msg="retry queue depth=2871"
2025-12-01T21:34:50Z svc=api level=INFO msg="token refresh completed in 2242ms"
2025-12-01T21:35:04Z svc=billing level=INFO msg="cache eviction pass removed 6034 entries"
2025-12-01T21:35:11Z svc=api level=INFO msg="compaction finished, 7229 segments merged"
2025-12-01T21:35:27Z svc=api level=INFO msg="cache eviction pass removed 8621 entries"
2025-12-01T21:35:39Z svc=api level=INFO msg="compaction finished, 9153 segments merged"
2025-12-01T21:35:50Z svc=billing level=INFO msg="webhook delivery attempt 8760 succeeded"
2025-12-01T21:36:05Z svc=search level=INFO msg="cache eviction pass removed 198 entries"
2025-12-01T21:36:17Z svc=ingest level=INFO msg="compaction finished, 3131 segments merged"
2025-12-01T21:36:34Z svc=authz level=INFO msg="batch 3656 committed"
2025-12-01T21:36:37Z svc=ingest level=INFO msg="compaction finished, 341 segments merged"
2025-12-01T21:36:45Z svc=billing level=INFO msg="token refresh completed in 4557ms"
2025-12-01T21:36:54Z svc=billing level=INFO msg="webhook delivery attempt 662 succeeded"
2025-12-01T21:37:01Z svc=ingest level=INFO msg="webhook delivery attempt 7192 succeeded"
2025-12-01T21:37:10Z svc=search level=INFO msg="webhook delivery attempt 6914 succeeded"
2025-12-01T21:37:25Z svc=scheduler level=INFO msg="batch 2983 committed"
2025-12-01T21:37:32Z svc=api level=INFO msg="webhook delivery attempt 3750 succeeded"
2025-12-01T21:37:46Z svc=scheduler level=INFO msg="cache eviction pass removed 7210 entries"
2025-12-01T21:37:58Z svc=scheduler level=INFO msg="token refresh completed in 7419ms"
2025-12-01T21:38:13Z svc=billing level=INFO msg="healthcheck ok rtt=2102ms"
2025-12-01T21:38:22Z svc=search level=INFO msg="retry queue depth=316"
2025-12-01T21:38:28Z svc=billing level=INFO msg="compaction finished, 1035 segments merged"
2025-12-01T21:38:43Z svc=scheduler level=INFO msg="retry queue depth=4935"
2025-12-01T21:39:00Z svc=scheduler level=INFO msg="webhook delivery attempt 6564 succeeded"
2025-12-01T21:39:14Z svc=api level=INFO msg="compaction finished, 1293 segments merged"
2025-12-01T21:39:24Z svc=scheduler level=INFO msg="batch 9452 committed"
2025-12-01T21:39:33Z svc=scheduler level=INFO msg="batch 663 committed"
2025-12-01T21:39:40Z svc=api level=INFO msg="cache eviction pass removed 620 entries"
2025-12-01T21:39:45Z svc=ingest level=INFO msg="healthcheck ok rtt=5863ms"
2025-12-01T21:40:00Z svc=api level=INFO msg="cache eviction pass removed 3775 entries"
2025-12-01T21:40:14Z svc=authz level=INFO msg="healthcheck ok rtt=7367ms"
2025-12-01T21:40:29Z svc=search level=INFO msg="batch 6335 committed"
2025-12-01T21:40:36Z svc=billing level=INFO msg="batch 5282 committed"
2025-12-01T21:40:51Z svc=authz level=INFO msg="compaction finished, 2988 segments merged"
2025-12-01T21:41:05Z svc=authz level=INFO msg="token refresh completed in 7377ms"
2025-12-01T21:41:13Z svc=authz level=INFO msg="cache eviction pass removed 3420 entries"
2025-12-01T21:41:24Z svc=ingest level=INFO msg="cache eviction pass removed 2902 entries"
2025-12-01T21:41:32Z svc=ingest level=INFO msg="compaction finished, 893 segments merged"
2025-12-01T21:41:45Z svc=api level=INFO msg="retry queue depth=9014"
2025-12-01T21:41:59Z svc=search level=INFO msg="token refresh completed in 4373ms"
2025-12-01T21:42:16Z svc=billing level=INFO msg="retry queue depth=1612"
2025-12-01T21:42:30Z svc=api level=INFO msg="healthcheck ok rtt=6355ms"
2025-12-01T21:42:33Z svc=ingest level=INFO msg="token refresh completed in 1353ms"
2025-12-01T21:42:48Z svc=authz level=INFO msg="retry queue depth=3023"
2025-12-01T21:43:03Z svc=scheduler level=INFO msg="healthcheck ok rtt=1971ms"
2025-12-01T21:43:15Z svc=search level=INFO msg="batch 8091 committed"
2025-12-01T21:43:27Z svc=ingest level=INFO msg="webhook delivery attempt 9370 succeeded"
2025-12-01T21:43:39Z svc=api level=INFO msg="cache eviction pass removed 6384 entries"
2025-12-01T21:43:52Z svc=billing level=INFO msg="cache eviction pass removed 4328 entries"
2025-12-01T21:44:09Z svc=scheduler level=INFO msg="token refresh completed in 8594ms"
2025-12-01T21:44:19Z svc=api level=INFO msg="compaction finished, 9262 segments merged"
2025-12-01T21:44:26Z svc=authz level=INFO msg="healthcheck ok rtt=7150ms"
2025-12-01T21:44:32Z svc=api level=INFO msg="cache eviction pass removed 3700 entries"
2025-12-01T21:44:40Z svc=scheduler level=INFO msg="healthcheck ok rtt=3648ms"
2025-12-01T21:44:47Z svc=authz level=INFO msg="cache eviction pass removed 3540 entries"
2025-12-01T21:45:01Z svc=scheduler level=INFO msg="webhook delivery attempt 841 succeeded"
2025-12-01T21:45:04Z svc=search level=INFO msg="compaction finished, 9348 segments merged"
2025-12-01T21:45:15Z svc=scheduler level=INFO msg="compaction finished, 4528 segments merged"
2025-12-01T21:45:19Z svc=scheduler level=INFO msg="healthcheck ok rtt=6073ms"
2025-12-01T21:45:22Z svc=billing level=INFO msg="batch 5256 committed"
2025-12-01T21:45:25Z svc=ingest level=INFO msg="webhook delivery attempt 9058 succeeded"
2025-12-01T21:45:37Z svc=authz level=INFO msg="retry queue depth=5010"
2025-12-01T21:45:40Z svc=ingest level=INFO msg="webhook delivery attempt 564 succeeded"
2025-12-01T21:45:52Z svc=search level=INFO msg="retry queue depth=2280"
2025-12-01T21:46:09Z svc=authz level=INFO msg="compaction finished, 555 segments merged"
2025-12-01T21:46:12Z svc=ingest level=INFO msg="token refresh completed in 469ms"
2025-12-01T21:46:28Z svc=api level=INFO msg="cache eviction pass removed 719 entries"
2025-12-01T21:46:45Z svc=ingest level=INFO msg="webhook delivery attempt 1487 succeeded"
2025-12-01T21:46:49Z svc=authz level=INFO msg="compaction finished, 1807 segments merged"
2025-12-01T21:46:59Z svc=api level=INFO msg="cache eviction pass removed 8706 entries"
2025-12-01T21:47:09Z svc=authz level=INFO msg="cache eviction pass removed 4368 entries"
2025-12-01T21:47:23Z svc=search level=INFO msg="healthcheck ok rtt=2134ms"
2025-12-01T21:47:29Z svc=scheduler level=INFO msg="token refresh completed in 4738ms"
2025-12-01T21:47:36Z svc=authz level=INFO msg="cache eviction pass removed 7324 entries"
2025-12-01T21:47:41Z svc=billing level=INFO msg="webhook delivery attempt 7892 succeeded"
2025-12-01T21:47:52Z svc=ingest level=INFO msg="healthcheck ok rtt=5140ms"
2025-12-01T21:48:05Z svc=ingest level=INFO msg="token refresh completed in 6041ms"
2025-12-01T21:48:20Z svc=billing level=INFO msg="retry queue depth=673"
2025-12-01T21:48:25Z svc=ingest level=INFO msg="webhook delivery attempt 7834 succeeded"
2025-12-01T21:48:40Z svc=search level=INFO msg="retry queue depth=3748"
2025-12-01T21:48:48Z svc=search level=INFO msg="cache eviction pass removed 9136 entries"
2025-12-01T21:48:58Z svc=billing level=INFO msg="cache eviction pass removed 3886 entries"
2025-12-01T21:49:06Z svc=billing level=INFO msg="healthcheck ok rtt=5601ms"
2025-12-01T21:49:13Z svc=search level=INFO msg="cache eviction pass removed 2026 entries"
2025-12-01T21:49:21Z svc=ingest level=INFO msg="batch 1860 committed"
2025-12-01T21:49:32Z svc=search level=INFO msg="retry queue depth=3381"
2025-12-01T21:49:40Z svc=ingest level=INFO msg="compaction finished, 3547 segments merged"
2025-12-01T21:49:46Z svc=authz level=INFO msg="webhook delivery attempt 8443 succeeded"
2025-12-01T21:49:57Z svc=billing level=INFO msg="token refresh completed in 9459ms"
2025-12-01T21:50:01Z svc=api level=INFO msg="healthcheck ok rtt=4923ms"
2025-12-01T21:50:10Z svc=api level=INFO msg="webhook delivery attempt 8470 succeeded"
2025-12-01T21:50:27Z svc=api level=INFO msg="batch 820 committed"
2025-12-01T21:50:44Z svc=authz level=INFO msg="cache eviction pass removed 6966 entries"
2025-12-01T21:50:50Z svc=scheduler level=INFO msg="retry queue depth=3445"
2025-12-01T21:51:07Z svc=authz level=INFO msg="healthcheck ok rtt=3154ms"
2025-12-01T21:51:13Z svc=authz level=INFO msg="cache eviction pass removed 3428 entries"
2025-12-01T21:51:29Z svc=billing level=INFO msg="healthcheck ok rtt=863ms"
2025-12-01T21:51:35Z svc=api level=INFO msg="token refresh completed in 7739ms"
2025-12-01T21:51:51Z svc=scheduler level=INFO msg="compaction finished, 3699 segments merged"
2025-12-01T21:52:06Z svc=authz level=INFO msg="token refresh completed in 739ms"
2025-12-01T21:52:14Z svc=ingest level=INFO msg="compaction finished, 283 segments merged"
2025-12-01T21:52:30Z svc=api level=INFO msg="token refresh completed in 1340ms"
2025-12-01T21:52:43Z svc=authz level=INFO msg="webhook delivery attempt 6085 succeeded"
2025-12-01T21:52:48Z svc=scheduler level=INFO msg="cache eviction pass removed 7855 entries"
2025-12-01T21:52:56Z svc=billing level=INFO msg="healthcheck ok rtt=3133ms"
2025-12-01T21:53:04Z svc=scheduler level=INFO msg="healthcheck ok rtt=2656ms"
2025-12-01T21:53:07Z svc=billing level=INFO msg="healthcheck ok rtt=1416ms"
2025-12-01T21:53:14Z svc=scheduler level=INFO msg="token refresh completed in 8449ms"
2025-12-01T21:53:31Z svc=search level=INFO msg="batch 5007 committed"
2025-12-01T21:53:38Z svc=ingest level=INFO msg="compaction finished, 2783 segments merged"
2025-12-01T21:53:49Z svc=api level=INFO msg="retry queue depth=8348"
2025-12-01T21:53:55Z svc=authz level=INFO msg="cache eviction pass removed 127 entries"
2025-12-01T21:53:59Z svc=scheduler level=INFO msg="cache eviction pass removed 5275 entries"
2025-12-01T21:54:10Z svc=billing level=INFO msg="webhook delivery attempt 7071 succeeded"
2025-12-01T21:54:27Z svc=api level=INFO msg="token refresh completed in 113ms"
2025-12-01T21:54:37Z svc=scheduler level=INFO msg="batch 2910 committed"
2025-12-01T21:54:47Z svc=search level=INFO msg="token refresh completed in 6853ms"
2025-12-01T21:55:00Z svc=api level=INFO msg="token refresh completed in 464ms"
2025-12-01T21:55:10Z svc=scheduler level=INFO msg="retry queue depth=1248"
2025-12-01T21:55:19Z svc=billing level=INFO msg="cache eviction pass removed 271 entries"
2025-12-01T21:55:29Z svc=api level=INFO msg="healthcheck ok rtt=7580ms"
2025-12-01T21:55:34Z svc=ingest level=INFO msg="webhook delivery attempt 8443 succeeded"
2025-12-01T21:55:51Z svc=authz level=INFO msg="token refresh completed in 4175ms"
2025-12-01T21:56:03Z svc=ingest level=INFO msg="retry queue depth=7773"
2025-12-01T21:56:17Z svc=scheduler level=INFO msg="token refresh completed in 7063ms"
2025-12-01T21:56:31Z svc=ingest level=INFO msg="compaction finished, 417 segments merged"
2025-12-01T21:56:38Z svc=search level=INFO msg="retry queue depth=5182"
2025-12-01T21:56:42Z svc=billing level=INFO msg="webhook delivery attempt 5594 succeeded"
2025-12-01T21:56:55Z svc=authz level=INFO msg="retry queue depth=3295"
2025-12-01T21:57:11Z svc=billing level=INFO msg="webhook delivery attempt 4039 succeeded"
2025-12-01T21:57:21Z svc=ingest level=INFO msg="retry queue depth=8515"
2025-12-01T21:57:38Z svc=scheduler level=INFO msg="retry queue depth=4943"
2025-12-01T21:57:55Z svc=api level=INFO msg="webhook delivery attempt 5916 succeeded"
2025-12-01T21:58:07Z svc=search level=INFO msg="cache eviction pass removed 6813 entries"
2025-12-01T21:58:18Z svc=ingest level=INFO msg="batch 3054 committed"
2025-12-01T21:58:30Z svc=ingest level=INFO msg="cache eviction pass removed 6128 entries"
2025-12-01T21:58:41Z svc=authz level=INFO msg="compaction finished, 8864 segments merged"
2025-12-01T21:58:53Z svc=scheduler level=INFO msg="retry queue depth=5535"
2025-12-01T21:58:57Z svc=authz level=INFO msg="token refresh completed in 8698ms"
2025-12-01T21:59:02Z svc=billing level=INFO msg="cache eviction pass removed 8978 entries"
2025-12-01T21:59:13Z svc=billing level=INFO msg="cache eviction pass removed 8836 entries"
2025-12-01T21:59:30Z svc=api level=INFO msg="retry queue depth=9280"
2025-12-01T21:59:44Z svc=billing level=INFO msg="cache eviction pass removed 7238 entries"
2025-12-01T21:59:49Z svc=api level=INFO msg="batch 1538 committed"
2025-12-01T21:59:58Z svc=api level=INFO msg="compaction finished, 2069 segments merged"
2025-12-01T22:00:05Z svc=api level=INFO msg="webhook delivery attempt 160 succeeded"
2025-12-01T22:00:08Z svc=api level=INFO msg="token refresh completed in 1765ms"
2025-12-01T22:00:13Z svc=scheduler level=INFO msg="token refresh completed in 2680ms"
2025-12-01T22:00:22Z svc=api level=INFO msg="compaction finished, 8754 segments merged"
2025-12-01T22:00:35Z svc=billing level=INFO msg="compaction finished, 5285 segments merged"
2025-12-01T22:00:45Z svc=ingest level=INFO msg="retry queue depth=2664"
2025-12-01T22:01:01Z svc=billing level=INFO msg="healthcheck ok rtt=8708ms"
2025-12-01T22:01:06Z svc=scheduler level=INFO msg="retry queue depth=7277"
2025-12-01T22:01:15Z svc=search level=INFO msg="retry queue depth=1697"
2025-12-01T22:01:20Z svc=search level=INFO msg="cache eviction pass removed 266 entries"
2025-12-01T22:01:33Z svc=scheduler level=INFO msg="compaction finished, 8735 segments merged"
2025-12-01T22:01:50Z svc=authz level=INFO msg="retry queue depth=6192"
2025-12-01T22:02:04Z svc=ingest level=INFO msg="compaction finished, 3619 segments merged"
2025-12-01T22:02:11Z svc=billing level=INFO msg="webhook delivery attempt 9283 succeeded"
2025-12-01T22:02:17Z svc=ingest level=INFO msg="cache eviction pass removed 5902 entries"
2025-12-01T22:02:25Z svc=scheduler level=INFO msg="cache eviction pass removed 1176 entries"
2025-12-01T22:02:36Z svc=api level=INFO msg="compaction finished, 4761 segments merged"
2025-12-01T22:02:48Z svc=scheduler level=INFO msg="token refresh completed in 573ms"
2025-12-01T22:03:01Z svc=authz level=INFO msg="healthcheck ok rtt=2531ms"
2025-12-01T22:03:06Z svc=authz level=INFO msg="healthcheck ok rtt=4773ms"
2025-12-01T22:03:13Z svc=authz level=INFO msg="retry queue depth=5993"
2025-12-01T22:03:25Z svc=api level=INFO msg="webhook delivery attempt 5322 succeeded"
2025-12-01T22:03:41Z svc=authz level=INFO msg="compaction finished, 2916 segments merged"
2025-12-01T22:03:44Z svc=scheduler level=INFO msg="cache eviction pass removed 8574 entries"
2025-12-01T22:03:54Z svc=ingest level=INFO msg="compaction finished, 6716 segments merged"
2025-12-01T22:04:03Z svc=api level=INFO msg="webhook delivery attempt 8335 succeeded"
2025-12-01T22:04:20Z svc=billing level=INFO msg="cache eviction pass removed 545 entries"
2025-12-01T22:04:33Z svc=ingest level=INFO msg="batch 1987 committed"
2025-12-01T22:04:49Z svc=search level=INFO msg="healthcheck ok rtt=5628ms"
2025-12-01T22:05:03Z svc=billing level=INFO msg="compaction finished, 2710 segments merged"
2025-12-01T22:05:17Z svc=search level=INFO msg="compaction finished, 8595 segments merged"
2025-12-01T22:05:20Z svc=ingest level=INFO msg="batch 3520 committed"
2025-12-01T22:05:26Z svc=billing level=INFO msg="webhook delivery attempt 3654 succeeded"
2025-12-01T22:05:33Z svc=search level=INFO msg="webhook delivery attempt 688 succeeded"
2025-12-01T22:05:50Z svc=search level=INFO msg="token refresh completed in 5637ms"
2025-12-01T22:06:03Z svc=ingest level=INFO msg="batch 203 committed"
2025-12-01T22:06:11Z svc=authz level=INFO msg="healthcheck ok rtt=4951ms"
2025-12-01T22:06:16Z svc=billing level=INFO msg="webhook delivery attempt 3868 succeeded"
2025-12-01T22:06:22Z svc=search level=INFO msg="healthcheck ok rtt=333ms"
2025-12-01T22:06:26Z svc=scheduler level=INFO msg="cache eviction pass removed 1697 entries"
2025-12-01T22:06:37Z svc=api level=INFO msg="batch 8897 committed"
2025-12-01T22:06:44Z svc=scheduler level=INFO msg="batch 5444 committed"
2025-12-01T22:06:57Z svc=billing level=INFO msg="webhook delivery attempt 2634 succeeded"
2025-12-01T22:07:07Z svc=ingest level=INFO msg="healthcheck ok rtt=9446ms"
2025-12-01T22:07:20Z svc=authz level=INFO msg="cache eviction pass removed 7515 entries"
2025-12-01T22:07:25Z svc=billing level=INFO msg="webhook delivery attempt 8278 succeeded"
2025-12-01T22:07:37Z svc=authz level=INFO msg="retry queue depth=4035"
2025-12-01T22:07:54Z svc=billing level=INFO msg="token refresh completed in 8605ms"
2025-12-01T22:08:00Z svc=api level=INFO msg="healthcheck ok rtt=8182ms"
2025-12-01T22:08:05Z svc=authz level=INFO msg="healthcheck ok rtt=5249ms"
2025-12-01T22:08:14Z svc=scheduler level=INFO msg="webhook delivery attempt 1750 succeeded"
2025-12-01T22:08:31Z svc=billing level=INFO msg="token refresh completed in 859ms"
2025-12-01T22:08:41Z svc=search level=INFO msg="webhook delivery attempt 2539 succeeded"
2025-12-01T22:08:57Z svc=api level=INFO msg="healthcheck ok rtt=8222ms"
2025-12-01T22:09:02Z svc=api level=INFO msg="webhook delivery attempt 6115 succeeded"
2025-12-01T22:09:19Z svc=search level=INFO msg="token refresh completed in 1133ms"
2025-12-01T22:09:25Z svc=billing level=INFO msg="token refresh completed in 1526ms"
2025-12-01T22:09:28Z svc=search level=INFO msg="token refresh completed in 2830ms"
2025-12-01T22:09:40Z svc=search level=INFO msg="compaction finished, 1365 segments merged"
2025-12-01T22:09:46Z svc=api level=INFO msg="token refresh completed in 9472ms"
2025-12-01T22:09:49Z svc=authz level=INFO msg="compaction finished, 4870 segments merged"
2025-12-01T22:10:04Z svc=ingest level=INFO msg="webhook delivery attempt 2128 succeeded"
2025-12-01T22:10:14Z svc=ingest level=INFO msg="healthcheck ok rtt=7262ms"
2025-12-01T22:10:22Z svc=api level=INFO msg="webhook delivery attempt 8494 succeeded"
2025-12-01T22:10:33Z svc=api level=INFO msg="healthcheck ok rtt=3424ms"
2025-12-01T22:10:50Z svc=ingest level=INFO msg="compaction finished, 8094 segments merged"
2025-12-01T22:10:57Z svc=ingest level=INFO msg="batch 7180 committed"
2025-12-01T22:11:00Z svc=billing level=INFO msg="retry queue depth=8742"
2025-12-01T22:11:13Z svc=authz level=INFO msg="webhook delivery attempt 4564 succeeded"
2025-12-01T22:11:24Z svc=ingest level=INFO msg="healthcheck ok rtt=5375ms"
2025-12-01T22:11:34Z svc=api level=INFO msg="webhook delivery attempt 1754 succeeded"
2025-12-01T22:11:42Z svc=api level=INFO msg="retry queue depth=4470"
2025-12-01T22:11:59Z svc=api level=INFO msg="retry queue depth=7443"
2025-12-01T22:12:13Z svc=authz level=INFO msg="webhook delivery attempt 784 succeeded"
2025-12-01T22:12:21Z svc=billing level=INFO msg="cache eviction pass removed 5354 entries"
2025-12-01T22:12:37Z svc=authz level=INFO msg="cache eviction pass removed 4578 entries"
2025-12-01T22:12:50Z svc=api level=INFO msg="batch 6305 committed"
2025-12-01T22:13:03Z svc=api level=INFO msg="webhook delivery attempt 4327 succeeded"
2025-12-01T22:13:10Z svc=ingest level=INFO msg="compaction finished, 1782 segments merged"
2025-12-01T22:13:23Z svc=scheduler level=INFO msg="healthcheck ok rtt=6778ms"
2025-12-01T22:13:26Z svc=scheduler level=INFO msg="token refresh completed in 3192ms"
2025-12-01T22:13:40Z svc=api level=INFO msg="webhook delivery attempt 7081 succeeded"
2025-12-01T22:13:55Z svc=search level=INFO msg="compaction finished, 6176 segments merged"
2025-12-01T22:13:58Z svc=scheduler level=INFO msg="compaction finished, 9081 segments merged"
2025-12-01T22:14:05Z svc=ingest level=INFO msg="retry queue depth=2299"
2025-12-01T22:14:17Z svc=authz level=INFO msg="webhook delivery attempt 9421 succeeded"
2025-12-01T22:14:31Z svc=scheduler level=INFO msg="cache eviction pass removed 8061 entries"
2025-12-01T22:14:35Z svc=authz level=INFO msg="healthcheck ok rtt=675ms"
2025-12-01T22:14:40Z svc=search level=INFO msg="cache eviction pass removed 9182 entries"
2025-12-01T22:14:56Z svc=billing level=INFO msg="cache eviction pass removed 8609 entries"
2025-12-01T22:15:13Z svc=api level=INFO msg="compaction finished, 3347 segments merged"
2025-12-01T22:15:20Z svc=search level=INFO msg="batch 6839 committed"
2025-12-01T22:15:37Z svc=authz level=INFO msg="webhook delivery attempt 5590 succeeded"
2025-12-01T22:15:45Z svc=scheduler level=INFO msg="healthcheck ok rtt=8038ms"
2025-12-01T22:15:52Z svc=authz level=INFO msg="batch 9227 committed"
2025-12-01T22:15:59Z svc=billing level=INFO msg="cache eviction pass removed 2331 entries"
2025-12-01T22:16:12Z svc=search level=INFO msg="webhook delivery attempt 8924 succeeded"
2025-12-01T22:16:20Z svc=ingest level=INFO msg="webhook delivery attempt 9386 succeeded"
2025-12-01T22:16:37Z svc=api level=INFO msg="retry queue depth=1485"
2025-12-01T22:16:49Z svc=scheduler level=INFO msg="batch 5148 committed"
2025-12-01T22:16:58Z svc=authz level=INFO msg="token refresh completed in 4459ms"
2025-12-01T22:17:02Z svc=search level=INFO msg="token refresh completed in 4670ms"
2025-12-01T22:17:11Z svc=search level=INFO msg="batch 1690 committed"
2025-12-01T22:17:28Z svc=search level=INFO msg="webhook delivery attempt 391 succeeded"
2025-12-01T22:17:37Z svc=api level=INFO msg="retry queue depth=1961"
2025-12-01T22:17:50Z svc=scheduler level=INFO msg="retry queue depth=3866"
2025-12-01T22:17:54Z svc=scheduler level=INFO msg="batch 8292 committed"
2025-12-01T22:17:57Z svc=billing level=INFO msg="webhook delivery attempt 7035 succeeded"
2025-12-01T22:18:10Z svc=search level=INFO msg="retry queue depth=7985"
2025-12-01T22:18:14Z svc=search level=INFO msg="webhook delivery attempt 784 succeeded"
2025-12-01T22:18:24Z svc=api level=INFO msg="token refresh completed in 6823ms"
2025-12-01T22:18:37Z svc=scheduler level=INFO msg="compaction finished, 5703 segments merged"
2025-12-01T22:18:42Z svc=authz level=INFO msg="webhook delivery attempt 8859 succeeded"
2025-12-01T22:18:55Z svc=billing level=INFO msg="healthcheck ok rtt=1083ms"
2025-12-01T22:19:01Z svc=api level=INFO msg="healthcheck ok rtt=2989ms"
2025-12-01T22:19:17Z svc=scheduler level=INFO msg="webhook delivery attempt 7259 succeeded"
2025-12-01T22:19:22Z svc=search level=INFO msg="compaction finished, 573 segments merged"
2025-12-01T22:19:30Z svc=billing level=INFO msg="compaction finished, 1038 segments merged"
2025-12-01T22:19:43Z svc=authz level=INFO msg="webhook delivery attempt 4910 succeeded"
2025-12-01T22:19:46Z svc=api level=INFO msg="token refresh completed in 5452ms"
2025-12-01T22:19:49Z svc=billing level=INFO msg="cache eviction pass removed 3456 entries"
2025-12-01T22:19:53Z svc=billing level=INFO msg="compaction finished, 6835 segments merged"
2025-12-01T22:20:03Z svc=authz level=INFO msg="retry queue depth=48"
2025-12-01T22:20:07Z svc=billing level=INFO msg="compaction finished, 6242 segments merged"
2025-12-01T22:20:11Z svc=scheduler level=INFO msg="healthcheck ok rtt=8964ms"
2025-12-01T22:20:15Z svc=ingest level=INFO msg="retry queue depth=8990"
2025-12-01T22:20:28Z svc=ingest level=INFO msg="retry queue depth=9374"
2025-12-01T22:20:32Z svc=ingest level=INFO msg="retry queue depth=1860"
2025-12-01T22:20:35Z svc=api level=INFO msg="retry queue depth=2623"
2025-12-01T22:20:50Z svc=scheduler level=INFO msg="batch 6153 committed"
2025-12-01T22:21:03Z svc=billing level=INFO msg="retry queue depth=9357"
2025-12-01T22:21:16Z svc=ingest level=INFO msg="compaction finished, 68 segments merged"
2025-12-01T22:21:22Z svc=scheduler level=INFO msg="batch 8446 committed"
2025-12-01T22:21:36Z svc=search level=INFO msg="healthcheck ok rtt=5964ms"
2025-12-01T22:21:52Z svc=scheduler level=INFO msg="retry queue depth=6256"
2025-12-01T22:21:55Z svc=scheduler level=INFO msg="token refresh completed in 2903ms"
2025-12-01T22:22:01Z svc=billing level=INFO msg="compaction finished, 2357 segments merged"
2025-12-01T22:22:08Z svc=billing level=INFO msg="token refresh completed in 5242ms"
2025-12-01T22:22:16Z svc=ingest level=INFO msg="retry queue depth=1552"
2025-12-01T22:22:22Z svc=authz level=INFO msg="batch 6150 committed"
2025-12-01T22:22:25Z svc=ingest level=INFO msg="webhook delivery attempt 6694 succeeded"
2025-12-01T22:22:36Z svc=scheduler level=INFO msg="token refresh completed in 7907ms"
2025-12-01T22:22:41Z svc=search level=INFO msg="compaction finished, 9298 segments merged"
2025-12-01T22:22:44Z svc=api level=INFO msg="cache eviction pass removed 4458 entries"
2025-12-01T22:22:59Z svc=authz level=INFO msg="batch 358 committed"
2025-12-01T22:23:11Z svc=scheduler level=INFO msg="cache eviction pass removed 7005 entries"
2025-12-01T22:23:22Z svc=ingest level=INFO msg="webhook delivery attempt 6357 succeeded"
2025-12-01T22:23:38Z svc=search level=INFO msg="healthcheck ok rtt=5819ms"
2025-12-01T22:23:52Z svc=api level=INFO msg="token refresh completed in 1670ms"
2025-12-01T22:24:08Z svc=api level=INFO msg="compaction finished, 5831 segments merged"
2025-12-01T22:24:15Z svc=scheduler level=INFO msg="cache eviction pass removed 689 entries"
2025-12-01T22:24:19Z svc=scheduler level=INFO msg="healthcheck ok rtt=9033ms"
2025-12-01T22:24:23Z svc=billing level=INFO msg="token refresh completed in 710ms"
2025-12-01T22:24:40Z svc=authz level=INFO msg="cache eviction pass removed 2537 entries"
2025-12-01T22:24:57Z svc=authz level=INFO msg="cache eviction pass removed 6127 entries"
2025-12-01T22:25:05Z svc=authz level=INFO msg="webhook delivery attempt 4939 succeeded"
2025-12-01T22:25:22Z svc=billing level=INFO msg="batch 3305 committed"
2025-12-01T22:25:27Z svc=billing level=INFO msg="batch 4413 committed"
2025-12-01T22:25:41Z svc=api level=INFO msg="batch 4246 committed"
2025-12-01T22:25:57Z svc=scheduler level=INFO msg="retry queue depth=8529"
2025-12-01T22:26:07Z svc=api level=INFO msg="cache eviction pass removed 4907 entries"
2025-12-01T22:26:18Z svc=api level=INFO msg="cache eviction pass removed 5208 entries"
2025-12-01T22:26:34Z svc=billing level=INFO msg="cache eviction pass removed 6311 entries"
2025-12-01T22:26:50Z svc=authz level=INFO msg="cache eviction pass removed 9468 entries"
2025-12-01T22:26:57Z svc=search level=INFO msg="cache eviction pass removed 2487 entries"
2025-12-01T22:27:07Z svc=ingest level=INFO msg="webhook delivery attempt 2726 succeeded"
2025-12-01T22:27:16Z svc=billing level=INFO msg="healthcheck ok rtt=6598ms"
2025-12-01T22:27:21Z svc=ingest level=INFO msg="retry queue depth=6131"
2025-12-01T22:27:37Z svc=scheduler level=INFO msg="batch 1717 committed"
2025-12-01T22:27:47Z svc=search level=INFO msg="token refresh completed in 1725ms"
2025-12-01T22:28:04Z svc=search level=INFO msg="healthcheck ok rtt=5176ms"
2025-12-01T22:28:08Z svc=api level=INFO msg="healthcheck ok rtt=5588ms"
2025-12-01T22:28:14Z svc=ingest level=INFO msg="compaction finished, 5931 segments merged"
2025-12-01T22:28:21Z svc=api level=INFO msg="healthcheck ok rtt=7560ms"
2025-12-01T22:28:38Z svc=ingest level=INFO msg="retry queue depth=5716"
2025-12-01T22:28:44Z svc=search level=INFO msg="retry queue depth=2333"
2025-12-01T22:28:49Z svc=api level=INFO msg="batch 4882 committed"
2025-12-01T22:28:52Z svc=billing level=INFO msg="retry queue depth=5350"
2025-12-01T22:29:02Z svc=scheduler level=INFO msg="healthcheck ok rtt=1281ms"
2025-12-01T22:29:14Z svc=billing level=INFO msg="compaction finished, 5435 segments merged"
2025-12-01T22:29:17Z svc=ingest level=INFO msg="cache eviction pass removed 9097 entries"
2025-12-01T22:29:33Z svc=scheduler level=INFO msg="retry queue depth=6555"
2025-12-01T22:29:45Z svc=api level=INFO msg="cache eviction pass removed 4739 entries"
2025-12-01T22:29:57Z svc=authz level=INFO msg="webhook delivery attempt 1369 succeeded"
2025-12-01T22:30:09Z svc=authz level=INFO msg="webhook delivery attempt 5882 succeeded"
2025-12-01T22:30:24Z svc=authz level=INFO msg="cache eviction pass removed 3629 entries"
2025-12-01T22:30:39Z svc=authz level=INFO msg="retry queue depth=893"
2025-12-01T22:30:45Z svc=ingest level=INFO msg="retry queue depth=190"
2025-12-01T22:30:53Z svc=ingest level=INFO msg="retry queue depth=3446"
2025-12-01T22:31:00Z svc=api level=INFO msg="token refresh completed in 5482ms"
2025-12-01T22:31:13Z svc=scheduler level=INFO msg="compaction finished, 7443 segments merged"
2025-12-01T22:31:24Z svc=ingest level=INFO msg="token refresh completed in 1609ms"
2025-12-01T22:31:30Z svc=authz level=INFO msg="compaction finished, 8008 segments merged"
2025-12-01T22:31:38Z svc=search level=INFO msg="healthcheck ok rtt=5716ms"
2025-12-01T22:31:46Z svc=scheduler level=INFO msg="webhook delivery attempt 2452 succeeded"
2025-12-01T22:31:57Z svc=api level=INFO msg="healthcheck ok rtt=734ms"
2025-12-01T22:32:08Z svc=scheduler level=INFO msg="cache eviction pass removed 6700 entries"
2025-12-01T22:32:24Z svc=scheduler level=INFO msg="token refresh completed in 3889ms"
2025-12-01T22:32:31Z svc=api level=INFO msg="retry queue depth=5888"
2025-12-01T22:32:48Z svc=ingest level=INFO msg="cache eviction pass removed 7607 entries"
2025-12-01T22:33:04Z svc=billing level=INFO msg="cache eviction pass removed 7585 entries"
2025-12-01T22:33:16Z svc=authz level=INFO msg="retry queue depth=4136"
2025-12-01T22:33:28Z svc=scheduler level=INFO msg="compaction finished, 1404 segments merged"
2025-12-01T22:33:38Z svc=authz level=INFO msg="retry queue depth=7140"
2025-12-01T22:33:44Z svc=billing level=INFO msg="token refresh completed in 476ms"
2025-12-01T22:33:58Z svc=api level=INFO msg="compaction finished, 4444 segments merged"
2025-12-01T22:34:15Z svc=scheduler level=INFO msg="token refresh completed in 8552ms"
2025-12-01T22:34:22Z svc=scheduler level=INFO msg="webhook delivery attempt 5483 succeeded"
2025-12-01T22:34:29Z svc=ingest level=INFO msg="webhook delivery attempt 3077 succeeded"
2025-12-01T22:34:37Z svc=api level=INFO msg="healthcheck ok rtt=1325ms"
2025-12-01T22:34:42Z svc=ingest level=INFO msg="retry queue depth=5259"
2025-12-01T22:34:45Z svc=billing level=INFO msg="healthcheck ok rtt=2964ms"
2025-12-01T22:34:53Z svc=ingest level=INFO msg="retry queue depth=3929"
2025-12-01T22:35:07Z svc=billing level=INFO msg="cache eviction pass removed 2242 entries"
2025-12-01T22:35:17Z svc=ingest level=INFO msg="cache eviction pass removed 4248 entries"
2025-12-01T22:35:27Z svc=scheduler level=INFO msg="healthcheck ok rtt=6568ms"
2025-12-01T22:35:42Z svc=authz level=INFO msg="healthcheck ok rtt=4747ms"
2025-12-01T22:35:50Z svc=search level=INFO msg="compaction finished, 7957 segments merged"
2025-12-01T22:36:05Z svc=scheduler level=INFO msg="batch 6149 committed"
2025-12-01T22:36:19Z svc=search level=INFO msg="retry queue depth=520"
2025-12-01T22:36:26Z svc=ingest level=INFO msg="cache eviction pass removed 1025 entries"
2025-12-01T22:36:38Z svc=api level=INFO msg="webhook delivery attempt 7252 succeeded"
2025-12-01T22:36:53Z svc=billing level=INFO msg="token refresh completed in 7870ms"
2025-12-01T22:37:03Z svc=search level=INFO msg="retry queue depth=5952"
2025-12-01T22:37:06Z svc=authz level=INFO msg="token refresh completed in 6148ms"
2025-12-01T22:37:11Z svc=scheduler level=INFO msg="retry queue depth=2646"
2025-12-01T22:37:22Z svc=search level=INFO msg="batch 5148 committed"
2025-12-01T22:37:34Z svc=api level=INFO msg="token refresh completed in 3913ms"
2025-12-01T22:37:49Z svc=billing level=INFO msg="compaction finished, 8066 segments merged"
2025-12-01T22:38:01Z svc=ingest level=INFO msg="retry queue depth=9424"
2025-12-01T22:38:15Z svc=search level=INFO msg="batch 109 committed"
2025-12-01T22:38:18Z svc=search level=INFO msg="retry queue depth=3352"
2025-12-01T22:38:32Z svc=ingest level=INFO msg="batch 1092 committed"
2025-12-01T22:38:38Z svc=billing level=INFO msg="cache eviction pass removed 7424 entries"
2025-12-01T22:38:55Z svc=api level=INFO msg="compaction finished, 4632 segments merged"
2025-12-01T22:39:01Z svc=search level=INFO msg="batch 1808 committed"
2025-12-01T22:39:07Z svc=scheduler level=INFO msg="compaction finished, 752 segments merged"
2025-12-01T22:39:24Z svc=api level=INFO msg="cache eviction pass removed 3683 entries"
2025-12-01T22:39:41Z svc=api level=INFO msg="batch 781 committed"
2025-12-01T22:39:57Z svc=scheduler level=INFO msg="token refresh completed in 1230ms"
2025-12-01T22:40:06Z svc=billing level=INFO msg="token refresh completed in 4333ms"
2025-12-01T22:40:23Z svc=authz level=INFO msg="batch 8460 committed"
2025-12-01T22:40:28Z svc=billing level=INFO msg="batch 2418 committed"
2025-12-01T22:40:32Z svc=authz level=INFO msg="healthcheck ok rtt=9019ms"
2025-12-01T22:40:42Z svc=authz level=INFO msg="token refresh completed in 957ms"
2025-12-01T22:40:46Z svc=search level=INFO msg="retry queue depth=7249"
2025-12-01T22:41:00Z svc=billing level=INFO msg="cache eviction pass removed 7025 entries"
2025-12-01T22:41:03Z svc=billing level=INFO msg="cache eviction pass removed 134 entries"
2025-12-01T22:41:11Z svc=api level=INFO msg="compaction finished, 3599 segments merged"
2025-12-01T22:41:28Z svc=authz level=INFO msg="batch 7613 committed"
2025-12-01T22:41:35Z svc=scheduler level=INFO msg="healthcheck ok rtt=6898ms"
2025-12-01T22:41:40Z svc=api level=INFO msg="retry queue depth=1642"
2025-12-01T22:41:54Z svc=authz level=INFO msg="healthcheck ok rtt=7914ms"
2025-12-01T22:42:05Z svc=api level=INFO msg="webhook delivery attempt 4818 succeeded"
2025-12-01T22:42:16Z svc=ingest level=INFO msg="cache eviction pass removed 271 entries"
2025-12-01T22:42:21Z svc=ingest level=INFO msg="healthcheck ok rtt=5335ms"
2025-12-01T22:42:29Z svc=api level=INFO msg="batch 1244 committed"
2025-12-01T22:42:32Z svc=billing level=INFO msg="compaction finished, 5974 segments merged"
2025-12-01T22:42:37Z svc=api level=INFO msg="retry queue depth=6812"
2025-12-01T22:42:42Z svc=api level=INFO msg="healthcheck ok rtt=4072ms"
2025-12-01T22:42:59Z svc=ingest level=INFO msg="batch 2528 committed"
2025-12-01T22:43:12Z svc=api level=INFO msg="webhook delivery attempt 5985 succeeded"
2025-12-01T22:43:20Z svc=api level=INFO msg="token refresh completed in 2782ms"
2025-12-01T22:43:35Z svc=billing level=INFO msg="cache eviction pass removed 7658 entries"
2025-12-01T22:43:52Z svc=scheduler level=INFO msg="healthcheck ok rtt=6609ms"
2025-12-01T22:43:58Z svc=authz level=INFO msg="retry queue depth=479"
2025-12-01T22:44:07Z svc=billing level=INFO msg="healthcheck ok rtt=3023ms"
2025-12-01T22:44:15Z svc=scheduler level=INFO msg="webhook delivery attempt 10 succeeded"
2025-12-01T22:44:18Z svc=billing level=INFO msg="compaction finished, 3998 segments merged"
2025-12-01T22:44:35Z svc=billing level=INFO msg="compaction finished, 965 segments merged"
2025-12-01T22:44:51Z svc=billing level=INFO msg="cache eviction pass removed 2243 entries"
2025-12-01T22:45:08Z svc=authz level=INFO msg="webhook delivery attempt 2696 succeeded"
2025-12-01T22:45:20Z svc=authz level=INFO msg="compaction finished, 4744 segments merged"
2025-12-01T22:45:29Z svc=scheduler level=INFO msg="healthcheck ok rtt=6852ms"
2025-12-01T22:45:40Z svc=api level=INFO msg="compaction finished, 1500 segments merged"
2025-12-01T22:45:56Z svc=billing level=INFO msg="batch 5057 committed"
2025-12-01T22:46:05Z svc=api level=INFO msg="retry queue depth=4681"
2025-12-01T22:46:18Z svc=search level=INFO msg="healthcheck ok rtt=2716ms"
2025-12-01T22:46:30Z svc=search level=INFO msg="healthcheck ok rtt=6384ms"
2025-12-01T22:46:44Z svc=ingest level=INFO msg="cache eviction pass removed 8468 entries"
2025-12-01T22:46:47Z svc=search level=INFO msg="healthcheck ok rtt=5695ms"
2025-12-01T22:47:00Z svc=scheduler level=INFO msg="cache eviction pass removed 284 entries"
2025-12-01T22:47:09Z svc=authz level=INFO msg="token refresh completed in 3377ms"
2025-12-01T22:47:20Z svc=authz level=INFO msg="batch 3770 committed"
2025-12-01T22:47:32Z svc=authz level=INFO msg="batch 8019 committed"
2025-12-01T22:47:44Z svc=authz level=INFO msg="batch 2502 committed"
2025-12-01T22:47:49Z svc=billing level=INFO msg="healthcheck ok rtt=1124ms"
2025-12-01T22:47:52Z svc=search level=INFO msg="token refresh completed in 5842ms"
2025-12-01T22:48:08Z svc=billing level=INFO msg="cache eviction pass removed 6818 entries"
2025-12-01T22:48:13Z svc=authz level=INFO msg="retry queue depth=4426"
2025-12-01T22:48:30Z svc=authz level=INFO msg="webhook delivery attempt 1126 succeeded"
2025-12-01T22:48:38Z svc=scheduler level=INFO msg="healthcheck ok rtt=8464ms"
2025-12-01T22:48:42Z svc=api level=INFO msg="token refresh completed in 2453ms"
2025-12-01T22:48:54Z svc=scheduler level=INFO msg="retry queue depth=2101"
2025-12-01T22:49:03Z svc=search level=INFO msg="token refresh completed in 7571ms"
2025-12-01T22:49:09Z svc=authz level=INFO msg="retry queue depth=6106"
2025-12-01T22:49:25Z svc=search level=INFO msg="batch 2965 committed"
2025-12-01T22:49:34Z svc=billing level=INFO msg="webhook delivery attempt 528 succeeded"
2025-12-01T22:49:47Z svc=authz level=INFO msg="token refresh completed in 5645ms"
2025-12-01T22:49:57Z svc=authz level=INFO msg="batch 804 committed"
2025-12-01T22:50:08Z svc=search level=INFO msg="healthcheck ok rtt=9151ms"
2025-12-01T22:50:24Z svc=authz level=INFO msg="token refresh completed in 5411ms"
2025-12-01T22:50:37Z svc=scheduler level=INFO msg="retry queue depth=8074"
2025-12-01T22:50:53Z svc=scheduler level=INFO msg="token refresh completed in 6750ms"
2025-12-01T22:51:00Z svc=api level=INFO msg="compaction finished, 5837 segments merged"
2025-12-01T22:51:15Z svc=authz level=INFO msg="retry queue depth=2461"
2025-12-01T22:51:31Z svc=scheduler level=INFO msg="compaction finished, 5805 segments merged"
2025-12-01T22:51:48Z svc=authz level=INFO msg="compaction finished, 7155 segments merged"
2025-12-01T22:52:01Z svc=billing level=INFO msg="healthcheck ok rtt=6542ms"
2025-12-01T22:52:16Z svc=search level=INFO msg="retry queue depth=1279"
2025-12-01T22:52:19Z svc=billing level=INFO msg="healthcheck ok rtt=6893ms"
2025-12-01T22:52:34Z svc=scheduler level=INFO msg="healthcheck ok rtt=7871ms"
2025-12-01T22:52:51Z svc=api level=INFO msg="token refresh completed in 8751ms"
2025-12-01T22:53:02Z svc=authz level=INFO msg="webhook delivery attempt 3241 succeeded"
2025-12-01T22:53:14Z svc=search level=INFO msg="cache eviction pass removed 6469 entries"
2025-12-01T22:53:20Z svc=scheduler level=INFO msg="webhook delivery attempt 7438 succeeded"
2025-12-01T22:53:26Z svc=api level=INFO msg="retry queue depth=220"
2025-12-01T22:53:39Z svc=ingest level=INFO msg="compaction finished, 3958 segments merged"
2025-12-01T22:53:56Z svc=search level=INFO msg="token refresh completed in 3793ms"
2025-12-01T22:53:59Z svc=search level=INFO msg="token refresh completed in 516ms"
2025-12-01T22:54:14Z svc=ingest level=INFO msg="token refresh completed in 1649ms"
2025-12-01T22:54:25Z svc=scheduler level=INFO msg="webhook delivery attempt 7964 succeeded"
2025-12-01T22:54:41Z svc=billing level=INFO msg="compaction finished, 3231 segments merged"
2025-12-01T22:54:46Z svc=scheduler level=INFO msg="compaction finished, 1062 segments merged"
2025-12-01T22:54:51Z svc=scheduler level=INFO msg="retry queue depth=435"
2025-12-01T22:55:02Z svc=authz level=INFO msg="compaction finished, 8280 segments merged"
2025-12-01T22:55:15Z svc=billing level=INFO msg="batch 8509 committed"
2025-12-01T22:55:18Z svc=api level=INFO msg="retry queue depth=7770"
2025-12-01T22:55:31Z svc=api level=INFO msg="batch 9279 committed"
2025-12-01T22:55:45Z svc=billing level=INFO msg="batch 7296 committed"
2025-12-01T22:56:01Z svc=billing level=INFO msg="token refresh completed in 1476ms"
2025-12-01T22:56:07Z svc=search level=INFO msg="batch 8497 committed"
2025-12-01T22:56:20Z svc=api level=INFO msg="cache eviction pass removed 3759 entries"
2025-12-01T22:56:37Z svc=search level=INFO msg="cache eviction pass removed 4357 entries"
2025-12-01T22:56:49Z svc=api level=INFO msg="webhook delivery attempt 8081 succeeded"
2025-12-01T22:57:04Z svc=search level=INFO msg="webhook delivery attempt 4099 succeeded"
2025-12-01T22:57:16Z svc=scheduler level=INFO msg="retry queue depth=9393"
2025-12-01T22:57:29Z svc=ingest level=INFO msg="compaction finished, 3152 segments merged"
2025-12-01T22:57:32Z svc=authz level=INFO msg="webhook delivery attempt 1512 succeeded"
2025-12-01T22:57:38Z svc=scheduler level=INFO msg="webhook delivery attempt 8250 succeeded"
2025-12-01T22:57:55Z svc=scheduler level=INFO msg="batch 6879 committed"
2025-12-01T22:58:11Z svc=authz level=INFO msg="healthcheck ok rtt=4125ms"
2025-12-01T22:58:18Z svc=authz level=INFO msg="retry queue depth=8611"
2025-12-01T22:58:27Z svc=ingest level=INFO msg="compaction finished, 8245 segments merged"
2025-12-01T22:58:44Z svc=search level=INFO msg="cache eviction pass removed 7771 entries"
2025-12-01T22:58:51Z svc=api level=INFO msg="webhook delivery attempt 8689 succeeded"
2025-12-01T22:58:55Z svc=ingest level=INFO msg="token refresh completed in 4823ms"
2025-12-01T22:59:05Z svc=ingest level=INFO msg="token refresh completed in 2614ms"
2025-12-01T22:59:12Z svc=authz level=INFO msg="cache eviction pass removed 5057 entries"
2025-12-01T22:59:25Z svc=scheduler level=INFO msg="retry queue depth=4678"
2025-12-01T22:59:41Z svc=scheduler level=INFO msg="batch 2827 committed"
2025-12-01T22:59:48Z svc=scheduler level=INFO msg="retry queue depth=723"
2025-12-01T23:00:05Z svc=search level=INFO msg="token refresh completed in 6742ms"
2025-12-01T23:00:12Z svc=authz level=INFO msg="retry queue depth=529"
2025-12-01T23:00:17Z svc=scheduler level=INFO msg="cache eviction pass removed 2990 entries"
2025-12-01T23:00:23Z svc=ingest level=INFO msg="healthcheck ok rtt=5352ms"
2025-12-01T23:00:34Z svc=search level=INFO msg="token refresh completed in 2998ms"
2025-12-01T23:00:45Z svc=billing level=INFO msg="healthcheck ok rtt=8711ms"
2025-12-01T23:00:48Z svc=authz level=INFO msg="healthcheck ok rtt=3905ms"
2025-12-01T23:00:53Z svc=ingest level=INFO msg="batch 575 committed"
2025-12-01T23:01:07Z svc=ingest level=INFO msg="token refresh completed in 4020ms"
2025-12-01T23:01:10Z svc=search level=INFO msg="healthcheck ok rtt=4723ms"
2025-12-01T23:01:18Z svc=scheduler level=INFO msg="batch 8267 committed"
2025-12-01T23:01:31Z svc=scheduler level=INFO msg="webhook delivery attempt 6887 succeeded"
2025-12-01T23:01:41Z svc=billing level=INFO msg="token refresh completed in 5532ms"
2025-12-01T23:01:55Z svc=scheduler level=INFO msg="retry queue depth=1352"
2025-12-01T23:02:07Z svc=search level=INFO msg="cache eviction pass removed 5437 entries"
2025-12-01T23:02:13Z svc=api level=INFO msg="batch 512 committed"
2025-12-01T23:02:30Z svc=ingest level=INFO msg="token refresh completed in 4945ms"
2025-12-01T23:02:45Z svc=search level=INFO msg="retry queue depth=4072"
2025-12-01T23:02:58Z svc=authz level=INFO msg="compaction finished, 2171 segments merged"
2025-12-01T23:03:03Z svc=api level=INFO msg="webhook delivery attempt 2654 succeeded"
2025-12-01T23:03:16Z svc=api level=INFO msg="batch 6923 committed"
2025-12-01T23:03:28Z svc=api level=INFO msg="healthcheck ok rtt=9417ms"
2025-12-01T23:03:45Z svc=ingest level=INFO msg="retry queue depth=7937"
2025-12-01T23:04:01Z svc=scheduler level=INFO msg="healthcheck ok rtt=1123ms"
2025-12-01T23:04:11Z svc=authz level=INFO msg="compaction finished, 9479 segments merged"
2025-12-01T23:04:20Z svc=billing level=INFO msg="batch 789 committed"
2025-12-01T23:04:33Z svc=api level=INFO msg="token refresh completed in 2896ms"
2025-12-01T23:04:39Z svc=billing level=INFO msg="token refresh completed in 1887ms"
2025-12-01T23:04:43Z svc=api level=INFO msg="token refresh completed in 8136ms"
2025-12-01T23:04:59Z svc=scheduler level=INFO msg="retry queue depth=2166"
2025-12-01T23:05:04Z svc=billing level=INFO msg="cache eviction pass removed 1543 entries"
2025-12-01T23:05:13Z svc=search level=INFO msg="token refresh completed in 8472ms"
2025-12-01T23:05:23Z svc=ingest level=INFO msg="healthcheck ok rtt=7679ms"
2025-12-01T23:05:40Z svc=authz level=INFO msg="compaction finished, 3438 segments merged"
2025-12-01T23:05:51Z svc=billing level=INFO msg="webhook delivery attempt 6197 succeeded"
2025-12-01T23:05:55Z svc=search level=INFO msg="compaction finished, 7979 segments merged"
2025-12-01T23:06:04Z svc=authz level=INFO msg="cache eviction pass removed 3421 entries"
2025-12-01T23:06:13Z svc=ingest level=INFO msg="webhook delivery attempt 2765 succeeded"
2025-12-01T23:06:17Z svc=billing level=INFO msg="compaction finished, 1809 segments merged"
2025-12-01T23:06:21Z svc=search level=INFO msg="batch 7736 committed"
2025-12-01T23:06:36Z svc=authz level=INFO msg="token refresh completed in 1504ms"
2025-12-01T23:06:46Z svc=search level=INFO msg="token refresh completed in 860ms"
2025-12-01T23:07:03Z svc=search level=INFO msg="retry queue depth=8238"
2025-12-01T23:07:18Z svc=ingest level=INFO msg="healthcheck ok rtt=6737ms"
2025-12-01T23:07:35Z svc=billing level=INFO msg="batch 455 committed"
2025-12-01T23:07:47Z svc=billing level=INFO msg="webhook delivery attempt 5424 succeeded"
2025-12-01T23:07:52Z svc=api level=INFO msg="token refresh completed in 2774ms"
2025-12-01T23:08:03Z svc=search level=INFO msg="retry queue depth=9294"
2025-12-01T23:08:14Z svc=search level=INFO msg="retry queue depth=4158"
2025-12-01T23:08:25Z svc=search level=INFO msg="cache eviction pass removed 2671 entries"
2025-12-01T23:08:41Z svc=scheduler level=INFO msg="cache eviction pass removed 912 entries"
2025-12-01T23:08:50Z svc=search level=INFO msg="batch 4982 committed"
2025-12-01T23:08:56Z svc=scheduler level=INFO msg="token refresh completed in 6542ms"
2025-12-01T23:09:10Z svc=ingest level=INFO msg="compaction finished, 6489 segments merged"
2025-12-01T23:09:26Z svc=ingest level=INFO msg="batch 4341 committed"
2025-12-01T23:09:37Z svc=scheduler level=INFO msg="token refresh completed in 8904ms"
2025-12-01T23:09:43Z svc=api level=INFO msg="compaction finished, 7616 segments merged"
2025-12-01T23:09:48Z svc=authz level=INFO msg="batch 3246 committed"
2025-12-01T23:09:57Z svc=api level=INFO msg="token refresh completed in 5594ms"
2025-12-01T23:10:14Z svc=billing level=INFO msg="token refresh completed in 5437ms"
2025-12-01T23:10:26Z svc=billing level=INFO msg="token refresh completed in 8249ms"
2025-12-01T23:10:39Z svc=ingest level=INFO msg="cache eviction pass removed 420 entries"
2025-12-01T23:10:48Z svc=scheduler level=INFO msg="healthcheck ok rtt=9389ms"
2025-12-01T23:11:03Z svc=authz level=INFO msg="retry queue depth=2900"
2025-12-01T23:11:08Z svc=search level=INFO msg="healthcheck ok rtt=1241ms"
2025-12-01T23:11:17Z svc=authz level=INFO msg="batch 6301 committed"
2025-12-01T23:11:28Z svc=authz level=INFO msg="token refresh completed in 7520ms"
2025-12-01T23:11:40Z svc=authz level=INFO msg="batch 7097 committed"
2025-12-01T23:11:53Z svc=authz level=INFO msg="token refresh completed in 787ms"
2025-12-01T23:12:05Z svc=ingest level=INFO msg="compaction finished, 4972 segments merged"
2025-12-01T23:12:14Z svc=search level=INFO msg="healthcheck ok rtt=301ms"
2025-12-01T23:12:25Z svc=scheduler level=INFO msg="webhook delivery attempt 8823 succeeded"
2025-12-01T23:12:37Z svc=scheduler level=INFO msg="batch 1331 committed"
2025-12-01T23:12:48Z svc=ingest level=INFO msg="retry queue depth=5419"
2025-12-01T23:12:53Z svc=ingest level=INFO msg="token refresh completed in 2453ms"
2025-12-01T23:13:06Z svc=scheduler level=INFO msg="retry queue depth=4571"
2025-12-01T23:13:22Z svc=scheduler level=INFO msg="token refresh completed in 1936ms"
2025-12-01T23:13:25Z svc=scheduler level=INFO msg="webhook delivery attempt 2226 succeeded"
2025-12-01T23:13:28Z svc=billing level=INFO msg="cache eviction pass removed 6658 entries"
2025-12-01T23:13:38Z svc=scheduler level=INFO msg="compaction finished, 4102 segments merged"
2025-12-01T23:13:54Z svc=authz level=INFO msg="token refresh completed in 6545ms"
2025-12-01T23:14:03Z svc=authz level=INFO msg="retry queue depth=1553"
2025-12-01T23:14:09Z svc=authz level=INFO msg="batch 4451 committed"
2025-12-01T23:14:16Z svc=scheduler level=INFO msg="cache eviction pass removed 7998 entries"
2025-12-01T23:14:30Z svc=billing level=INFO msg="cache eviction pass removed 950 entries"
2025-12-01T23:14:35Z svc=ingest level=INFO msg="cache eviction pass removed 6121 entries"
2025-12-01T23:14:49Z svc=search level=INFO msg="compaction finished, 7876 segments merged"
2025-12-01T23:14:55Z svc=search level=INFO msg="batch 3174 committed"
2025-12-01T23:14:59Z svc=scheduler level=INFO msg="batch 2049 committed"
2025-12-01T23:15:08Z svc=search level=INFO msg="cache eviction pass removed 7932 entries"
2025-12-01T23:15:25Z svc=search level=INFO msg="compaction finished, 804 segments merged"
2025-12-01T23:15:42Z svc=search level=INFO msg="healthcheck ok rtt=5546ms"
2025-12-01T23:15:45Z svc=billing level=INFO msg="compaction finished, 5961 segments merged"
2025-12-01T23:16:01Z svc=api level=INFO msg="webhook delivery attempt 5772 succeeded"
2025-12-01T23:16:05Z svc=ingest level=INFO msg="token refresh completed in 387ms"
2025-12-01T23:16:22Z svc=scheduler level=INFO msg="token refresh completed in 1697ms"
2025-12-01T23:16:37Z svc=authz level=INFO msg="webhook delivery attempt 159 succeeded"
2025-12-01T23:16:54Z svc=api level=INFO msg="webhook delivery attempt 9215 succeeded"
2025-12-01T23:17:07Z svc=ingest level=INFO msg="retry queue depth=908"
2025-12-01T23:17:20Z svc=authz level=INFO msg="webhook delivery attempt 8130 succeeded"
2025-12-01T23:17:28Z svc=authz level=INFO msg="retry queue depth=42"
2025-12-01T23:17:41Z svc=api level=INFO msg="cache eviction pass removed 2201 entries"
2025-12-01T23:17:47Z svc=api level=INFO msg="token refresh completed in 6621ms"
2025-12-01T23:18:02Z svc=api level=INFO msg="retry queue depth=3769"
2025-12-01T23:18:17Z svc=scheduler level=INFO msg="cache eviction pass removed 8207 entries"
2025-12-01T23:18:27Z svc=billing level=INFO msg="token refresh completed in 8469ms"
2025-12-01T23:18:38Z svc=api level=INFO msg="batch 8415 committed"
2025-12-01T23:18:53Z svc=api level=INFO msg="compaction finished, 8518 segments merged"
2025-12-01T23:19:01Z svc=scheduler level=INFO msg="healthcheck ok rtt=8556ms"
2025-12-01T23:19:07Z svc=search level=INFO msg="webhook delivery attempt 8548 succeeded"
2025-12-01T23:19:18Z svc=authz level=INFO msg="retry queue depth=2199"
2025-12-01T23:19:28Z svc=authz level=INFO msg="webhook delivery attempt 4780 succeeded"
2025-12-01T23:19:34Z svc=scheduler level=INFO msg="cache eviction pass removed 8378 entries"
2025-12-01T23:19:39Z svc=authz level=INFO msg="token refresh completed in 1407ms"
2025-12-01T23:19:47Z svc=scheduler level=INFO msg="token refresh completed in 4746ms"
2025-12-01T23:19:52Z svc=search level=INFO msg="cache eviction pass removed 5488 entries"
2025-12-01T23:19:58Z svc=api level=INFO msg="batch 5191 committed"
2025-12-01T23:20:08Z svc=ingest level=INFO msg="compaction finished, 7587 segments merged"
2025-12-01T23:20:24Z svc=scheduler level=INFO msg="compaction finished, 7627 segments merged"
2025-12-01T23:20:41Z svc=scheduler level=INFO msg="batch 3970 committed"
2025-12-01T23:20:52Z svc=ingest level=INFO msg="healthcheck ok rtt=4587ms"
2025-12-01T23:21:05Z svc=authz level=INFO msg="retry queue depth=332"
2025-12-01T23:21:14Z svc=api level=INFO msg="batch 3610 committed"
2025-12-01T23:21:23Z svc=authz level=INFO msg="healthcheck ok rtt=3073ms"
2025-12-01T23:21:29Z svc=authz level=INFO msg="compaction finished, 463 segments merged"
2025-12-01T23:21:32Z svc=authz level=INFO msg="webhook delivery attempt 4755 succeeded"
2025-12-01T23:21:45Z svc=ingest level=INFO msg="webhook delivery attempt 4212 succeeded"
2025-12-01T23:22:02Z svc=ingest level=INFO msg="compaction finished, 1180 segments merged"
2025-12-01T23:22:17Z svc=scheduler level=INFO msg="retry queue depth=1613"
2025-12-01T23:22:21Z svc=ingest level=INFO msg="batch 6640 committed"
2025-12-01T23:22:30Z svc=scheduler level=INFO msg="cache eviction pass removed 5836 entries"
2025-12-01T23:22:34Z svc=authz level=INFO msg="retry queue depth=2947"
2025-12-01T23:22:51Z svc=billing level=INFO msg="batch 6697 committed"
2025-12-01T23:22:57Z svc=scheduler level=INFO msg="retry queue depth=3984"
2025-12-01T23:23:01Z svc=api level=INFO msg="token refresh completed in 2450ms"
2025-12-01T23:23:14Z svc=ingest level=INFO msg="cache eviction pass removed 1205 entries"
2025-12-01T23:23:31Z svc=authz level=INFO msg="cache eviction pass removed 9395 entries"
2025-12-01T23:23:37Z svc=authz level=INFO msg="token refresh completed in 5951ms"
2025-12-01T23:23:51Z svc=scheduler level=INFO msg="retry queue depth=4399"
2025-12-01T23:24:00Z svc=authz level=INFO msg="retry queue depth=9336"
2025-12-01T23:24:13Z svc=ingest level=INFO msg="cache eviction pass removed 7378 entries"
2025-12-01T23:24:20Z svc=billing level=INFO msg="healthcheck ok rtt=5267ms"
2025-12-01T23:24:37Z svc=search level=INFO msg="batch 957 committed"
2025-12-01T23:24:41Z svc=api level=INFO msg="batch 530 committed"
2025-12-01T23:24:56Z svc=scheduler level=INFO msg="cache eviction pass removed 4380 entries"
2025-12-01T23:25:11Z svc=api level=INFO msg="cache eviction pass removed 3910 entries"
2025-12-01T23:25:17Z svc=api level=INFO msg="token refresh completed in 527ms"
2025-12-01T23:25:26Z svc=api level=INFO msg="webhook delivery attempt 7807 succeeded"
2025-12-01T23:25:38Z svc=authz level=INFO msg="batch 7730 committed"
2025-12-01T23:25:45Z svc=search level=INFO msg="batch 8331 committed"
2025-12-01T23:25:59Z svc=ingest level=INFO msg="batch 5602 committed"
2025-12-01T23:26:03Z svc=ingest level=INFO msg="healthcheck ok rtt=3340ms"
2025-12-01T23:26:08Z svc=search level=INFO msg="compaction finished, 1852 segments merged"
2025-12-01T23:26:17Z svc=scheduler level=INFO msg="compaction finished, 3672 segments merged"
2025-12-01T23:26:30Z svc=authz level=INFO msg="healthcheck ok rtt=7554ms"
2025-12-01T23:26:45Z svc=authz level=INFO msg="healthcheck ok rtt=8412ms"
2025-12-01T23:26:58Z svc=scheduler level=INFO msg="cache eviction pass removed 534 entries"
2025-12-01T23:27:02Z svc=billing level=INFO msg="compaction finished, 8873 segments merged"
2025-12-01T23:27:14Z svc=scheduler level=INFO msg="token refresh completed in 3855ms"
2025-12-01T23:27:29Z svc=authz level=INFO msg="cache eviction pass removed 3006 entries"
2025-12-01T23:27:45Z svc=search level=INFO msg="compaction finished, 7491 segments merged"
2025-12-01T23:27:54Z svc=api level=INFO msg="token refresh completed in 1777ms"
2025-12-01T23:28:09Z svc=authz level=INFO msg="compaction finished, 931 segments merged"
2025-12-01T23:28:25Z svc=ingest level=INFO msg="webhook delivery attempt 4746 succeeded"
2025-12-01T23:28:41Z svc=authz level=INFO msg="compaction finished, 5531 segments merged"
2025-12-01T23:28:47Z svc=billing level=INFO msg="compaction finished, 1571 segments merged"
2025-12-01T23:29:04Z svc=authz level=INFO msg="compaction finished, 3672 segments merged"
2025-12-01T23:29:12Z svc=api level=INFO msg="retry queue depth=2482"
2025-12-01T23:29:15Z svc=authz level=INFO msg="compaction finished, 4023 segments merged"
2025-12-01T23:29:20Z svc=search level=INFO msg="token refresh completed in 6923ms"
2025-12-01T23:29:37Z svc=ingest level=INFO msg="token refresh completed in 3627ms"
2025-12-01T23:29:53Z svc=search level=INFO msg="batch 3642 committed"
2025-12-01T23:30:08Z svc=api level=INFO msg="batch 5473 committed"
2025-12-01T23:30:13Z svc=api level=INFO msg="compaction finished, 1555 segments merged"
2025-12-01T23:30:26Z svc=billing level=INFO msg="retry queue depth=4218"
2025-12-01T23:30:38Z svc=api level=INFO msg="healthcheck ok rtt=7828ms"
2025-12-01T23:30:54Z svc=ingest level=INFO msg="compaction finished, 3441 segments merged"
2025-12-01T23:31:05Z svc=billing level=INFO msg="webhook delivery attempt 6603 succeeded"
2025-12-01T23:31:21Z svc=ingest level=INFO msg="token refresh completed in 7930ms"
2025-12-01T23:31:27Z svc=authz level=INFO msg="webhook delivery attempt 8346 succeeded"
2025-12-01T23:31:36Z svc=authz level=INFO msg="webhook delivery attempt 4851 succeeded"
2025-12-01T23:31:48Z svc=authz level=INFO msg="token refresh completed in 4587ms"
2025-12-01T23:31:56Z svc=ingest level=INFO msg="token refresh completed in 580ms"
2025-12-01T23:32:06Z svc=billing level=INFO msg="compaction finished, 5342 segments merged"
2025-12-01T23:32:17Z svc=authz level=INFO msg="retry queue depth=1413"
2025-12-01T23:32:30Z svc=ingest level=INFO msg="token refresh completed in 8929ms"
2025-12-01T23:32:38Z svc=authz level=INFO msg="healthcheck ok rtt=8317ms"
2025-12-01T23:32:53Z svc=scheduler level=INFO msg="compaction finished, 1330 segments merged"
2025-12-01T23:33:06Z svc=authz level=INFO msg="cache eviction pass removed 2005 entries"
2025-12-01T23:33:21Z svc=ingest level=INFO msg="healthcheck ok rtt=8999ms"
2025-12-01T23:33:38Z svc=migrate level=WARN msg="Project Falcon rehearsal #2 completed, rollback plan verified"
2025-12-01T23:33:51Z svc=search level=INFO msg="healthcheck ok rtt=9041ms"
2025-12-01T23:33:59Z svc=authz level=INFO msg="batch 3955 committed"
2025-12-01T23:34:10Z svc=scheduler level=INFO msg="token refresh completed in 2622ms"
2025-12-01T23:34:13Z svc=search level=INFO msg="compaction finished, 1782 segments merged"
2025-12-01T23:34:23Z svc=search level=INFO msg="compaction finished, 9032 segments merged"
2025-12-01T23:34:35Z svc=billing level=INFO msg="token refresh completed in 3224ms"
2025-12-01T23:34:52Z svc=scheduler level=INFO msg="token refresh completed in 1364ms"
2025-12-01T23:35:01Z svc=authz level=INFO msg="webhook delivery attempt 3011 succeeded"
2025-12-01T23:35:11Z svc=api level=INFO msg="webhook delivery attempt 238 succeeded"
2025-12-01T23:35:21Z svc=ingest level=INFO msg="token refresh completed in 7170ms"
2025-12-01T23:35:28Z svc=search level=INFO msg="retry queue depth=7875"
2025-12-01T23:35:45Z svc=ingest level=INFO msg="healthcheck ok rtt=2208ms"
2025-12-01T23:35:59Z svc=billing level=INFO msg="webhook delivery attempt 7643 succeeded"
2025-12-01T23:36:14Z svc=ingest level=INFO msg="webhook delivery attempt 9115 succeeded"
2025-12-01T23:36:17Z svc=scheduler level=INFO msg="token refresh completed in 7371ms"
2025-12-01T23:36:32Z svc=scheduler level=INFO msg="batch 3489 committed"
2025-12-01T23:36:35Z svc=scheduler level=INFO msg="token refresh completed in 1661ms"
2025-12-01T23:36:49Z svc=scheduler level=INFO msg="retry queue depth=3914"
2025-12-01T23:36:56Z svc=authz level=INFO msg="webhook delivery attempt 3187 succeeded"
2025-12-01T23:37:07Z svc=billing level=INFO msg="webhook delivery attempt 3255 succeeded"
2025-12-01T23:37:12Z svc=search level=INFO msg="batch 5553 committed"
2025-12-01T23:37:19Z svc=billing level=INFO msg="batch 8145 committed"
2025-12-01T23:37:28Z svc=ingest level=INFO msg="webhook delivery attempt 3694 succeeded"
2025-12-01T23:37:40Z svc=ingest level=INFO msg="retry queue depth=619"
2025-12-01T23:37:50Z svc=billing level=INFO msg="token refresh completed in 806ms"
2025-12-01T23:37:54Z svc=authz level=INFO msg="retry queue depth=7953"
2025-12-01T23:38:10Z svc=billing level=INFO msg="compaction finished, 7868 segments merged"
2025-12-01T23:38:20Z svc=scheduler level=INFO msg="cache eviction pass removed 831 entries"
2025-12-01T23:38:28Z svc=ingest level=INFO msg="token refresh completed in 1953ms"
2025-12-01T23:38:35Z svc=scheduler level=INFO msg="webhook delivery attempt 8894 succeeded"
2025-12-01T23:38:49Z svc=ingest level=INFO msg="healthcheck ok rtt=7585ms"
2025-12-01T23:39:05Z svc=api level=INFO msg="healthcheck ok rtt=2651ms"
2025-12-01T23:39:18Z svc=search level=INFO msg="token refresh completed in 3815ms"
2025-12-01T23:39:30Z svc=scheduler level=INFO msg="cache eviction pass removed 2854 entries"
2025-12-01T23:39:44Z svc=ingest level=INFO msg="batch 2604 committed"
2025-12-01T23:40:01Z svc=billing level=INFO msg="healthcheck ok rtt=9114ms"
2025-12-01T23:40:12Z svc=billing level=INFO msg="healthcheck ok rtt=5461ms"
2025-12-01T23:40:16Z svc=ingest level=INFO msg="healthcheck ok rtt=8319ms"
2025-12-01T23:40:25Z svc=api level=INFO msg="healthcheck ok rtt=6493ms"
2025-12-01T23:40:28Z svc=authz level=INFO msg="token refresh completed in 5561ms"
2025-12-01T23:40:40Z svc=ingest level=INFO msg="batch 8401 committed"
2025-12-01T23:40:44Z svc=authz level=INFO msg="compaction finished, 2690 segments merged"
2025-12-01T23:40:49Z svc=authz level=INFO msg="token refresh completed in 9091ms"
2025-12-01T23:41:06Z svc=search level=INFO msg="compaction finished, 7670 segments merged"
2025-12-01T23:41:17Z svc=ingest level=INFO msg="compaction finished, 5646 segments merged"
2025-12-01T23:41:33Z svc=authz level=INFO msg="batch 7255 committed"
2025-12-01T23:41:39Z svc=api level=INFO msg="token refresh completed in 3903ms"
2025-12-01T23:41:49Z svc=billing level=INFO msg="retry queue depth=3853"
2025-12-01T23:42:03Z svc=ingest level=INFO msg="retry queue depth=6284"
2025-12-01T23:42:16Z svc=search level=INFO msg="healthcheck ok rtt=2799ms"
2025-12-01T23:42:19Z svc=authz level=INFO msg="healthcheck ok rtt=3597ms"
2025-12-01T23:42:31Z svc=search level=INFO msg="webhook delivery attempt 5491 succeeded"
2025-12-01T23:42:48Z svc=ingest level=INFO msg="batch 4472 committed"
2025-12-01T23:42:59Z svc=api level=INFO msg="compaction finished, 5437 segments merged"
2025-12-01T23:43:14Z svc=scheduler level=INFO msg="compaction finished, 4366 segments merged"
2025-12-01T23:43:27Z svc=billing level=INFO msg="retry queue depth=5600"
2025-12-01T23:43:42Z svc=api level=INFO msg="cache eviction pass removed 1687 entries"
2025-12-01T23:43:55Z svc=billing level=INFO msg="token refresh completed in 327ms"
2025-12-01T23:44:00Z svc=scheduler level=INFO msg="healthcheck ok rtt=4450ms"
2025-12-01T23:44:14Z svc=scheduler level=INFO msg="compaction finished, 5180 segments merged"
2025-12-01T23:44:17Z svc=scheduler level=INFO msg="healthcheck ok rtt=5102ms"
2025-12-01T23:44:30Z svc=search level=INFO msg="token refresh completed in 1448ms"
2025-12-01T23:44:39Z svc=authz level=INFO msg="compaction finished, 4622 segments merged"
2025-12-01T23:44:52Z svc=ingest level=INFO msg="retry queue depth=1297"
2025-12-01T23:45:00Z svc=billing level=INFO msg="webhook delivery attempt 5547 succeeded"
2025-12-01T23:45:16Z svc=scheduler level=INFO msg="cache eviction pass removed 1653 entries"
2025-12-01T23:45:21Z svc=authz level=INFO msg="token refresh completed in 1729ms"
2025-12-01T23:45:25Z svc=search level=INFO msg="cache eviction pass removed 791 entries"
2025-12-01T23:45:36Z svc=billing level=INFO msg="batch 1272 committed"
2025-12-01T23:45:49Z svc=billing level=INFO msg="cache eviction pass removed 8388 entries"
2025-12-01T23:46:02Z svc=api level=INFO msg="cache eviction pass removed 4998 entries"
2025-12-01T23:46:17Z svc=billing level=INFO msg="retry queue depth=1090"
2025-12-01T23:46:28Z svc=search level=INFO msg="webhook delivery attempt 6309 succeeded"
2025-12-01T23:46:34Z svc=billing level=INFO msg="batch 2378 committed"
2025-12-01T23:46:50Z svc=search level=INFO msg="batch 2300 committed"
2025-12-01T23:46:56Z svc=authz level=INFO msg="compaction finished, 6437 segments merged"
2025-12-01T23:47:03Z svc=scheduler level=INFO msg="batch 6422 committed"
2025-12-01T23:47:12Z svc=api level=INFO msg="compaction finished, 4788 segments merged"
2025-12-01T23:47:27Z svc=billing level=INFO msg="batch 7700 committed"
2025-12-01T23:47:41Z svc=ingest level=INFO msg="batch 1047 committed"
2025-12-01T23:47:58Z svc=scheduler level=INFO msg="healthcheck ok rtt=2296ms"
2025-12-01T23:48:05Z svc=ingest level=INFO msg="compaction finished, 5616 segments merged"
2025-12-01T23:48:16Z svc=ingest level=INFO msg="healthcheck ok rtt=4428ms"
2025-12-01T23:48:21Z svc=search level=INFO msg="compaction finished, 93 segments merged"
2025-12-01T23:48:26Z svc=ingest level=INFO msg="compaction finished, 8114 segments merged"
2025-12-01T23:48:36Z svc=billing level=INFO msg="retry queue depth=6605"
2025-12-01T23:48:50Z svc=ingest level=INFO msg="compaction finished, 7911 segments merged"
2025-12-01T23:48:55Z svc=search level=INFO msg="healthcheck ok rtt=6425ms"
2025-12-01T23:49:09Z svc=billing level=INFO msg="cache eviction pass removed 6677 entries"
2025-12-01T23:49:12Z svc=api level=INFO msg="token refresh completed in 5527ms"
2025-12-01T23:49:17Z svc=authz level=INFO msg="batch 822 committed"
2025-12-01T23:49:29Z svc=scheduler level=INFO msg="compaction finished, 9454 segments merged"
2025-12-01T23:49:36Z svc=ingest level=INFO msg="cache eviction pass removed 1684 entries"
2025-12-01T23:49:39Z svc=api level=INFO msg="batch 4986 committed"
2025-12-01T23:49:54Z svc=search level=INFO msg="batch 3845 committed"
2025-12-01T23:50:03Z svc=search level=INFO msg="batch 9094 committed"
2025-12-01T23:50:08Z svc=authz level=INFO msg="webhook delivery attempt 7292 succeeded"
2025-12-01T23:50:25Z svc=ingest level=INFO msg="webhook delivery attempt 2784 succeeded"
2025-12-01T23:50:41Z svc=authz level=INFO msg="healthcheck ok rtt=278ms"
2025-12-01T23:50:54Z svc=search level=INFO msg="batch 890 committed"
2025-12-01T23:50:57Z svc=scheduler level=INFO msg="healthcheck ok rtt=1259ms"
2025-12-01T23:51:14Z svc=billing level=INFO msg="webhook delivery attempt 2227 succeeded"
2025-12-01T23:51:20Z svc=authz level=INFO msg="token refresh completed in 5597ms"
2025-12-01T23:51:32Z svc=search level=INFO msg="healthcheck ok rtt=2512ms"
2025-12-01T23:51:36Z svc=ingest level=INFO msg="token refresh completed in 4796ms"
2025-12-01T23:51:44Z svc=api level=INFO msg="webhook delivery attempt 4241 succeeded"
2025-12-01T23:51:51Z svc=api level=INFO msg="webhook delivery attempt 5150 succeeded"
2025-12-01T23:52:03Z svc=api level=INFO msg="webhook delivery attempt 4432 succeeded"
2025-12-01T23:52:08Z svc=billing level=INFO msg="webhook delivery attempt 5515 succeeded"
2025-12-01T23:52:19Z svc=ingest level=INFO msg="cache eviction pass removed 3994 entries"
2025-12-01T23:52:32Z svc=search level=INFO msg="cache eviction pass removed 6853 entries"
2025-12-01T23:52:38Z svc=search level=INFO msg="retry queue depth=4381"
2025-12-01T23:52:52Z svc=authz level=INFO msg="webhook delivery attempt 1773 succeeded"
2025-12-01T23:53:02Z svc=ingest level=INFO msg="webhook delivery attempt 8961 succeeded"
2025-12-01T23:53:08Z svc=scheduler level=INFO msg="cache eviction pass removed 1340 entries"
2025-12-01T23:53:18Z svc=authz level=INFO msg="cache eviction pass removed 4403 entries"
2025-12-01T23:53:22Z svc=search level=INFO msg="compaction finished, 7845 segments merged"
2025-12-01T23:53:25Z svc=api level=INFO msg="healthcheck ok rtt=4611ms"
2025-12-01T23:53:34Z svc=ingest level=INFO msg="retry queue depth=3717"
2025-12-01T23:53:39Z svc=billing level=INFO msg="batch 376 committed"
2025-12-01T23:53:56Z svc=scheduler level=INFO msg="compaction finished, 4885 segments merged"
2025-12-01T23:54:10Z svc=search level=INFO msg="token refresh completed in 5912ms"
2025-12-01T23:54:26Z svc=billing level=INFO msg="compaction finished, 4362 segments merged"
2025-12-01T23:54:41Z svc=billing level=INFO msg="webhook delivery attempt 5196 succeeded"
2025-12-01T23:54:57Z svc=ingest level=INFO msg="retry queue depth=4146"
2025-12-01T23:55:12Z svc=authz level=INFO msg="compaction finished, 366 segments merged"
2025-12-01T23:55:20Z svc=billing level=INFO msg="batch 1845 committed"
2025-12-01T23:55:35Z svc=api level=INFO msg="token refresh completed in 8189ms"
2025-12-01T23:55:50Z svc=authz level=INFO msg="healthcheck ok rtt=8934ms"
2025-12-01T23:55:53Z svc=authz level=INFO msg="cache eviction pass removed 2262 entries"
2025-12-01T23:56:01Z svc=scheduler level=INFO msg="batch 6328 committed"
2025-12-01T23:56:09Z svc=authz level=INFO msg="healthcheck ok rtt=4654ms"
2025-12-01T23:56:21Z svc=api level=INFO msg="webhook delivery attempt 5331 succeeded"
2025-12-01T23:56:27Z svc=authz level=INFO msg="compaction finished, 893 segments merged"
2025-12-01T23:56:41Z svc=ingest level=INFO msg="webhook delivery attempt 5721 succeeded"
2025-12-01T23:56:45Z svc=ingest level=INFO msg="token refresh completed in 7080ms"
2025-12-01T23:56:52Z svc=authz level=INFO msg="compaction finished, 9492 segments merged"
2025-12-01T23:57:00Z svc=ingest level=INFO msg="batch 3909 committed"
2025-12-01T23:57:09Z svc=ingest level=INFO msg="batch 7478 committed"
2025-12-01T23:57:25Z svc=ingest level=INFO msg="cache eviction pass removed 2241 entries"
2025-12-01T23:57:28Z svc=api level=INFO msg="retry queue depth=5945"
2025-12-01T23:57:37Z svc=search level=INFO msg="compaction finished, 4447 segments merged"
2025-12-01T23:57:47Z svc=search level=INFO msg="healthcheck ok rtt=1206ms"
2025-12-01T23:58:03Z svc=search level=INFO msg="compaction finished, 5099 segments merged"
2025-12-01T23:58:17Z svc=search level=INFO msg="token refresh completed in 3633ms"
2025-12-01T23:58:32Z svc=api level=INFO msg="cache eviction pass removed 8472 entries"
2025-12-01T23:58:36Z svc=authz level=INFO msg="batch 3880 committed"
2025-12-01T23:58:49Z svc=ingest level=INFO msg="webhook delivery attempt 5532 succeeded"
2025-12-01T23:58:59Z svc=api level=INFO msg="batch 2648 committed"
2025-12-01T23:59:03Z svc=billing level=INFO msg="cache eviction pass removed 6993 entries"
2025-12-01T23:59:09Z svc=authz level=INFO msg="token refresh completed in 8933ms"
2025-12-01T23:59:26Z svc=scheduler level=INFO msg="healthcheck ok rtt=3834ms"
2025-12-01T23:59:40Z svc=api level=INFO msg="healthcheck ok rtt=3806ms"
2025-12-01T23:59:56Z svc=ingest level=INFO msg="token refresh completed in 4587ms"
2025-12-02T00:00:12Z svc=billing level=INFO msg="webhook delivery attempt 6233 succeeded"
2025-12-02T00:00:26Z svc=billing level=INFO msg="token refresh completed in 5519ms"
2025-12-02T00:00:31Z svc=scheduler level=INFO msg="webhook delivery attempt 2652 succeeded"
2025-12-02T00:00:34Z svc=scheduler level=INFO msg="healthcheck ok rtt=7562ms"
2025-12-02T00:00:48Z svc=search level=INFO msg="webhook delivery attempt 2479 succeeded"
2025-12-02T00:01:05Z svc=search level=INFO msg="cache eviction pass removed 4008 entries"
2025-12-02T00:01:22Z svc=api level=INFO msg="cache eviction pass removed 6419 entries"
2025-12-02T00:01:29Z svc=billing level=INFO msg="compaction finished, 2139 segments merged"
2025-12-02T00:01:46Z svc=authz level=INFO msg="batch 8259 committed"
2025-12-02T00:01:50Z svc=authz level=INFO msg="healthcheck ok rtt=3871ms"
2025-12-02T00:02:03Z svc=authz level=INFO msg="token refresh completed in 9125ms"
2025-12-02T00:02:20Z svc=scheduler level=INFO msg="compaction finished, 2960 segments merged"
2025-12-02T00:02:28Z svc=billing level=INFO msg="healthcheck ok rtt=7547ms"
2025-12-02T00:02:32Z svc=billing level=INFO msg="compaction finished, 4165 segments merged"
2025-12-02T00:02:49Z svc=authz level=INFO msg="token refresh completed in 4041ms"
2025-12-02T00:03:06Z svc=search level=INFO msg="healthcheck ok rtt=3567ms"
2025-12-02T00:03:09Z svc=scheduler level=INFO msg="cache eviction pass removed 2710 entries"
2025-12-02T00:03:20Z svc=search level=INFO msg="batch 5381 committed"
2025-12-02T00:03:29Z svc=search level=INFO msg="cache eviction pass removed 5573 entries"
2025-12-02T00:03:40Z svc=ingest level=INFO msg="token refresh completed in 1670ms"
2025-12-02T00:03:44Z svc=authz level=INFO msg="batch 4431 committed"
2025-12-02T00:03:51Z svc=billing level=INFO msg="healthcheck ok rtt=1089ms"
2025-12-02T00:03:55Z svc=scheduler level=INFO msg="token refresh completed in 1727ms"
2025-12-02T00:04:00Z svc=search level=INFO msg="cache eviction pass removed 7511 entries"
2025-12-02T00:04:17Z svc=ingest level=INFO msg="webhook delivery attempt 5108 succeeded"
2025-12-02T00:04:21Z svc=authz level=INFO msg="webhook delivery attempt 1333 succeeded"
2025-12-02T00:04:29Z svc=billing level=INFO msg="healthcheck ok rtt=3267ms"
2025-12-02T00:04:36Z svc=ingest level=INFO msg="batch 1234 committed"
2025-12-02T00:04:53Z svc=search level=INFO msg="retry queue depth=341"
2025-12-02T00:05:08Z svc=authz level=INFO msg="healthcheck ok rtt=2401ms"
2025-12-02T00:05:13Z svc=billing level=INFO msg="retry queue depth=8159"
2025-12-02T00:05:24Z svc=api level=INFO msg="cache eviction pass removed 7361 entries"
2025-12-02T00:05:28Z svc=api level=INFO msg="compaction finished, 6941 segments merged"
2025-12-02T00:05:33Z svc=search level=INFO msg="compaction finished, 8225 segments merged"
2025-12-02T00:05:48Z svc=authz level=INFO msg="retry queue depth=1397"
2025-12-02T00:05:58Z svc=api level=INFO msg="healthcheck ok rtt=6076ms"
2025-12-02T00:06:01Z svc=scheduler level=INFO msg="token refresh completed in 66ms"
2025-12-02T00:06:13Z svc=authz level=INFO msg="retry queue depth=8609"
2025-12-02T00:06:16Z svc=scheduler level=INFO msg="healthcheck ok rtt=7801ms"
2025-12-02T00:06:19Z svc=authz level=INFO msg="compaction finished, 1863 segments merged"
2025-12-02T00:06:27Z svc=scheduler level=INFO msg="batch 4668 committed"
2025-12-02T00:06:36Z svc=ingest level=INFO msg="webhook delivery attempt 5309 succeeded"
2025-12-02T00:06:40Z svc=authz level=INFO msg="retry queue depth=9244"
2025-12-02T00:06:56Z svc=search level=INFO msg="cache eviction pass removed 9241 entries"
2025-12-02T00:07:03Z svc=authz level=INFO msg="healthcheck ok rtt=8260ms"
2025-12-02T00:07:13Z svc=billing level=INFO msg="retry queue depth=6091"
2025-12-02T00:07:24Z svc=ingest level=INFO msg="token refresh completed in 116ms"
2025-12-02T00:07:39Z svc=search level=INFO msg="cache eviction pass removed 6906 entries"
2025-12-02T00:07:45Z svc=billing level=INFO msg="retry queue depth=4237"
2025-12-02T00:08:02Z svc=api level=INFO msg="token refresh completed in 5352ms"
2025-12-02T00:08:09Z svc=search level=INFO msg="retry queue depth=272"
2025-12-02T00:08:25Z svc=api level=INFO msg="healthcheck ok rtt=3732ms"
2025-12-02T00:08:36Z svc=search level=INFO msg="compaction finished, 7956 segments merged"
2025-12-02T00:08:49Z svc=search level=INFO msg="retry queue depth=274"
2025-12-02T00:08:58Z svc=ingest level=INFO msg="batch 2155 committed"
2025-12-02T00:09:15Z svc=scheduler level=INFO msg="token refresh completed in 4298ms"
2025-12-02T00:09:27Z svc=api level=INFO msg="webhook delivery attempt 3069 succeeded"
2025-12-02T00:09:39Z svc=search level=INFO msg="healthcheck ok rtt=5183ms"
2025-12-02T00:09:42Z svc=api level=INFO msg="retry queue depth=9121"
2025-12-02T00:09:57Z svc=scheduler level=INFO msg="compaction finished, 3328 segments merged"
2025-12-02T00:10:06Z svc=search level=INFO msg="retry queue depth=6781"
2025-12-02T00:10:16Z svc=authz level=INFO msg="webhook delivery attempt 308 succeeded"
2025-12-02T00:10:23Z svc=search level=INFO msg="cache eviction pass removed 2793 entries"
2025-12-02T00:10:37Z svc=authz level=INFO msg="compaction finished, 2395 segments merged"
2025-12-02T00:10:47Z svc=search level=INFO msg="batch 9343 committed"
2025-12-02T00:11:04Z svc=search level=INFO msg="token refresh completed in 6167ms"
2025-12-02T00:11:14Z svc=authz level=INFO msg="retry queue depth=6867"
2025-12-02T00:11:30Z svc=scheduler level=INFO msg="token refresh completed in 5379ms"
2025-12-02T00:11:41Z svc=ingest level=INFO msg="token refresh completed in 1830ms"
2025-12-02T00:11:46Z svc=ingest level=INFO msg="webhook delivery attempt 8273 succeeded"
2025-12-02T00:11:57Z svc=scheduler level=INFO msg="retry queue depth=7337"
2025-12-02T00:12:12Z svc=billing level=INFO msg="batch 6312 committed"
2025-12-02T00:12:29Z svc=api level=INFO msg="compaction finished, 4 segments merged"
2025-12-02T00:12:38Z svc=api level=INFO msg="webhook delivery attempt 2122 succeeded"
2025-12-02T00:12:44Z svc=api level=INFO msg="token refresh completed in 3094ms"
2025-12-02T00:12:53Z svc=billing level=INFO msg="healthcheck ok rtt=1079ms"
2025-12-02T00:13:01Z svc=scheduler level=INFO msg="token refresh completed in 7781ms"
2025-12-02T00:13:04Z svc=search level=INFO msg="cache eviction pass removed 3246 entries"
2025-12-02T00:13:10Z svc=authz level=INFO msg="batch 1732 committed"
2025-12-02T00:13:17Z svc=billing level=INFO msg="retry queue depth=7795"
2025-12-02T00:13:24Z svc=scheduler level=INFO msg="retry queue depth=349"
2025-12-02T00:13:27Z svc=search level=INFO msg="cache eviction pass removed 828 entries"
2025-12-02T00:13:41Z svc=ingest level=INFO msg="cache eviction pass removed 9477 entries"
2025-12-02T00:13:49Z svc=scheduler level=INFO msg="webhook delivery attempt 1736 succeeded"
2025-12-02T00:14:00Z svc=authz level=INFO msg="webhook delivery attempt 8851 succeeded"
2025-12-02T00:14:05Z svc=api level=INFO msg="webhook delivery attempt 3234 succeeded"
2025-12-02T00:14:10Z svc=api level=INFO msg="healthcheck ok rtt=5686ms"
2025-12-02T00:14:27Z svc=search level=INFO msg="healthcheck ok rtt=6242ms"
2025-12-02T00:14:40Z svc=search level=INFO msg="healthcheck ok rtt=3145ms"
2025-12-02T00:14:47Z svc=search level=INFO msg="webhook delivery attempt 6151 succeeded"
2025-12-02T00:14:59Z svc=ingest level=INFO msg="batch 2397 committed"
2025-12-02T00:15:06Z svc=scheduler level=INFO msg="compaction finished, 4621 segments merged"
2025-12-02T00:15:21Z svc=search level=INFO msg="compaction finished, 9247 segments merged"
2025-12-02T00:15:27Z svc=scheduler level=INFO msg="token refresh completed in 624ms"
2025-12-02T00:15:42Z svc=authz level=INFO msg="retry queue depth=7061"
2025-12-02T00:15:45Z svc=api level=INFO msg="webhook delivery attempt 9358 succeeded"
2025-12-02T00:15:59Z svc=api level=INFO msg="token refresh completed in 6557ms"
2025-12-02T00:16:13Z svc=scheduler level=INFO msg="cache eviction pass removed 8272 entries"
2025-12-02T00:16:30Z svc=api level=INFO msg="compaction finished, 7858 segments merged"
2025-12-02T00:16:42Z svc=scheduler level=INFO msg="batch 5282 committed"
2025-12-02T00:16:46Z svc=ingest level=INFO msg="healthcheck ok rtt=2679ms"
2025-12-02T00:16:53Z svc=authz level=INFO msg="batch 2901 committed"
2025-12-02T00:17:00Z svc=billing level=INFO msg="batch 954 committed"
2025-12-02T00:17:13Z svc=api level=INFO msg="healthcheck ok rtt=8941ms"
2025-12-02T00:17:19Z svc=search level=INFO msg="batch 5604 committed"
2025-12-02T00:17:36Z svc=ingest level=INFO msg="compaction finished, 2989 segments merged"
2025-12-02T00:17:47Z svc=search level=INFO msg="webhook delivery attempt 7745 succeeded"
2025-12-02T00:17:53Z svc=billing level=INFO msg="webhook delivery attempt 8763 succeeded"
2025-12-02T00:18:05Z svc=ingest level=INFO msg="webhook delivery attempt 7662 succeeded"
2025-12-02T00:18:11Z svc=billing level=INFO msg="retry queue depth=552"
2025-12-02T00:18:25Z svc=search level=INFO msg="cache eviction pass removed 1264 entries"
2025-12-02T00:18:42Z svc=api level=INFO msg="webhook delivery attempt 2810 succeeded"
2025-12-02T00:18:53Z svc=billing level=INFO msg="batch 8169 committed"
2025-12-02T00:18:58Z svc=api level=INFO msg="batch 6447 committed"
2025-12-02T00:19:01Z svc=api level=INFO msg="webhook delivery attempt 3740 succeeded"
2025-12-02T00:19:10Z svc=api level=INFO msg="cache eviction pass removed 6932 entries"
2025-12-02T00:19:15Z svc=authz level=INFO msg="webhook delivery attempt 7286 succeeded"
2025-12-02T00:19:21Z svc=search level=INFO msg="cache eviction pass removed 4470 entries"
2025-12-02T00:19:25Z svc=scheduler level=INFO msg="token refresh completed in 6261ms"
2025-12-02T00:19:32Z svc=billing level=INFO msg="retry queue depth=3859"
2025-12-02T00:19:40Z svc=search level=INFO msg="retry queue depth=1516"
2025-12-02T00:19:43Z svc=authz level=INFO msg="compaction finished, 558 segments merged"
2025-12-02T00:19:50Z svc=ingest level=INFO msg="webhook delivery attempt 6594 succeeded"
2025-12-02T00:19:57Z svc=scheduler level=INFO msg="compaction finished, 6411 segments merged"
2025-12-02T00:20:00Z svc=ingest level=INFO msg="token refresh completed in 5524ms"
2025-12-02T00:20:05Z svc=search level=INFO msg="compaction finished, 7892 segments merged"
2025-12-02T00:20:12Z svc=ingest level=INFO msg="retry queue depth=5216"
2025-12-02T00:20:19Z svc=authz level=INFO msg="batch 4457 committed"
2025-12-02T00:20:34Z svc=authz level=INFO msg="compaction finished, 3739 segments merged"
2025-12-02T00:20:44Z svc=ingest level=INFO msg="batch 5882 committed"
2025-12-02T00:20:47Z svc=search level=INFO msg="retry queue depth=7450"
2025-12-02T00:20:50Z svc=search level=INFO msg="compaction finished, 8507 segments merged"
2025-12-02T00:20:54Z svc=billing level=INFO msg="token refresh completed in 4099ms"
2025-12-02T00:20:57Z svc=authz level=INFO msg="webhook delivery attempt 4276 succeeded"
2025-12-02T00:21:08Z svc=ingest level=INFO msg="cache eviction pass removed 2752 entries"
2025-12-02T00:21:23Z svc=search level=INFO msg="webhook delivery attempt 3615 succeeded"
2025-12-02T00:21:30Z svc=scheduler level=INFO msg="retry queue depth=1444"
2025-12-02T00:21:45Z svc=search level=INFO msg="token refresh completed in 569ms"
2025-12-02T00:21:59Z svc=billing level=INFO msg="healthcheck ok rtt=6955ms"
2025-12-02T00:22:03Z svc=billing level=INFO msg="webhook delivery attempt 4677 succeeded"
2025-12-02T00:22:13Z svc=billing level=INFO msg="token refresh completed in 5573ms"
2025-12-02T00:22:22Z svc=authz level=INFO msg="cache eviction pass removed 6014 entries"
2025-12-02T00:22:36Z svc=billing level=INFO msg="cache eviction pass removed 1005 entries"
2025-12-02T00:22:41Z svc=scheduler level=INFO msg="healthcheck ok rtt=4830ms"
2025-12-02T00:22:47Z svc=billing level=INFO msg="webhook delivery attempt 8142 succeeded"
2025-12-02T00:23:01Z svc=ingest level=INFO msg="compaction finished, 8432 segments merged"
2025-12-02T00:23:13Z svc=api level=INFO msg="batch 6157 committed"
2025-12-02T00:23:27Z svc=scheduler level=INFO msg="healthcheck ok rtt=1034ms"
2025-12-02T00:23:42Z svc=authz level=INFO msg="healthcheck ok rtt=665ms"
2025-12-02T00:23:47Z svc=authz level=INFO msg="healthcheck ok rtt=763ms"
2025-12-02T00:23:56Z svc=ingest level=INFO msg="compaction finished, 8938 segments merged"
2025-12-02T00:24:10Z svc=ingest level=INFO msg="retry queue depth=282"
2025-12-02T00:24:17Z svc=billing level=INFO msg="webhook delivery attempt 1256 succeeded"
2025-12-02T00:24:32Z svc=authz level=INFO msg="batch 8961 committed"
2025-12-02T00:24:38Z svc=ingest level=INFO msg="webhook delivery attempt 4030 succeeded"
2025-12-02T00:24:50Z svc=billing level=INFO msg="batch 2318 committed"
2025-12-02T00:24:58Z svc=billing level=INFO msg="token refresh completed in 3770ms"
2025-12-02T00:25:01Z svc=authz level=INFO msg="webhook delivery attempt 8142 succeeded"
2025-12-02T00:25:16Z svc=ingest level=INFO msg="compaction finished, 3734 segments merged"
2025-12-02T00:25:31Z svc=ingest level=INFO msg="retry queue depth=5779"
2025-12-02T00:25:35Z svc=api level=INFO msg="retry queue depth=9426"
2025-12-02T00:25:40Z svc=authz level=INFO msg="compaction finished, 4307 segments merged"
2025-12-02T00:25:43Z svc=billing level=INFO msg="token refresh completed in 9063ms"
2025-12-02T00:25:51Z svc=search level=INFO msg="token refresh completed in 7382ms"
2025-12-02T00:26:07Z svc=search level=INFO msg="cache eviction pass removed 6632 entries"
2025-12-02T00:26:23Z svc=ingest level=INFO msg="cache eviction pass removed 2366 entries"
2025-12-02T00:26:34Z svc=search level=INFO msg="retry queue depth=8613"
2025-12-02T00:26:49Z svc=authz level=INFO msg="batch 7141 committed"
2025-12-02T00:27:06Z svc=billing level=INFO msg="batch 8812 committed"
2025-12-02T00:27:16Z svc=search level=INFO msg="compaction finished, 6143 segments merged"
2025-12-02T00:27:21Z svc=authz level=INFO msg="webhook delivery attempt 6042 succeeded"
2025-12-02T00:27:33Z svc=search level=INFO msg="retry queue depth=1599"
2025-12-02T00:27:39Z svc=scheduler level=INFO msg="retry queue depth=1243"
2025-12-02T00:27:51Z svc=api level=INFO msg="compaction finished, 8544 segments merged"
2025-12-02T00:27:59Z svc=scheduler level=INFO msg="token refresh completed in 4897ms"
2025-12-02T00:28:08Z svc=scheduler level=INFO msg="compaction finished, 7439 segments merged"
2025-12-02T00:28:12Z svc=ingest level=INFO msg="webhook delivery attempt 7417 succeeded"
2025-12-02T00:28:26Z svc=api level=INFO msg="retry queue depth=5832"
2025-12-02T00:28:35Z svc=search level=INFO msg="token refresh completed in 6303ms"
2025-12-02T00:28:42Z svc=search level=INFO msg="healthcheck ok rtt=2542ms"
2025-12-02T00:28:59Z svc=scheduler level=INFO msg="compaction finished, 761 segments merged"
2025-12-02T00:29:16Z svc=ingest level=INFO msg="batch 1889 committed"
2025-12-02T00:29:31Z svc=billing level=INFO msg="cache eviction pass removed 5480 entries"
2025-12-02T00:29:38Z svc=billing level=INFO msg="batch 8560 committed"
2025-12-02T00:29:41Z svc=ingest level=INFO msg="compaction finished, 7547 segments merged"
2025-12-02T00:29:48Z svc=billing level=INFO msg="batch 1949 committed"
2025-12-02T00:29:53Z svc=scheduler level=INFO msg="batch 4256 committed"
2025-12-02T00:29:59Z svc=search level=INFO msg="healthcheck ok rtt=6999ms"
2025-12-02T00:30:13Z svc=billing level=INFO msg="compaction finished, 5257 segments merged"
2025-12-02T00:30:17Z svc=api level=INFO msg="healthcheck ok rtt=8275ms"
2025-12-02T00:30:30Z svc=billing level=INFO msg="healthcheck ok rtt=3937ms"
2025-12-02T00:30:43Z svc=authz level=INFO msg="batch 3877 committed"
2025-12-02T00:30:59Z svc=scheduler level=INFO msg="token refresh completed in 1929ms"
2025-12-02T00:31:07Z svc=ingest level=INFO msg="webhook delivery attempt 7285 succeeded"
2025-12-02T00:31:23Z svc=billing level=INFO msg="token refresh completed in 6947ms"
2025-12-02T00:31:28Z svc=billing level=INFO msg="healthcheck ok rtt=4933ms"
2025-12-02T00:31:37Z svc=billing level=INFO msg="cache eviction pass removed 2327 entries"
2025-12-02T00:31:49Z svc=scheduler level=INFO msg="webhook delivery attempt 1731 succeeded"
2025-12-02T00:32:01Z svc=ingest level=INFO msg="healthcheck ok rtt=6980ms"
2025-12-02T00:32:16Z svc=api level=INFO msg="batch 5183 committed"
2025-12-02T00:32:31Z svc=search level=INFO msg="healthcheck ok rtt=7047ms"
2025-12-02T00:32:48Z svc=scheduler level=INFO msg="webhook delivery attempt 4003 succeeded"
2025-12-02T00:32:54Z svc=ingest level=INFO msg="cache eviction pass removed 3286 entries"
2025-12-02T00:33:05Z svc=search level=INFO msg="token refresh completed in 6662ms"
2025-12-02T00:33:20Z svc=search level=INFO msg="batch 6316 committed"
2025-12-02T00:33:26Z svc=billing level=INFO msg="webhook delivery attempt 4884 succeeded"
2025-12-02T00:33:35Z svc=authz level=INFO msg="retry queue depth=7021"
2025-12-02T00:33:42Z svc=authz level=INFO msg="retry queue depth=6883"
2025-12-02T00:33:52Z svc=api level=INFO msg="token refresh completed in 3484ms"
2025-12-02T00:34:08Z svc=scheduler level=INFO msg="cache eviction pass removed 3921 entries"
2025-12-02T00:34:19Z svc=scheduler level=INFO msg="healthcheck ok rtt=8013ms"
2025-12-02T00:34:32Z svc=search level=INFO msg="batch 6564 committed"
2025-12-02T00:34:42Z svc=scheduler level=INFO msg="compaction finished, 7110 segments merged"
2025-12-02T00:34:53Z svc=api level=INFO msg="batch 3702 committed"
2025-12-02T00:35:01Z svc=billing level=INFO msg="cache eviction pass removed 4783 entries"
2025-12-02T00:35:05Z svc=authz level=INFO msg="webhook delivery attempt 7942 succeeded"
2025-12-02T00:35:18Z svc=billing level=INFO msg="healthcheck ok rtt=7047ms"
2025-12-02T00:35:30Z svc=search level=INFO msg="webhook delivery attempt 336 succeeded"
2025-12-02T00:35:37Z svc=api level=INFO msg="cache eviction pass removed 967 entries"
2025-12-02T00:35:45Z svc=search level=INFO msg="healthcheck ok rtt=7203ms"
2025-12-02T00:35:53Z svc=billing level=INFO msg="batch 6684 committed"
2025-12-02T00:36:00Z svc=api level=INFO msg="batch 4485 committed"
2025-12-02T00:36:10Z svc=api level=INFO msg="healthcheck ok rtt=1595ms"
2025-12-02T00:36:27Z svc=scheduler level=INFO msg="healthcheck ok rtt=7696ms"
2025-12-02T00:36:36Z svc=ingest level=INFO msg="compaction finished, 1148 segments merged"
2025-12-02T00:36:50Z svc=billing level=INFO msg="batch 5388 committed"
2025-12-02T00:36:53Z svc=search level=INFO msg="compaction finished, 5934 segments merged"
2025-12-02T00:37:03Z svc=api level=INFO msg="webhook delivery attempt 451 succeeded"
2025-12-02T00:37:15Z svc=search level=INFO msg="cache eviction pass removed 6253 entries"
2025-12-02T00:37:19Z svc=billing level=INFO msg="retry queue depth=8164"
2025-12-02T00:37:34Z svc=billing level=INFO msg="batch 5230 committed"
2025-12-02T00:37:46Z svc=ingest level=INFO msg="healthcheck ok rtt=8689ms"
2025-12-02T00:38:01Z svc=scheduler level=INFO msg="webhook delivery attempt 3670 succeeded"
2025-12-02T00:38:06Z svc=scheduler level=INFO msg="token refresh completed in 9254ms"
2025-12-02T00:38:11Z svc=search level=INFO msg="retry queue depth=8826"
2025-12-02T00:38:16Z svc=search level=INFO msg="batch 580 committed"
2025-12-02T00:38:21Z svc=billing level=INFO msg="compaction finished, 5044 segments merged"
2025-12-02T00:38:34Z svc=billing level=INFO msg="compaction finished, 6300 segments merged"
2025-12-02T00:38:46Z svc=scheduler level=INFO msg="cache eviction pass removed 3007 entries"
2025-12-02T00:38:53Z svc=search level=INFO msg="webhook delivery attempt 8569 succeeded"
2025-12-02T00:39:00Z svc=scheduler level=INFO msg="cache eviction pass removed 4509 entries"
2025-12-02T00:39:17Z svc=authz level=INFO msg="cache eviction pass removed 9283 entries"
2025-12-02T00:39:26Z svc=billing level=INFO msg="token refresh completed in 8753ms"
2025-12-02T00:39:29Z svc=scheduler level=INFO msg="compaction finished, 3221 segments merged"
2025-12-02T00:39:45Z svc=ingest level=INFO msg="retry queue depth=9208"
2025-12-02T00:39:54Z svc=api level=INFO msg="compaction finished, 7595 segments merged"
2025-12-02T00:39:58Z svc=search level=INFO msg="retry queue depth=6457"
2025-12-02T00:40:15Z svc=billing level=INFO msg="cache eviction pass removed 368 entries"
2025-12-02T00:40:25Z svc=api level=INFO msg="cache eviction pass removed 8907 entries"
2025-12-02T00:40:35Z svc=api level=INFO msg="batch 8968 committed"
2025-12-02T00:40:52Z svc=billing level=INFO msg="batch 2681 committed"
2025-12-02T00:41:09Z svc=billing level=INFO msg="retry queue depth=8343"
2025-12-02T00:41:14Z svc=api level=INFO msg="batch 698 committed"
2025-12-02T00:41:30Z svc=authz level=INFO msg="healthcheck ok rtt=7195ms"
2025-12-02T00:41:44Z svc=authz level=INFO msg="token refresh completed in 9385ms"
2025-12-02T00:42:01Z svc=billing level=INFO msg="retry queue depth=2206"
2025-12-02T00:42:12Z svc=api level=INFO msg="webhook delivery attempt 6929 succeeded"
2025-12-02T00:42:19Z svc=search level=INFO msg="retry queue depth=7040"
2025-12-02T00:42:35Z svc=search level=INFO msg="compaction finished, 4072 segments merged"
2025-12-02T00:42:41Z svc=api level=INFO msg="cache eviction pass removed 2083 entries"
2025-12-02T00:42:46Z svc=billing level=INFO msg="webhook delivery attempt 4495 succeeded"
2025-12-02T00:43:03Z svc=ingest level=INFO msg="webhook delivery attempt 5163 succeeded"
2025-12-02T00:43:14Z svc=api level=INFO msg="retry queue depth=2246"
2025-12-02T00:43:30Z svc=search level=INFO msg="token refresh completed in 4019ms"
2025-12-02T00:43:41Z svc=scheduler level=INFO msg="token refresh completed in 4125ms"
2025-12-02T00:43:51Z svc=ingest level=INFO msg="batch 8195 committed"
2025-12-02T00:44:01Z svc=search level=INFO msg="batch 8247 committed"
2025-12-02T00:44:10Z svc=authz level=INFO msg="compaction finished, 1974 segments merged"
2025-12-02T00:44:18Z svc=search level=INFO msg="healthcheck ok rtt=5747ms"
2025-12-02T00:44:33Z svc=api level=INFO msg="compaction finished, 4692 segments merged"
2025-12-02T00:44:42Z svc=authz level=INFO msg="batch 7786 committed"
2025-12-02T00:44:56Z svc=search level=INFO msg="batch 6106 committed"
2025-12-02T00:45:03Z svc=ingest level=INFO msg="retry queue depth=5369"
2025-12-02T00:45:13Z svc=scheduler level=INFO msg="batch 5440 committed"
2025-12-02T00:45:27Z svc=api level=INFO msg="healthcheck ok rtt=4351ms"
2025-12-02T00:45:41Z svc=billing level=INFO msg="compaction finished, 6349 segments merged"
2025-12-02T00:45:47Z svc=ingest level=INFO msg="batch 6959 committed"
2025-12-02T00:46:04Z svc=ingest level=INFO msg="cache eviction pass removed 5309 entries"
2025-12-02T00:46:18Z svc=scheduler level=INFO msg="token refresh completed in 8000ms"
2025-12-02T00:46:32Z svc=ingest level=INFO msg="cache eviction pass removed 1742 entries"
2025-12-02T00:46:36Z svc=authz level=INFO msg="token refresh completed in 3297ms"
2025-12-02T00:46:44Z svc=ingest level=INFO msg="batch 8679 committed"
2025-12-02T00:46:54Z svc=ingest level=INFO msg="token refresh completed in 5879ms"
2025-12-02T00:47:05Z svc=billing level=INFO msg="cache eviction pass removed 8159 entries"
2025-12-02T00:47:19Z svc=search level=INFO msg="batch 1720 committed"
2025-12-02T00:47:23Z svc=search level=INFO msg="compaction finished, 5643 segments merged"
2025-12-02T00:47:30Z svc=api level=INFO msg="retry queue depth=4335"
2025-12-02T00:47:33Z svc=search level=INFO msg="cache eviction pass removed 9089 entries"
2025-12-02T00:47:48Z svc=api level=INFO msg="cache eviction pass removed 944 entries"
2025-12-02T00:47:56Z svc=authz level=INFO msg="webhook delivery attempt 6300 succeeded"
2025-12-02T00:48:05Z svc=api level=INFO msg="retry queue depth=6245"
2025-12-02T00:48:15Z svc=api level=INFO msg="healthcheck ok rtt=9354ms"
2025-12-02T00:48:27Z svc=authz level=INFO msg="compaction finished, 6479 segments merged"
2025-12-02T00:48:31Z svc=scheduler level=INFO msg="token refresh completed in 9333ms"
2025-12-02T00:48:45Z svc=api level=INFO msg="batch 7117 committed"
2025-12-02T00:48:58Z svc=ingest level=INFO msg="webhook delivery attempt 1404 succeeded"
2025-12-02T00:49:07Z svc=ingest level=INFO msg="token refresh completed in 2779ms"
2025-12-02T00:49:22Z svc=api level=INFO msg="webhook delivery attempt 7723 succeeded"
2025-12-02T00:49:32Z svc=authz level=INFO msg="compaction finished, 3279 segments merged"
2025-12-02T00:49:47Z svc=ingest level=INFO msg="retry queue depth=2825"
2025-12-02T00:50:02Z svc=api level=INFO msg="compaction finished, 3459 segments merged"
2025-12-02T00:50:05Z svc=ingest level=INFO msg="batch 9189 committed"
2025-12-02T00:50:10Z svc=api level=INFO msg="token refresh completed in 9461ms"
2025-12-02T00:50:27Z svc=search level=INFO msg="token refresh completed in 7942ms"
2025-12-02T00:50:32Z svc=billing level=INFO msg="webhook delivery attempt 6217 succeeded"
2025-12-02T00:50:38Z svc=billing level=INFO msg="batch 6345 committed"
2025-12-02T00:50:44Z svc=scheduler level=INFO msg="healthcheck ok rtt=8477ms"
2025-12-02T00:50:52Z svc=ingest level=INFO msg="healthcheck ok rtt=5966ms"
2025-12-02T00:51:09Z svc=search level=INFO msg="healthcheck ok rtt=6882ms"
2025-12-02T00:51:25Z svc=api level=INFO msg="cache eviction pass removed 2246 entries"
2025-12-02T00:51:41Z svc=ingest level=INFO msg="webhook delivery attempt 1670 succeeded"
2025-12-02T00:51:55Z svc=scheduler level=INFO msg="retry queue depth=4994"
2025-12-02T00:52:03Z svc=ingest level=INFO msg="batch 6966 committed"
2025-12-02T00:52:15Z svc=api level=INFO msg="healthcheck ok rtt=6201ms"
2025-12-02T00:52:30Z svc=search level=INFO msg="token refresh completed in 1246ms"
2025-12-02T00:52:34Z svc=search level=INFO msg="healthcheck ok rtt=7013ms"
2025-12-02T00:52:44Z svc=api level=INFO msg="compaction finished, 2943 segments merged"
2025-12-02T00:53:00Z svc=ingest level=INFO msg="webhook delivery attempt 758 succeeded"
2025-12-02T00:53:10Z svc=api level=INFO msg="token refresh completed in 6944ms"
2025-12-02T00:53:16Z svc=search level=INFO msg="healthcheck ok rtt=2434ms"
2025-12-02T00:53:28Z svc=api level=INFO msg="token refresh completed in 4624ms"
2025-12-02T00:53:35Z svc=billing level=INFO msg="batch 5892 committed"
2025-12-02T00:53:47Z svc=billing level=INFO msg="batch 8793 committed"
2025-12-02T00:54:00Z svc=scheduler level=INFO msg="cache eviction pass removed 5878 entries"
2025-12-02T00:54:10Z svc=search level=INFO msg="retry queue depth=2932"
2025-12-02T00:54:27Z svc=api level=INFO msg="retry queue depth=4132"
2025-12-02T00:54:44Z svc=authz level=INFO msg="healthcheck ok rtt=3106ms"
2025-12-02T00:55:00Z svc=scheduler level=INFO msg="token refresh completed in 3248ms"
2025-12-02T00:55:14Z svc=search level=INFO msg="batch 3212 committed"
2025-12-02T00:55:29Z svc=authz level=INFO msg="batch 8835 committed"
2025-12-02T00:55:36Z svc=scheduler level=INFO msg="token refresh completed in 8558ms"
2025-12-02T00:55:50Z svc=api level=INFO msg="retry queue depth=2508"
2025-12-02T00:55:53Z svc=search level=INFO msg="cache eviction pass removed 8273 entries"
2025-12-02T00:56:07Z svc=scheduler level=INFO msg="compaction finished, 3257 segments merged"
2025-12-02T00:56:17Z svc=search level=INFO msg="cache eviction pass removed 1968 entries"
2025-12-02T00:56:32Z svc=search level=INFO msg="compaction finished, 2092 segments merged"
2025-12-02T00:56:38Z svc=scheduler level=INFO msg="webhook delivery attempt 9097 succeeded"
2025-12-02T00:56:50Z svc=authz level=INFO msg="cache eviction pass removed 5213 entries"
2025-12-02T00:57:01Z svc=billing level=INFO msg="webhook delivery attempt 3480 succeeded"
2025-12-02T00:57:16Z svc=search level=INFO msg="token refresh completed in 7499ms"
2025-12-02T00:57:32Z svc=billing level=INFO msg="webhook delivery attempt 7411 succeeded"
2025-12-02T00:57:49Z svc=api level=INFO msg="cache eviction pass removed 1926 entries"
2025-12-02T00:57:54Z svc=search level=INFO msg="compaction finished, 4588 segments merged"
2025-12-02T00:58:00Z svc=api level=INFO msg="retry queue depth=3290"
2025-12-02T00:58:16Z svc=ingest level=INFO msg="compaction finished, 3305 segments merged"
2025-12-02T00:58:31Z svc=scheduler level=INFO msg="webhook delivery attempt 3637 succeeded"
2025-12-02T00:58:34Z svc=authz level=INFO msg="batch 5932 committed"
2025-12-02T00:58:45Z svc=scheduler level=INFO msg="token refresh completed in 139ms"
2025-12-02T00:58:48Z svc=billing level=INFO msg="healthcheck ok rtt=431ms"
2025-12-02T00:58:57Z svc=api level=INFO msg="webhook delivery attempt 5814 succeeded"
2025-12-02T00:59:03Z svc=authz level=INFO msg="batch 7613 committed"
2025-12-02T00:59:14Z svc=api level=INFO msg="compaction finished, 8954 segments merged"
2025-12-02T00:59:19Z svc=search level=INFO msg="healthcheck ok rtt=3430ms"
2025-12-02T00:59:31Z svc=billing level=INFO msg="retry queue depth=7674"
2025-12-02T00:59:43Z svc=ingest level=INFO msg="healthcheck ok rtt=896ms"
2025-12-02T01:00:00Z svc=api level=INFO msg="webhook delivery attempt 3740 succeeded"
2025-12-02T01:00:10Z svc=billing level=INFO msg="retry queue depth=2808"
2025-12-02T01:00:16Z svc=authz level=INFO msg="compaction finished, 3610 segments merged"
2025-12-02T01:00:26Z svc=search level=INFO msg="compaction finished, 3617 segments merged"
2025-12-02T01:00:42Z svc=search level=INFO msg="token refresh completed in 3541ms"
2025-12-02T01:00:58Z svc=ingest level=INFO msg="retry queue depth=6222"
2025-12-02T01:01:15Z svc=billing level=INFO msg="cache eviction pass removed 7050 entries"
2025-12-02T01:01:24Z svc=search level=INFO msg="cache eviction pass removed 5810 entries"
2025-12-02T01:01:36Z svc=billing level=INFO msg="cache eviction pass removed 334 entries"
2025-12-02T01:01:39Z svc=scheduler level=INFO msg="cache eviction pass removed 5784 entries"
2025-12-02T01:01:46Z svc=billing level=INFO msg="cache eviction pass removed 736 entries"
2025-12-02T01:01:49Z svc=search level=INFO msg="cache eviction pass removed 6183 entries"
2025-12-02T01:02:03Z svc=authz level=INFO msg="token refresh completed in 7317ms"
2025-12-02T01:02:09Z svc=api level=INFO msg="retry queue depth=493"
2025-12-02T01:02:16Z svc=authz level=INFO msg="token refresh completed in 7480ms"
2025-12-02T01:02:29Z svc=ingest level=INFO msg="webhook delivery attempt 9159 succeeded"
2025-12-02T01:02:32Z svc=scheduler level=INFO msg="compaction finished, 1730 segments merged"
2025-12-02T01:02:42Z svc=authz level=INFO msg="cache eviction pass removed 5902 entries"
2025-12-02T01:02:49Z svc=search level=INFO msg="batch 6025 committed"
2025-12-02T01:02:58Z svc=authz level=INFO msg="webhook delivery attempt 8830 succeeded"
2025-12-02T01:03:02Z svc=scheduler level=INFO msg="token refresh completed in 293ms"
2025-12-02T01:03:09Z svc=scheduler level=INFO msg="cache eviction pass removed 7697 entries"
2025-12-02T01:03:12Z svc=billing level=INFO msg="compaction finished, 8785 segments merged"
2025-12-02T01:03:26Z svc=authz level=INFO msg="cache eviction pass removed 3201 entries"
2025-12-02T01:03:31Z svc=ingest level=INFO msg="token refresh completed in 3493ms"
2025-12-02T01:03:35Z svc=search level=INFO msg="batch 4113 committed"
2025-12-02T01:03:44Z svc=billing level=INFO msg="compaction finished, 68 segments merged"
2025-12-02T01:03:52Z svc=scheduler level=INFO msg="batch 6259 committed"
2025-12-02T01:03:58Z svc=authz level=INFO msg="webhook delivery attempt 8511 succeeded"
2025-12-02T01:04:13Z svc=scheduler level=INFO msg="retry queue depth=3826"
2025-12-02T01:04:30Z svc=billing level=INFO msg="batch 7497 committed"
2025-12-02T01:04:34Z svc=api level=INFO msg="cache eviction pass removed 8969 entries"
2025-12-02T01:04:51Z svc=search level=INFO msg="cache eviction pass removed 1991 entries"
2025-12-02T01:05:08Z svc=billing level=INFO msg="healthcheck ok rtt=6192ms"
2025-12-02T01:05:16Z svc=authz level=INFO msg="compaction finished, 2766 segments merged"
2025-12-02T01:05:22Z svc=authz level=INFO msg="token refresh completed in 7582ms"
2025-12-02T01:05:25Z svc=billing level=INFO msg="batch 2165 committed"
2025-12-02T01:05:36Z svc=billing level=INFO msg="token refresh completed in 8120ms"
2025-12-02T01:05:40Z svc=authz level=INFO msg="cache eviction pass removed 4400 entries"
2025-12-02T01:05:51Z svc=scheduler level=INFO msg="batch 993 committed"
2025-12-02T01:05:57Z svc=ingest level=INFO msg="retry queue depth=2202"
2025-12-02T01:06:01Z svc=authz level=INFO msg="compaction finished, 4190 segments merged"
2025-12-02T01:06:17Z svc=authz level=INFO msg="retry queue depth=5037"
2025-12-02T01:06:27Z svc=billing level=INFO msg="token refresh completed in 1418ms"
2025-12-02T01:06:42Z svc=search level=INFO msg="batch 2458 committed"
2025-12-02T01:06:53Z svc=authz level=INFO msg="compaction finished, 6761 segments merged"
2025-12-02T01:06:58Z svc=authz level=INFO msg="compaction finished, 6254 segments merged"
2025-12-02T01:07:04Z svc=ingest level=INFO msg="retry queue depth=2249"
2025-12-02T01:07:16Z svc=authz level=INFO msg="compaction finished, 1870 segments merged"
2025-12-02T01:07:31Z svc=ingest level=INFO msg="retry queue depth=5543"
2025-12-02T01:07:44Z svc=ingest level=INFO msg="compaction finished, 2181 segments merged"
2025-12-02T01:07:52Z svc=scheduler level=INFO msg="healthcheck ok rtt=2833ms"
2025-12-02T01:08:09Z svc=api level=INFO msg="healthcheck ok rtt=4362ms"
2025-12-02T01:08:20Z svc=authz level=INFO msg="healthcheck ok rtt=5642ms"
2025-12-02T01:08:26Z svc=api level=INFO msg="batch 147 committed"
2025-12-02T01:08:43Z svc=ingest level=INFO msg="compaction finished, 5538 segments merged"
2025-12-02T01:08:50Z svc=scheduler level=INFO msg="healthcheck ok rtt=1869ms"
2025-12-02T01:08:59Z svc=search level=INFO msg="healthcheck ok rtt=2246ms"
2025-12-02T01:09:04Z svc=authz level=INFO msg="webhook delivery attempt 8575 succeeded"
2025-12-02T01:09:18Z svc=api level=INFO msg="webhook delivery attempt 3958 succeeded"
2025-12-02T01:09:34Z svc=ingest level=INFO msg="cache eviction pass removed 25 entries"
2025-12-02T01:09:43Z svc=authz level=INFO msg="cache eviction pass removed 5545 entries"
2025-12-02T01:10:00Z svc=search level=INFO msg="compaction finished, 8349 segments merged"
2025-12-02T01:10:10Z svc=scheduler level=INFO msg="webhook delivery attempt 5151 succeeded"
2025-12-02T01:10:17Z svc=scheduler level=INFO msg="webhook delivery attempt 985 succeeded"
2025-12-02T01:10:21Z svc=ingest level=INFO msg="compaction finished, 8648 segments merged"
2025-12-02T01:10:35Z svc=search level=INFO msg="webhook delivery attempt 928 succeeded"
2025-12-02T01:10:38Z svc=scheduler level=INFO msg="retry queue depth=1585"
2025-12-02T01:10:54Z svc=api level=INFO msg="compaction finished, 1083 segments merged"
2025-12-02T01:11:04Z svc=scheduler level=INFO msg="batch 5944 committed"
2025-12-02T01:11:15Z svc=billing level=INFO msg="retry queue depth=1129"
2025-12-02T01:11:21Z svc=api level=INFO msg="batch 4855 committed"
2025-12-02T01:11:28Z svc=billing level=INFO msg="healthcheck ok rtt=7106ms"
2025-12-02T01:11:34Z svc=api level=INFO msg="compaction finished, 5716 segments merged"
2025-12-02T01:11:41Z svc=ingest level=INFO msg="retry queue depth=5410"
2025-12-02T01:11:48Z svc=billing level=INFO msg="webhook delivery attempt 2671 succeeded"
2025-12-02T01:11:56Z svc=billing level=INFO msg="compaction finished, 3144 segments merged"
2025-12-02T01:12:13Z svc=api level=INFO msg="webhook delivery attempt 8988 succeeded"
2025-12-02T01:12:26Z svc=billing level=INFO msg="webhook delivery attempt 1680 succeeded"
2025-12-02T01:12:31Z svc=authz level=INFO msg="cache eviction pass removed 6884 entries"
2025-12-02T01:12:39Z svc=authz level=INFO msg="batch 7386 committed"
2025-12-02T01:12:49Z svc=scheduler level=INFO msg="healthcheck ok rtt=2257ms"
2025-12-02T01:13:05Z svc=authz level=INFO msg="webhook delivery attempt 3778 succeeded"
2025-12-02T01:13:15Z svc=scheduler level=INFO msg="healthcheck ok rtt=6457ms"
2025-12-02T01:13:28Z svc=api level=INFO msg="token refresh completed in 7687ms"
2025-12-02T01:13:42Z svc=search level=INFO msg="healthcheck ok rtt=54ms"
2025-12-02T01:13:55Z svc=ingest level=INFO msg="compaction finished, 4237 segments merged"
2025-12-02T01:14:07Z svc=billing level=INFO msg="batch 6102 committed"
2025-12-02T01:14:19Z svc=ingest level=INFO msg="compaction finished, 4017 segments merged"
2025-12-02T01:14:33Z svc=scheduler level=INFO msg="cache eviction pass removed 4717 entries"
2025-12-02T01:14:44Z svc=authz level=INFO msg="batch 6355 committed"
2025-12-02T01:14:54Z svc=ingest level=INFO msg="batch 5145 committed"
2025-12-02T01:15:00Z svc=search level=INFO msg="webhook delivery attempt 6006 succeeded"
2025-12-02T01:15:05Z svc=billing level=INFO msg="compaction finished, 7012 segments merged"
2025-12-02T01:15:17Z svc=ingest level=INFO msg="retry queue depth=565"
2025-12-02T01:15:31Z svc=billing level=INFO msg="token refresh completed in 1785ms"
2025-12-02T01:15:47Z svc=search level=INFO msg="retry queue depth=2897"
2025-12-02T01:15:55Z svc=billing level=INFO msg="token refresh completed in 7392ms"
2025-12-02T01:16:11Z svc=ingest level=INFO msg="compaction finished, 9161 segments merged"
2025-12-02T01:16:15Z svc=search level=INFO msg="webhook delivery attempt 3035 succeeded"
2025-12-02T01:16:24Z svc=authz level=INFO msg="batch 8824 committed"
2025-12-02T01:16:39Z svc=scheduler level=INFO msg="batch 7498 committed"
2025-12-02T01:16:53Z svc=ingest level=INFO msg="cache eviction pass removed 3887 entries"
2025-12-02T01:17:03Z svc=billing level=INFO msg="token refresh completed in 4633ms"
2025-12-02T01:17:16Z svc=api level=INFO msg="healthcheck ok rtt=1143ms"
2025-12-02T01:17:24Z svc=api level=INFO msg="token refresh completed in 2290ms"
2025-12-02T01:17:41Z svc=search level=INFO msg="batch 2323 committed"
2025-12-02T01:17:54Z svc=api level=INFO msg="webhook delivery attempt 8139 succeeded"
2025-12-02T01:17:59Z svc=billing level=INFO msg="cache eviction pass removed 1147 entries"
2025-12-02T01:18:11Z svc=billing level=INFO msg="retry queue depth=9219"
2025-12-02T01:18:26Z svc=authz level=INFO msg="webhook delivery attempt 3510 succeeded"
2025-12-02T01:18:29Z svc=ingest level=INFO msg="token refresh completed in 4364ms"
2025-12-02T01:18:32Z svc=billing level=INFO msg="batch 2823 committed"
2025-12-02T01:18:39Z svc=billing level=INFO msg="healthcheck ok rtt=7432ms"
2025-12-02T01:18:47Z svc=ingest level=INFO msg="webhook delivery attempt 6893 succeeded"
2025-12-02T01:18:51Z svc=authz level=INFO msg="webhook delivery attempt 3019 succeeded"
2025-12-02T01:18:59Z svc=search level=INFO msg="token refresh completed in 100ms"
2025-12-02T01:19:16Z svc=authz level=INFO msg="retry queue depth=6629"
2025-12-02T01:19:23Z svc=ingest level=INFO msg="healthcheck ok rtt=2781ms"
2025-12-02T01:19:32Z svc=search level=INFO msg="healthcheck ok rtt=8233ms"
2025-12-02T01:19:36Z svc=authz level=INFO msg="compaction finished, 3897 segments merged"
2025-12-02T01:19:50Z svc=ingest level=INFO msg="healthcheck ok rtt=2656ms"
2025-12-02T01:19:59Z svc=scheduler level=INFO msg="cache eviction pass removed 6610 entries"
2025-12-02T01:20:10Z svc=ingest level=INFO msg="token refresh completed in 7699ms"
2025-12-02T01:20:18Z svc=authz level=INFO msg="batch 190 committed"
2025-12-02T01:20:23Z svc=search level=INFO msg="retry queue depth=4728"
2025-12-02T01:20:38Z svc=api level=INFO msg="webhook delivery attempt 9098 succeeded"
2025-12-02T01:20:48Z svc=ingest level=INFO msg="cache eviction pass removed 5322 entries"
2025-12-02T01:20:59Z svc=api level=INFO msg="cache eviction pass removed 6124 entries"
2025-12-02T01:21:02Z svc=scheduler level=INFO msg="webhook delivery attempt 7128 succeeded"
2025-12-02T01:21:05Z svc=billing level=INFO msg="batch 8609 committed"
2025-12-02T01:21:21Z svc=ingest level=INFO msg="healthcheck ok rtt=1303ms"
2025-12-02T01:21:34Z svc=authz level=INFO msg="compaction finished, 8731 segments merged"
2025-12-02T01:21:50Z svc=api level=INFO msg="cache eviction pass removed 2127 entries"
2025-12-02T01:22:00Z svc=search level=INFO msg="token refresh completed in 5312ms"
2025-12-02T01:22:12Z svc=billing level=INFO msg="healthcheck ok rtt=8097ms"
2025-12-02T01:22:15Z svc=scheduler level=INFO msg="healthcheck ok rtt=577ms"
2025-12-02T01:22:31Z svc=authz level=INFO msg="webhook delivery attempt 5692 succeeded"
2025-12-02T01:22:42Z svc=scheduler level=INFO msg="token refresh completed in 2320ms"
2025-12-02T01:22:47Z svc=ingest level=INFO msg="batch 1233 committed"
2025-12-02T01:22:50Z svc=ingest level=INFO msg="retry queue depth=2987"
2025-12-02T01:22:55Z svc=billing level=INFO msg="webhook delivery attempt 1532 succeeded"
2025-12-02T01:23:06Z svc=search level=INFO msg="token refresh completed in 5167ms"
2025-12-02T01:23:22Z svc=ingest level=INFO msg="healthcheck ok rtt=9048ms"
2025-12-02T01:23:27Z svc=billing level=INFO msg="token refresh completed in 8112ms"
2025-12-02T01:23:31Z svc=api level=INFO msg="cache eviction pass removed 5802 entries"
2025-12-02T01:23:36Z svc=ingest level=INFO msg="token refresh completed in 1362ms"
2025-12-02T01:23:42Z svc=ingest level=INFO msg="webhook delivery attempt 7594 succeeded"
2025-12-02T01:23:50Z svc=api level=INFO msg="retry queue depth=4323"
2025-12-02T01:23:58Z svc=ingest level=INFO msg="retry queue depth=1087"
2025-12-02T01:24:15Z svc=search level=INFO msg="webhook delivery attempt 1361 succeeded"
2025-12-02T01:24:18Z svc=scheduler level=INFO msg="healthcheck ok rtt=7460ms"
2025-12-02T01:24:32Z svc=scheduler level=INFO msg="retry queue depth=6695"
2025-12-02T01:24:43Z svc=search level=INFO msg="webhook delivery attempt 2443 succeeded"
2025-12-02T01:24:47Z svc=ingest level=INFO msg="webhook delivery attempt 1124 succeeded"
2025-12-02T01:24:53Z svc=api level=INFO msg="batch 6612 committed"
2025-12-02T01:25:03Z svc=scheduler level=INFO msg="token refresh completed in 1876ms"
2025-12-02T01:25:12Z svc=search level=INFO msg="token refresh completed in 4643ms"
2025-12-02T01:25:25Z svc=scheduler level=INFO msg="token refresh completed in 6531ms"
2025-12-02T01:25:36Z svc=search level=INFO msg="batch 6538 committed"
2025-12-02T01:25:52Z svc=billing level=INFO msg="token refresh completed in 9387ms"
2025-12-02T01:25:56Z svc=api level=INFO msg="compaction finished, 6884 segments merged"
2025-12-02T01:26:11Z svc=api level=INFO msg="cache eviction pass removed 8328 entries"
2025-12-02T01:26:27Z svc=api level=INFO msg="healthcheck ok rtt=8219ms"
2025-12-02T01:26:36Z svc=scheduler level=INFO msg="compaction finished, 8773 segments merged"
2025-12-02T01:26:41Z svc=authz level=INFO msg="compaction finished, 6442 segments merged"
2025-12-02T01:26:50Z svc=search level=INFO msg="batch 1411 committed"
2025-12-02T01:27:05Z svc=ingest level=INFO msg="webhook delivery attempt 2818 succeeded"
2025-12-02T01:27:08Z svc=search level=INFO msg="healthcheck ok rtt=2515ms"
2025-12-02T01:27:19Z svc=ingest level=INFO msg="healthcheck ok rtt=3878ms"
2025-12-02T01:27:35Z svc=billing level=INFO msg="webhook delivery attempt 7358 succeeded"
2025-12-02T01:27:42Z svc=authz level=INFO msg="batch 8907 committed"
2025-12-02T01:27:49Z svc=ingest level=INFO msg="compaction finished, 2789 segments merged"
2025-12-02T01:27:54Z svc=authz level=INFO msg="retry queue depth=6133"
2025-12-02T01:27:57Z svc=search level=INFO msg="batch 5031 committed"
2025-12-02T01:28:00Z svc=ingest level=INFO msg="healthcheck ok rtt=1595ms"
2025-12-02T01:28:16Z svc=billing level=INFO msg="batch 7486 committed"
2025-12-02T01:28:29Z svc=ingest level=INFO msg="retry queue depth=5191"
2025-12-02T01:28:42Z svc=ingest level=INFO msg="retry queue depth=2076"
2025-12-02T01:28:58Z svc=billing level=INFO msg="compaction finished, 6126 segments merged"
2025-12-02T01:29:14Z svc=billing level=INFO msg="webhook delivery attempt 4688 succeeded"
2025-12-02T01:29:21Z svc=search level=INFO msg="retry queue depth=3570"
2025-12-02T01:29:24Z svc=ingest level=INFO msg="webhook delivery attempt 383 succeeded"
2025-12-02T01:29:28Z svc=ingest level=INFO msg="token refresh completed in 1189ms"
2025-12-02T01:29:38Z svc=ingest level=INFO msg="compaction finished, 1694 segments merged"
2025-12-02T01:29:50Z svc=authz level=INFO msg="healthcheck ok rtt=4538ms"
2025-12-02T01:29:56Z svc=ingest level=INFO msg="cache eviction pass removed 5690 entries"
2025-12-02T01:30:08Z svc=ingest level=INFO msg="token refresh completed in 4208ms"
2025-12-02T01:30:17Z svc=api level=INFO msg="cache eviction pass removed 7794 entries"
2025-12-02T01:30:27Z svc=scheduler level=INFO msg="cache eviction pass removed 7070 entries"
2025-12-02T01:30:40Z svc=search level=INFO msg="healthcheck ok rtt=8806ms"
2025-12-02T01:30:53Z svc=scheduler level=INFO msg="cache eviction pass removed 244 entries"
2025-12-02T01:31:02Z svc=api level=INFO msg="webhook delivery attempt 4560 succeeded"
2025-12-02T01:31:10Z svc=billing level=INFO msg="webhook delivery attempt 5584 succeeded"
2025-12-02T01:31:26Z svc=authz level=INFO msg="compaction finished, 3316 segments merged"
2025-12-02T01:31:43Z svc=authz level=INFO msg="retry queue depth=313"
2025-12-02T01:31:54Z svc=search level=INFO msg="cache eviction pass removed 4973 entries"
2025-12-02T01:32:00Z svc=billing level=INFO msg="healthcheck ok rtt=5954ms"
2025-12-02T01:32:14Z svc=authz level=INFO msg="compaction finished, 3787 segments merged"
2025-12-02T01:32:17Z svc=authz level=INFO msg="webhook delivery attempt 5641 succeeded"
2025-12-02T01:32:22Z svc=scheduler level=INFO msg="healthcheck ok rtt=1436ms"
2025-12-02T01:32:29Z svc=authz level=INFO msg="batch 4584 committed"
2025-12-02T01:32:46Z svc=ingest level=INFO msg="webhook delivery attempt 1722 succeeded"
2025-12-02T01:33:00Z svc=api level=INFO msg="retry queue depth=5208"
2025-12-02T01:33:11Z svc=ingest level=INFO msg="webhook delivery attempt 4265 succeeded"
2025-12-02T01:33:14Z svc=api level=INFO msg="compaction finished, 6629 segments merged"
2025-12-02T01:33:21Z svc=search level=INFO msg="batch 5089 committed"
2025-12-02T01:33:24Z svc=billing level=INFO msg="retry queue depth=1929"
2025-12-02T01:33:38Z svc=scheduler level=INFO msg="retry queue depth=1992"
2025-12-02T01:33:46Z svc=search level=INFO msg="compaction finished, 2454 segments merged"
2025-12-02T01:33:50Z svc=authz level=INFO msg="retry queue depth=798"
2025-12-02T01:34:04Z svc=billing level=INFO msg="healthcheck ok rtt=7159ms"
2025-12-02T01:34:20Z svc=search level=INFO msg="webhook delivery attempt 720 succeeded"
2025-12-02T01:34:23Z svc=scheduler level=INFO msg="cache eviction pass removed 8415 entries"
2025-12-02T01:34:27Z svc=scheduler level=INFO msg="batch 3188 committed"
2025-12-02T01:34:33Z svc=billing level=INFO msg="compaction finished, 6698 segments merged"
2025-12-02T01:34:49Z svc=scheduler level=INFO msg="compaction finished, 3518 segments merged"
2025-12-02T01:35:06Z svc=billing level=INFO msg="token refresh completed in 2686ms"
2025-12-02T01:35:21Z svc=authz level=INFO msg="cache eviction pass removed 7554 entries"
2025-12-02T01:35:24Z svc=billing level=INFO msg="cache eviction pass removed 7558 entries"
2025-12-02T01:35:37Z svc=authz level=INFO msg="batch 9021 committed"
2025-12-02T01:35:40Z svc=ingest level=INFO msg="healthcheck ok rtt=2205ms"
2025-12-02T01:35:48Z svc=search level=INFO msg="compaction finished, 656 segments merged"
2025-12-02T01:36:02Z svc=api level=INFO msg="healthcheck ok rtt=2668ms"
2025-12-02T01:36:19Z svc=billing level=INFO msg="compaction finished, 551 segments merged"
2025-12-02T01:36:28Z svc=billing level=INFO msg="cache eviction pass removed 196 entries"
2025-12-02T01:36:31Z svc=billing level=INFO msg="token refresh completed in 5239ms"
2025-12-02T01:36:38Z svc=api level=INFO msg="healthcheck ok rtt=5408ms"
2025-12-02T01:36:44Z svc=search level=INFO msg="healthcheck ok rtt=6172ms"
2025-12-02T01:36:47Z svc=ingest level=INFO msg="retry queue depth=4225"
2025-12-02T01:37:01Z svc=ingest level=INFO msg="webhook delivery attempt 9256 succeeded"
2025-12-02T01:37:12Z svc=billing level=INFO msg="webhook delivery attempt 5131 succeeded"
2025-12-02T01:37:22Z svc=scheduler level=INFO msg="compaction finished, 4393 segments merged"
2025-12-02T01:37:38Z svc=ingest level=INFO msg="token refresh completed in 2771ms"
2025-12-02T01:37:45Z svc=scheduler level=INFO msg="webhook delivery attempt 2711 succeeded"
2025-12-02T01:37:54Z svc=billing level=INFO msg="healthcheck ok rtt=4385ms"
2025-12-02T01:37:59Z svc=ingest level=INFO msg="retry queue depth=4906"
2025-12-02T01:38:13Z svc=authz level=INFO msg="webhook delivery attempt 5277 succeeded"
2025-12-02T01:38:28Z svc=billing level=INFO msg="webhook delivery attempt 145 succeeded"
2025-12-02T01:38:37Z svc=scheduler level=INFO msg="compaction finished, 4668 segments merged"
2025-12-02T01:38:49Z svc=billing level=INFO msg="webhook delivery attempt 1282 succeeded"
2025-12-02T01:39:00Z svc=search level=INFO msg="token refresh completed in 8737ms"
2025-12-02T01:39:03Z svc=ingest level=INFO msg="retry queue depth=2653"
2025-12-02T01:39:13Z svc=authz level=INFO msg="token refresh completed in 3258ms"
2025-12-02T01:39:18Z svc=search level=INFO msg="webhook delivery attempt 352 succeeded"
2025-12-02T01:39:30Z svc=search level=INFO msg="retry queue depth=7906"
2025-12-02T01:39:37Z svc=billing level=INFO msg="webhook delivery attempt 6765 succeeded"
2025-12-02T01:39:54Z svc=search level=INFO msg="token refresh completed in 2244ms"
2025-12-02T01:40:00Z svc=search level=INFO msg="retry queue depth=2509"
2025-12-02T01:40:09Z svc=ingest level=INFO msg="cache eviction pass removed 155 entries"
2025-12-02T01:40:23Z svc=scheduler level=INFO msg="webhook delivery attempt 7120 succeeded"
2025-12-02T01:40:39Z svc=authz level=INFO msg="cache eviction pass removed 5787 entries"
2025-12-02T01:40:52Z svc=search level=INFO msg="batch 4541 committed"
2025-12-02T01:41:00Z svc=billing level=INFO msg="compaction finished, 1674 segments merged"
2025-12-02T01:41:11Z svc=billing level=INFO msg="batch 2088 committed"
2025-12-02T01:41:15Z svc=billing level=INFO msg="compaction finished, 141 segments merged"
2025-12-02T01:41:31Z svc=billing level=INFO msg="batch 2569 committed"
2025-12-02T01:41:47Z svc=api level=INFO msg="batch 4597 committed"
2025-12-02T01:42:00Z svc=search level=INFO msg="retry queue depth=6843"
2025-12-02T01:42:14Z svc=search level=INFO msg="healthcheck ok rtt=3640ms"
2025-12-02T01:42:29Z svc=api level=INFO msg="compaction finished, 9287 segments merged"
2025-12-02T01:42:36Z svc=authz level=INFO msg="webhook delivery attempt 4973 succeeded"
2025-12-02T01:42:47Z svc=ingest level=INFO msg="retry queue depth=885"
2025-12-02T01:42:50Z svc=ingest level=INFO msg="compaction finished, 449 segments merged"
2025-12-02T01:42:55Z svc=scheduler level=INFO msg="webhook delivery attempt 3023 succeeded"
2025-12-02T01:43:11Z svc=scheduler level=INFO msg="retry queue depth=8211"
2025-12-02T01:43:27Z svc=ingest level=INFO msg="batch 4352 committed"
2025-12-02T01:43:43Z svc=scheduler level=INFO msg="retry queue depth=7793"
2025-12-02T01:43:52Z svc=scheduler level=INFO msg="cache eviction pass removed 1671 entries"
2025-12-02T01:43:59Z svc=ingest level=INFO msg="retry queue depth=3862"
2025-12-02T01:44:06Z svc=search level=INFO msg="healthcheck ok rtt=2092ms"
2025-12-02T01:44:17Z svc=api level=INFO msg="retry queue depth=4328"
2025-12-02T01:44:32Z svc=api level=INFO msg="retry queue depth=2617"
2025-12-02T01:44:35Z svc=billing level=INFO msg="cache eviction pass removed 6056 entries"
2025-12-02T01:44:44Z svc=ingest level=INFO msg="batch 1068 committed"
2025-12-02T01:44:50Z svc=billing level=INFO msg="retry queue depth=247"
2025-12-02T01:44:53Z svc=authz level=INFO msg="compaction finished, 4884 segments merged"
2025-12-02T01:45:06Z svc=scheduler level=INFO msg="webhook delivery attempt 4023 succeeded"
2025-12-02T01:45:09Z svc=ingest level=INFO msg="token refresh completed in 5997ms"
2025-12-02T01:45:16Z svc=search level=INFO msg="retry queue depth=8040"
2025-12-02T01:45:22Z svc=scheduler level=INFO msg="compaction finished, 3389 segments merged"
2025-12-02T01:45:32Z svc=search level=INFO msg="token refresh completed in 2096ms"
2025-12-02T01:45:47Z svc=scheduler level=INFO msg="retry queue depth=431"
2025-12-02T01:45:52Z svc=billing level=INFO msg="webhook delivery attempt 610 succeeded"
2025-12-02T01:46:05Z svc=scheduler level=INFO msg="token refresh completed in 5138ms"
2025-12-02T01:46:09Z svc=billing level=INFO msg="batch 5208 committed"
2025-12-02T01:46:17Z svc=scheduler level=INFO msg="compaction finished, 389 segments merged"
2025-12-02T01:46:20Z svc=ingest level=INFO msg="compaction finished, 5840 segments merged"
2025-12-02T01:46:27Z svc=api level=INFO msg="healthcheck ok rtt=2983ms"
2025-12-02T01:46:38Z svc=search level=INFO msg="healthcheck ok rtt=3017ms"
2025-12-02T01:46:46Z svc=billing level=INFO msg="retry queue depth=8401"
2025-12-02T01:46:51Z svc=authz level=INFO msg="batch 7552 committed"
2025-12-02T01:46:56Z svc=search level=INFO msg="healthcheck ok rtt=466ms"
2025-12-02T01:47:04Z svc=authz level=INFO msg="batch 6193 committed"
2025-12-02T01:47:19Z svc=authz level=INFO msg="batch 2322 committed"
2025-12-02T01:47:23Z svc=scheduler level=INFO msg="healthcheck ok rtt=6045ms"
2025-12-02T01:47:38Z svc=billing level=INFO msg="compaction finished, 5305 segments merged"
2025-12-02T01:47:53Z svc=ingest level=INFO msg="retry queue depth=3530"
2025-12-02T01:48:07Z svc=api level=INFO msg="token refresh completed in 2944ms"
2025-12-02T01:48:17Z svc=search level=INFO msg="token refresh completed in 243ms"
2025-12-02T01:48:29Z svc=ingest level=INFO msg="compaction finished, 3333 segments merged"
2025-12-02T01:48:33Z svc=billing level=INFO msg="healthcheck ok rtt=3422ms"
2025-12-02T01:48:39Z svc=api level=INFO msg="compaction finished, 2920 segments merged"
2025-12-02T01:48:48Z svc=api level=INFO msg="compaction finished, 1803 segments merged"
2025-12-02T01:48:54Z svc=authz level=INFO msg="retry queue depth=3999"
2025-12-02T01:49:04Z svc=scheduler level=INFO msg="healthcheck ok rtt=4582ms"
2025-12-02T01:49:08Z svc=api level=INFO msg="retry queue depth=3739"
2025-12-02T01:49:21Z svc=api level=INFO msg="healthcheck ok rtt=3542ms"
2025-12-02T01:49:38Z svc=scheduler level=INFO msg="compaction finished, 9253 segments merged"
2025-12-02T01:49:44Z svc=search level=INFO msg="compaction finished, 7679 segments merged"
2025-12-02T01:50:01Z svc=api level=INFO msg="batch 982 committed"
2025-12-02T01:50:05Z svc=ingest level=INFO msg="cache eviction pass removed 2421 entries"
2025-12-02T01:50:19Z svc=scheduler level=INFO msg="token refresh completed in 3435ms"
2025-12-02T01:50:33Z svc=billing level=INFO msg="healthcheck ok rtt=2426ms"
2025-12-02T01:50:45Z svc=search level=INFO msg="healthcheck ok rtt=1157ms"
2025-12-02T01:50:57Z svc=billing level=INFO msg="healthcheck ok rtt=6894ms"
2025-12-02T01:51:11Z svc=api level=INFO msg="batch 4329 committed"
2025-12-02T01:51:14Z svc=api level=INFO msg="token refresh completed in 8940ms"
2025-12-02T01:51:20Z svc=api level=INFO msg="healthcheck ok rtt=1178ms"
2025-12-02T01:51:36Z svc=authz level=INFO msg="webhook delivery attempt 7024 succeeded"
2025-12-02T01:51:50Z svc=billing level=INFO msg="cache eviction pass removed 8403 entries"
2025-12-02T01:52:07Z svc=authz level=INFO msg="compaction finished, 2903 segments merged"
2025-12-02T01:52:18Z svc=scheduler level=INFO msg="token refresh completed in 6794ms"
2025-12-02T01:52:33Z svc=billing level=INFO msg="batch 2993 committed"
2025-12-02T01:52:39Z svc=api level=INFO msg="webhook delivery attempt 2847 succeeded"
2025-12-02T01:52:44Z svc=ingest level=INFO msg="cache eviction pass removed 3591 entries"
2025-12-02T01:52:48Z svc=authz level=INFO msg="retry queue depth=8327"
2025-12-02T01:52:56Z svc=billing level=INFO msg="cache eviction pass removed 9199 entries"
2025-12-02T01:53:09Z svc=search level=INFO msg="webhook delivery attempt 8736 succeeded"
2025-12-02T01:53:20Z svc=search level=INFO msg="compaction finished, 1848 segments merged"
2025-12-02T01:53:33Z svc=search level=INFO msg="token refresh completed in 7542ms"
2025-12-02T01:53:39Z svc=ingest level=INFO msg="batch 3140 committed"
2025-12-02T01:53:47Z svc=ingest level=INFO msg="retry queue depth=8969"
2025-12-02T01:54:04Z svc=authz level=INFO msg="compaction finished, 6133 segments merged"
2025-12-02T01:54:09Z svc=authz level=INFO msg="healthcheck ok rtt=3821ms"
2025-12-02T01:54:24Z svc=search level=INFO msg="cache eviction pass removed 4369 entries"
2025-12-02T01:54:36Z svc=search level=INFO msg="batch 7602 committed"
2025-12-02T01:54:44Z svc=authz level=INFO msg="batch 7469 committed"
2025-12-02T01:54:58Z svc=api level=INFO msg="compaction finished, 8251 segments merged"
2025-12-02T01:55:11Z svc=scheduler level=INFO msg="healthcheck ok rtt=4174ms"
2025-12-02T01:55:25Z svc=search level=INFO msg="batch 7151 committed"
2025-12-02T01:55:35Z svc=api level=INFO msg="retry queue depth=632"
2025-12-02T01:55:42Z svc=ingest level=INFO msg="healthcheck ok rtt=7027ms"
2025-12-02T01:55:47Z svc=billing level=INFO msg="batch 329 committed"
2025-12-02T01:55:55Z svc=api level=INFO msg="cache eviction pass removed 3649 entries"
2025-12-02T01:56:02Z svc=authz level=INFO msg="batch 5225 committed"
2025-12-02T01:56:05Z svc=api level=INFO msg="retry queue depth=5106"
2025-12-02T01:56:20Z svc=search level=INFO msg="webhook delivery attempt 5448 succeeded"
2025-12-02T01:56:37Z svc=ingest level=INFO msg="batch 785 committed"
2025-12-02T01:56:45Z svc=search level=INFO msg="healthcheck ok rtt=5894ms"
2025-12-02T01:56:49Z svc=ingest level=INFO msg="batch 2223 committed"
2025-12-02T01:56:53Z svc=ingest level=INFO msg="token refresh completed in 7089ms"
2025-12-02T01:57:09Z svc=billing level=INFO msg="webhook delivery attempt 8993 succeeded"
2025-12-02T01:57:25Z svc=api level=INFO msg="compaction finished, 8415 segments merged"
2025-12-02T01:57:40Z svc=api level=INFO msg="batch 7133 committed"
2025-12-02T01:57:44Z svc=authz level=INFO msg="webhook delivery attempt 1051 succeeded"
2025-12-02T01:57:58Z svc=api level=INFO msg="compaction finished, 6448 segments merged"
2025-12-02T01:58:07Z svc=billing level=INFO msg="batch 4937 committed"
2025-12-02T01:58:10Z svc=authz level=INFO msg="healthcheck ok rtt=4733ms"
2025-12-02T01:58:15Z svc=ingest level=INFO msg="batch 1522 committed"
2025-12-02T01:58:32Z svc=authz level=INFO msg="batch 7316 committed"
2025-12-02T01:58:48Z svc=api level=INFO msg="retry queue depth=2612"
2025-12-02T01:58:58Z svc=api level=INFO msg="compaction finished, 333 segments merged"
2025-12-02T01:59:05Z svc=search level=INFO msg="compaction finished, 5540 segments merged"
2025-12-02T01:59:13Z svc=billing level=INFO msg="retry queue depth=8863"
2025-12-02T01:59:25Z svc=billing level=INFO msg="compaction finished, 7088 segments merged"
2025-12-02T01:59:40Z svc=authz level=INFO msg="cache eviction pass removed 4254 entries"
2025-12-02T01:59:55Z svc=billing level=INFO msg="cache eviction pass removed 5124 entries"
2025-12-02T02:00:09Z svc=authz level=INFO msg="webhook delivery attempt 4129 succeeded"
2025-12-02T02:00:12Z svc=search level=INFO msg="compaction finished, 1602 segments merged"
2025-12-02T02:00:15Z svc=api level=INFO msg="batch 622 committed"
2025-12-02T02:00:22Z svc=scheduler level=INFO msg="token refresh completed in 3581ms"
2025-12-02T02:00:30Z svc=authz level=INFO msg="token refresh completed in 5290ms"
2025-12-02T02:00:37Z svc=authz level=INFO msg="compaction finished, 2069 segments merged"
2025-12-02T02:00:48Z svc=api level=INFO msg="token refresh completed in 7012ms"
2025-12-02T02:01:05Z svc=billing level=INFO msg="healthcheck ok rtt=6236ms"
2025-12-02T02:01:11Z svc=billing level=INFO msg="webhook delivery attempt 8763 succeeded"
2025-12-02T02:01:18Z svc=scheduler level=INFO msg="healthcheck ok rtt=5979ms"
2025-12-02T02:01:34Z svc=api level=INFO msg="cache eviction pass removed 1097 entries"
2025-12-02T02:01:44Z svc=authz level=INFO msg="batch 2678 committed"
2025-12-02T02:01:58Z svc=search level=INFO msg="cache eviction pass removed 6465 entries"
2025-12-02T02:02:13Z svc=billing level=INFO msg="batch 2760 committed"
2025-12-02T02:02:28Z svc=billing level=INFO msg="healthcheck ok rtt=4769ms"
2025-12-02T02:02:36Z svc=scheduler level=INFO msg="healthcheck ok rtt=3390ms"
2025-12-02T02:02:53Z svc=api level=INFO msg="batch 1897 committed"
2025-12-02T02:02:59Z svc=scheduler level=INFO msg="webhook delivery attempt 6444 succeeded"
2025-12-02T02:03:13Z svc=ingest level=INFO msg="token refresh completed in 2887ms"
2025-12-02T02:03:27Z svc=scheduler level=INFO msg="batch 4864 committed"
2025-12-02T02:03:41Z svc=authz level=INFO msg="webhook delivery attempt 1367 succeeded"
2025-12-02T02:03:57Z svc=ingest level=INFO msg="compaction finished, 2047 segments merged"
2025-12-02T02:04:09Z svc=ingest level=INFO msg="cache eviction pass removed 837 entries"
2025-12-02T02:04:20Z svc=ingest level=INFO msg="retry queue depth=699"
2025-12-02T02:04:26Z svc=search level=INFO msg="token refresh completed in 1575ms"
2025-12-02T02:04:34Z svc=ingest level=INFO msg="healthcheck ok rtt=7457ms"
2025-12-02T02:04:45Z svc=search level=INFO msg="token refresh completed in 8025ms"
2025-12-02T02:04:49Z svc=scheduler level=INFO msg="batch 3577 committed"
2025-12-02T02:04:58Z svc=billing level=INFO msg="webhook delivery attempt 5192 succeeded"
2025-12-02T02:05:04Z svc=billing level=INFO msg="cache eviction pass removed 8527 entries"
2025-12-02T02:05:09Z svc=ingest level=INFO msg="webhook delivery attempt 7368 succeeded"
2025-12-02T02:05:19Z svc=scheduler level=INFO msg="healthcheck ok rtt=5870ms"
2025-12-02T02:05:24Z svc=search level=INFO msg="batch 378 committed"
2025-12-02T02:05:36Z svc=scheduler level=INFO msg="compaction finished, 8136 segments merged"
2025-12-02T02:05:46Z svc=api level=INFO msg="webhook delivery attempt 247 succeeded"
2025-12-02T02:05:53Z svc=search level=INFO msg="compaction finished, 6852 segments merged"
2025-12-02T02:06:00Z svc=authz level=INFO msg="token refresh completed in 7716ms"
2025-12-02T02:06:04Z svc=search level=INFO msg="webhook delivery attempt 1670 succeeded"
2025-12-02T02:06:13Z svc=ingest level=INFO msg="batch 9163 committed"
2025-12-02T02:06:18Z svc=authz level=INFO msg="retry queue depth=3494"
2025-12-02T02:06:27Z svc=api level=INFO msg="retry queue depth=4120"
2025-12-02T02:06:35Z svc=search level=INFO msg="token refresh completed in 1155ms"
2025-12-02T02:06:39Z svc=ingest level=INFO msg="compaction finished, 136 segments merged"
2025-12-02T02:06:53Z svc=ingest level=INFO msg="cache eviction pass removed 8906 entries"
2025-12-02T02:07:08Z svc=authz level=INFO msg="token refresh completed in 6774ms"
2025-12-02T02:07:16Z svc=ingest level=INFO msg="cache eviction pass removed 2079 entries"
2025-12-02T02:07:24Z svc=scheduler level=INFO msg="retry queue depth=6659"
2025-12-02T02:07:31Z svc=api level=INFO msg="batch 6535 committed"
2025-12-02T02:07:37Z svc=billing level=INFO msg="webhook delivery attempt 9161 succeeded"
2025-12-02T02:07:47Z svc=billing level=INFO msg="compaction finished, 6908 segments merged"
2025-12-02T02:07:59Z svc=billing level=INFO msg="healthcheck ok rtt=5493ms"
2025-12-02T02:08:02Z svc=scheduler level=INFO msg="cache eviction pass removed 1680 entries"
2025-12-02T02:08:17Z svc=billing level=INFO msg="retry queue depth=2661"
2025-12-02T02:08:24Z svc=ingest level=INFO msg="batch 696 committed"
2025-12-02T02:08:35Z svc=search level=INFO msg="batch 7736 committed"
2025-12-02T02:08:38Z svc=api level=INFO msg="token refresh completed in 2066ms"
2025-12-02T02:08:43Z svc=authz level=INFO msg="retry queue depth=2801"
2025-12-02T02:08:55Z svc=ingest level=INFO msg="token refresh completed in 3204ms"
2025-12-02T02:08:59Z svc=billing level=INFO msg="batch 7945 committed"
2025-12-02T02:09:03Z svc=api level=INFO msg="retry queue depth=9167"
2025-12-02T02:09:12Z svc=authz level=INFO msg="healthcheck ok rtt=8879ms"
2025-12-02T02:09:21Z svc=scheduler level=INFO msg="token refresh completed in 5530ms"
2025-12-02T02:09:37Z svc=search level=INFO msg="batch 2403 committed"
2025-12-02T02:09:41Z svc=billing level=INFO msg="compaction finished, 2866 segments merged"
2025-12-02T02:09:56Z svc=search level=INFO msg="cache eviction pass removed 1983 entries"
2025-12-02T02:10:10Z svc=scheduler level=INFO msg="batch 9347 committed"
2025-12-02T02:10:23Z svc=ingest level=INFO msg="webhook delivery attempt 3903 succeeded"
2025-12-02T02:10:36Z svc=ingest level=INFO msg="compaction finished, 7702 segments merged"
2025-12-02T02:10:41Z svc=api level=INFO msg="retry queue depth=2203"
2025-12-02T02:10:45Z svc=search level=INFO msg="cache eviction pass removed 3262 entries"
2025-12-02T02:11:01Z svc=api level=INFO msg="retry queue depth=1458"
2025-12-02T02:11:06Z svc=api level=INFO msg="cache eviction pass removed 7834 entries"
2025-12-02T02:11:23Z svc=scheduler level=INFO msg="webhook delivery attempt 4629 succeeded"
2025-12-02T02:11:37Z svc=authz level=INFO msg="retry queue depth=997"
2025-12-02T02:11:45Z svc=search level=INFO msg="cache eviction pass removed 6284 entries"
2025-12-02T02:11:52Z svc=scheduler level=INFO msg="token refresh completed in 9284ms"
2025-12-02T02:12:04Z svc=search level=INFO msg="token refresh completed in 3475ms"
2025-12-02T02:12:14Z svc=ingest level=INFO msg="healthcheck ok rtt=2340ms"
2025-12-02T02:12:23Z svc=ingest level=INFO msg="webhook delivery attempt 6506 succeeded"
2025-12-02T02:12:40Z svc=billing level=INFO msg="cache eviction pass removed 6625 entries"
2025-12-02T02:12:52Z svc=search level=INFO msg="healthcheck ok rtt=2210ms"
2025-12-02T02:12:57Z svc=search level=INFO msg="cache eviction pass removed 2785 entries"
2025-12-02T02:13:12Z svc=api level=INFO msg="batch 8743 committed"
2025-12-02T02:13:24Z svc=scheduler level=INFO msg="batch 196 committed"
2025-12-02T02:13:39Z svc=scheduler level=INFO msg="batch 8605 committed"
2025-12-02T02:13:56Z svc=authz level=INFO msg="webhook delivery attempt 2630 succeeded"
2025-12-02T02:14:06Z svc=scheduler level=INFO msg="batch 3023 committed"
2025-12-02T02:14:20Z svc=authz level=INFO msg="healthcheck ok rtt=4181ms"
2025-12-02T02:14:25Z svc=ingest level=INFO msg="cache eviction pass removed 6160 entries"
2025-12-02T02:14:33Z svc=billing level=INFO msg="cache eviction pass removed 6996 entries"
2025-12-02T02:14:38Z svc=api level=INFO msg="compaction finished, 5240 segments merged"
2025-12-02T02:14:51Z svc=scheduler level=INFO msg="compaction finished, 7786 segments merged"
2025-12-02T02:15:01Z svc=scheduler level=INFO msg="compaction finished, 9108 segments merged"
2025-12-02T02:15:07Z svc=billing level=INFO msg="cache eviction pass removed 8424 entries"
2025-12-02T02:15:23Z svc=billing level=INFO msg="cache eviction pass removed 5 entries"
2025-12-02T02:15:35Z svc=scheduler level=INFO msg="batch 1620 committed"
2025-12-02T02:15:47Z svc=authz level=INFO msg="batch 3264 committed"
2025-12-02T02:15:56Z svc=ingest level=INFO msg="compaction finished, 2507 segments merged"
2025-12-02T02:15:59Z svc=billing level=INFO msg="webhook delivery attempt 6791 succeeded"
2025-12-02T02:16:11Z svc=scheduler level=INFO msg="compaction finished, 7170 segments merged"
2025-12-02T02:16:24Z svc=scheduler level=INFO msg="webhook delivery attempt 3794 succeeded"
2025-12-02T02:16:31Z svc=authz level=INFO msg="token refresh completed in 8101ms"
2025-12-02T02:16:34Z svc=billing level=INFO msg="token refresh completed in 7105ms"
2025-12-02T02:16:40Z svc=authz level=INFO msg="retry queue depth=1266"
2025-12-02T02:16:47Z svc=billing level=INFO msg="batch 5013 committed"
2025-12-02T02:16:55Z svc=billing level=INFO msg="webhook delivery attempt 1127 succeeded"
2025-12-02T02:16:58Z svc=billing level=INFO msg="cache eviction pass removed 6244 entries"
2025-12-02T02:17:04Z svc=billing level=INFO msg="webhook delivery attempt 3251 succeeded"
2025-12-02T02:17:10Z svc=authz level=INFO msg="webhook delivery attempt 4855 succeeded"
2025-12-02T02:17:17Z svc=authz level=INFO msg="healthcheck ok rtt=2258ms"
2025-12-02T02:17:28Z svc=search level=INFO msg="batch 7992 committed"
2025-12-02T02:17:43Z svc=ingest level=INFO msg="retry queue depth=3973"
2025-12-02T02:17:47Z svc=ingest level=INFO msg="healthcheck ok rtt=7429ms"
2025-12-02T02:17:54Z svc=scheduler level=INFO msg="cache eviction pass removed 6307 entries"
2025-12-02T02:18:02Z svc=search level=INFO msg="webhook delivery attempt 3023 succeeded"
2025-12-02T02:18:09Z svc=ingest level=INFO msg="token refresh completed in 71ms"
2025-12-02T02:18:17Z svc=scheduler level=INFO msg="healthcheck ok rtt=1266ms"
2025-12-02T02:18:32Z svc=search level=INFO msg="batch 5069 committed"
2025-12-02T02:18:36Z svc=search level=INFO msg="cache eviction pass removed 102 entries"
2025-12-02T02:18:45Z svc=api level=INFO msg="webhook delivery attempt 2457 succeeded"
2025-12-02T02:18:49Z svc=billing level=INFO msg="compaction finished, 1583 segments merged"
2025-12-02T02:18:55Z svc=search level=INFO msg="retry queue depth=8409"
2025-12-02T02:18:58Z svc=scheduler level=INFO msg="batch 250 committed"
2025-12-02T02:19:02Z svc=search level=INFO msg="webhook delivery attempt 4073 succeeded"
2025-12-02T02:19:14Z svc=authz level=INFO msg="webhook delivery attempt 8494 succeeded"
2025-12-02T02:19:20Z svc=api level=INFO msg="healthcheck ok rtt=6759ms"
2025-12-02T02:19:34Z svc=ingest level=INFO msg="token refresh completed in 5470ms"
2025-12-02T02:19:50Z svc=ingest level=INFO msg="retry queue depth=3447"
2025-12-02T02:20:07Z svc=search level=INFO msg="healthcheck ok rtt=9282ms"
2025-12-02T02:20:12Z svc=search level=INFO msg="webhook delivery attempt 5452 succeeded"
2025-12-02T02:20:17Z svc=scheduler level=INFO msg="token refresh completed in 7981ms"
2025-12-02T02:20:28Z svc=ingest level=INFO msg="token refresh completed in 3862ms"
2025-12-02T02:20:43Z svc=api level=INFO msg="batch 1722 committed"
2025-12-02T02:20:56Z svc=search level=INFO msg="compaction finished, 3441 segments merged"
2025-12-02T02:21:08Z svc=api level=INFO msg="batch 8806 committed"
2025-12-02T02:21:11Z svc=scheduler level=INFO msg="batch 2695 committed"
2025-12-02T02:21:24Z svc=api level=INFO msg="retry queue depth=6541"
2025-12-02T02:21:27Z svc=search level=INFO msg="retry queue depth=214"
2025-12-02T02:21:36Z svc=authz level=INFO msg="healthcheck ok rtt=4353ms"
2025-12-02T02:21:44Z svc=ingest level=INFO msg="retry queue depth=3287"
2025-12-02T02:21:51Z svc=ingest level=INFO msg="token refresh completed in 7939ms"
2025-12-02T02:22:00Z svc=billing level=INFO msg="cache eviction pass removed 2405 entries"
2025-12-02T02:22:05Z svc=api level=INFO msg="batch 5843 committed"
2025-12-02T02:22:13Z svc=scheduler level=INFO msg="cache eviction pass removed 4062 entries"
2025-12-02T02:22:23Z svc=ingest level=INFO msg="batch 3515 committed"
2025-12-02T02:22:40Z svc=api level=INFO msg="webhook delivery attempt 222 succeeded"
2025-12-02T02:22:51Z svc=ingest level=INFO msg="token refresh completed in 6251ms"
2025-12-02T02:22:56Z svc=billing level=INFO msg="compaction finished, 7772 segments merged"
2025-12-02T02:23:07Z svc=search level=INFO msg="batch 195 committed"
2025-12-02T02:23:16Z svc=billing level=INFO msg="healthcheck ok rtt=9023ms"
2025-12-02T02:23:30Z svc=billing level=INFO msg="cache eviction pass removed 6559 entries"
2025-12-02T02:23:36Z svc=billing level=INFO msg="compaction finished, 1008 segments merged"
2025-12-02T02:23:44Z svc=ingest level=INFO msg="retry queue depth=4338"
2025-12-02T02:23:51Z svc=billing level=INFO msg="retry queue depth=1833"
2025-12-02T02:24:07Z svc=scheduler level=INFO msg="compaction finished, 4069 segments merged"
2025-12-02T02:24:22Z svc=authz level=INFO msg="compaction finished, 2721 segments merged"
2025-12-02T02:24:25Z svc=scheduler level=INFO msg="healthcheck ok rtt=4414ms"
2025-12-02T02:24:36Z svc=scheduler level=INFO msg="webhook delivery attempt 30 succeeded"
2025-12-02T02:24:50Z svc=api level=INFO msg="cache eviction pass removed 271 entries"
2025-12-02T02:24:55Z svc=search level=INFO msg="compaction finished, 8670 segments merged"
2025-12-02T02:25:02Z svc=api level=INFO msg="batch 3005 committed"
2025-12-02T02:25:19Z svc=ingest level=INFO msg="webhook delivery attempt 2849 succeeded"
2025-12-02T02:25:30Z svc=api level=INFO msg="retry queue depth=1413"
2025-12-02T02:25:35Z svc=scheduler level=INFO msg="retry queue depth=8249"
2025-12-02T02:25:46Z svc=billing level=INFO msg="retry queue depth=9468"
2025-12-02T02:26:02Z svc=billing level=INFO msg="webhook delivery attempt 5199 succeeded"
2025-12-02T02:26:16Z svc=search level=INFO msg="batch 3312 committed"
2025-12-02T02:26:27Z svc=search level=INFO msg="healthcheck ok rtt=8646ms"
2025-12-02T02:26:35Z svc=scheduler level=INFO msg="retry queue depth=3393"
2025-12-02T02:26:43Z svc=api level=INFO msg="batch 2995 committed"
2025-12-02T02:26:50Z svc=billing level=INFO msg="retry queue depth=6457"
2025-12-02T02:27:07Z svc=scheduler level=INFO msg="batch 7564 committed"
2025-12-02T02:27:11Z svc=authz level=INFO msg="retry queue depth=937"
2025-12-02T02:27:21Z svc=ingest level=INFO msg="token refresh completed in 2305ms"
2025-12-02T02:27:27Z svc=search level=INFO msg="token refresh completed in 8943ms"
2025-12-02T02:27:31Z svc=ingest level=INFO msg="cache eviction pass removed 2670 entries"
2025-12-02T02:27:39Z svc=search level=INFO msg="compaction finished, 2947 segments merged"
2025-12-02T02:27:51Z svc=ingest level=INFO msg="webhook delivery attempt 6149 succeeded"
2025-12-02T02:28:07Z svc=scheduler level=INFO msg="retry queue depth=2665"
2025-12-02T02:28:18Z svc=api level=INFO msg="webhook delivery attempt 3740 succeeded"
2025-12-02T02:28:28Z svc=api level=INFO msg="compaction finished, 2017 segments merged"
2025-12-02T02:28:34Z svc=billing level=INFO msg="batch 1077 committed"
2025-12-02T02:28:51Z svc=api level=INFO msg="token refresh completed in 4231ms"
2025-12-02T02:29:01Z svc=search level=INFO msg="compaction finished, 6243 segments merged"
2025-12-02T02:29:13Z svc=billing level=INFO msg="healthcheck ok rtt=8286ms"
2025-12-02T02:29:27Z svc=ingest level=INFO msg="token refresh completed in 8013ms"
2025-12-02T02:29:41Z svc=billing level=INFO msg="cache eviction pass removed 6988 entries"
2025-12-02T02:29:52Z svc=api level=INFO msg="token refresh completed in 803ms"
2025-12-02T02:29:56Z svc=scheduler level=INFO msg="compaction finished, 1899 segments merged"
2025-12-02T02:30:07Z svc=authz level=INFO msg="compaction finished, 2174 segments merged"
2025-12-02T02:30:24Z svc=authz level=INFO msg="compaction finished, 8639 segments merged"
2025-12-02T02:30:32Z svc=search level=INFO msg="webhook delivery attempt 5692 succeeded"
2025-12-02T02:30:41Z svc=api level=INFO msg="retry queue depth=7964"
2025-12-02T02:30:49Z svc=ingest level=INFO msg="compaction finished, 6838 segments merged"
2025-12-02T02:31:06Z svc=authz level=INFO msg="retry queue depth=7517"
2025-12-02T02:31:16Z svc=authz level=INFO msg="webhook delivery attempt 2492 succeeded"
2025-12-02T02:31:33Z svc=billing level=INFO msg="retry queue depth=2798"
2025-12-02T02:31:37Z svc=scheduler level=INFO msg="token refresh completed in 225ms"
2025-12-02T02:31:53Z svc=scheduler level=INFO msg="healthcheck ok rtt=2329ms"
2025-12-02T02:32:10Z svc=scheduler level=INFO msg="webhook delivery attempt 9190 succeeded"
2025-12-02T02:32:17Z svc=billing level=INFO msg="batch 120 committed"
2025-12-02T02:32:25Z svc=ingest level=INFO msg="cache eviction pass removed 4876 entries"
2025-12-02T02:32:30Z svc=billing level=INFO msg="token refresh completed in 1420ms"
2025-12-02T02:32:39Z svc=search level=INFO msg="compaction finished, 1098 segments merged"
2025-12-02T02:32:56Z svc=scheduler level=INFO msg="batch 2387 committed"
2025-12-02T02:33:11Z svc=ingest level=INFO msg="batch 9323 committed"
2025-12-02T02:33:15Z svc=api level=INFO msg="batch 3370 committed"
2025-12-02T02:33:26Z svc=ingest level=INFO msg="healthcheck ok rtt=617ms"
2025-12-02T02:33:39Z svc=billing level=INFO msg="healthcheck ok rtt=9181ms"
2025-12-02T02:33:48Z svc=scheduler level=INFO msg="retry queue depth=1097"
2025-12-02T02:33:55Z svc=ingest level=INFO msg="token refresh completed in 267ms"
2025-12-02T02:34:06Z svc=search level=INFO msg="webhook delivery attempt 3102 succeeded"
2025-12-02T02:34:15Z svc=authz level=INFO msg="cache eviction pass removed 9345 entries"
2025-12-02T02:34:26Z svc=billing level=INFO msg="retry queue depth=1605"
2025-12-02T02:34:34Z svc=api level=INFO msg="cache eviction pass removed 4189 entries"
2025-12-02T02:34:37Z svc=billing level=INFO msg="healthcheck ok rtt=3065ms"
2025-12-02T02:34:46Z svc=search level=INFO msg="batch 7783 committed"
2025-12-02T02:34:59Z svc=ingest level=INFO msg="compaction finished, 6030 segments merged"
2025-12-02T02:35:16Z svc=authz level=INFO msg="batch 6725 committed"
2025-12-02T02:35:30Z svc=scheduler level=INFO msg="token refresh completed in 4318ms"
2025-12-02T02:35:40Z svc=authz level=INFO msg="cache eviction pass removed 6474 entries"
2025-12-02T02:35:48Z svc=billing level=INFO msg="healthcheck ok rtt=4313ms"
2025-12-02T02:35:52Z svc=search level=INFO msg="retry queue depth=4399"
2025-12-02T02:35:58Z svc=ingest level=INFO msg="token refresh completed in 1612ms"
2025-12-02T02:36:05Z svc=api level=INFO msg="webhook delivery attempt 2832 succeeded"
2025-12-02T02:36:18Z svc=api level=INFO msg="cache eviction pass removed 3261 entries"
2025-12-02T02:36:22Z svc=billing level=INFO msg="token refresh completed in 2516ms"
2025-12-02T02:36:29Z svc=scheduler level=INFO msg="token refresh completed in 3240ms"
2025-12-02T02:36:38Z svc=search level=INFO msg="compaction finished, 4644 segments merged"
2025-12-02T02:36:49Z svc=ingest level=INFO msg="webhook delivery attempt 8160 succeeded"
2025-12-02T02:36:52Z svc=scheduler level=INFO msg="batch 756 committed"
2025-12-02T02:36:58Z svc=ingest level=INFO msg="token refresh completed in 265ms"
2025-12-02T02:37:06Z svc=authz level=INFO msg="healthcheck ok rtt=1313ms"
2025-12-02T02:37:12Z svc=api level=INFO msg="healthcheck ok rtt=5510ms"
2025-12-02T02:37:29Z svc=authz level=INFO msg="retry queue depth=9061"
2025-12-02T02:37:46Z svc=scheduler level=INFO msg="webhook delivery attempt 4108 succeeded"
2025-12-02T02:38:00Z svc=api level=INFO msg="healthcheck ok rtt=8603ms"
2025-12-02T02:38:15Z svc=api level=INFO msg="cache eviction pass removed 2585 entries"
2025-12-02T02:38:31Z svc=api level=INFO msg="compaction finished, 1623 segments merged"
2025-12-02T02:38:42Z svc=authz level=INFO msg="webhook delivery attempt 5541 succeeded"
2025-12-02T02:38:47Z svc=api level=INFO msg="webhook delivery attempt 4192 succeeded"
2025-12-02T02:39:01Z svc=api level=INFO msg="compaction finished, 8389 segments merged"
2025-12-02T02:39:04Z svc=authz level=INFO msg="retry queue depth=6022"
2025-12-02T02:39:21Z svc=scheduler level=INFO msg="retry queue depth=842"
2025-12-02T02:39:29Z svc=api level=INFO msg="webhook delivery attempt 412 succeeded"
2025-12-02T02:39:40Z svc=search level=INFO msg="cache eviction pass removed 1278 entries"
2025-12-02T02:39:44Z svc=authz level=INFO msg="token refresh completed in 3816ms"
2025-12-02T02:39:52Z svc=search level=INFO msg="batch 1237 committed"
2025-12-02T02:39:56Z svc=scheduler level=INFO msg="compaction finished, 2251 segments merged"
2025-12-02T02:40:09Z svc=api level=INFO msg="webhook delivery attempt 8718 succeeded"
2025-12-02T02:40:13Z svc=scheduler level=INFO msg="retry queue depth=3257"
2025-12-02T02:40:18Z svc=authz level=INFO msg="webhook delivery attempt 4671 succeeded"
2025-12-02T02:40:26Z svc=authz level=INFO msg="healthcheck ok rtt=7899ms"
2025-12-02T02:40:32Z svc=search level=INFO msg="batch 4390 committed"
2025-12-02T02:40:38Z svc=ingest level=INFO msg="token refresh completed in 2722ms"
2025-12-02T02:40:47Z svc=authz level=INFO msg="retry queue depth=2632"
2025-12-02T02:40:57Z svc=ingest level=INFO msg="healthcheck ok rtt=1074ms"
2025-12-02T02:41:06Z svc=authz level=INFO msg="cache eviction pass removed 2609 entries"
2025-12-02T02:41:20Z svc=search level=INFO msg="token refresh completed in 3227ms"
2025-12-02T02:41:26Z svc=billing level=INFO msg="webhook delivery attempt 8902 succeeded"
2025-12-02T02:41:36Z svc=scheduler level=INFO msg="cache eviction pass removed 7800 entries"
2025-12-02T02:41:41Z svc=billing level=INFO msg="cache eviction pass removed 9337 entries"
2025-12-02T02:41:45Z svc=api level=INFO msg="retry queue depth=1546"
2025-12-02T02:42:02Z svc=api level=INFO msg="batch 8826 committed"
2025-12-02T02:42:09Z svc=authz level=INFO msg="healthcheck ok rtt=5450ms"
2025-12-02T02:42:23Z svc=api level=INFO msg="batch 1360 committed"
2025-12-02T02:42:29Z svc=billing level=INFO msg="retry queue depth=8561"
2025-12-02T02:42:38Z svc=billing level=INFO msg="batch 4510 committed"
2025-12-02T02:42:47Z svc=billing level=INFO msg="cache eviction pass removed 6984 entries"
2025-12-02T02:43:03Z svc=ingest level=INFO msg="token refresh completed in 2522ms"
2025-12-02T02:43:15Z svc=search level=INFO msg="retry queue depth=1980"
2025-12-02T02:43:29Z svc=scheduler level=INFO msg="healthcheck ok rtt=6057ms"
2025-12-02T02:43:42Z svc=search level=INFO msg="healthcheck ok rtt=2414ms"
2025-12-02T02:43:47Z svc=ingest level=INFO msg="token refresh completed in 8919ms"
2025-12-02T02:44:04Z svc=billing level=INFO msg="webhook delivery attempt 8913 succeeded"
2025-12-02T02:44:20Z svc=authz level=INFO msg="webhook delivery attempt 7318 succeeded"
2025-12-02T02:44:34Z svc=scheduler level=INFO msg="token refresh completed in 1717ms"
2025-12-02T02:44:51Z svc=api level=INFO msg="cache eviction pass removed 4988 entries"
2025-12-02T02:44:56Z svc=api level=INFO msg="cache eviction pass removed 307 entries"
2025-12-02T02:45:07Z svc=api level=INFO msg="webhook delivery attempt 3227 succeeded"
2025-12-02T02:45:12Z svc=ingest level=INFO msg="retry queue depth=107"
2025-12-02T02:45:20Z svc=scheduler level=INFO msg="webhook delivery attempt 5313 succeeded"
2025-12-02T02:45:25Z svc=ingest level=INFO msg="cache eviction pass removed 9169 entries"
2025-12-02T02:45:28Z svc=ingest level=INFO msg="webhook delivery attempt 2854 succeeded"
2025-12-02T02:45:37Z svc=ingest level=INFO msg="cache eviction pass removed 6972 entries"
2025-12-02T02:45:49Z svc=search level=INFO msg="batch 9344 committed"
2025-12-02T02:45:55Z svc=search level=INFO msg="cache eviction pass removed 9424 entries"
2025-12-02T02:46:12Z svc=ingest level=INFO msg="webhook delivery attempt 2866 succeeded"
2025-12-02T02:46:16Z svc=api level=INFO msg="webhook delivery attempt 6415 succeeded"
2025-12-02T02:46:28Z svc=ingest level=INFO msg="token refresh completed in 3211ms"
2025-12-02T02:46:32Z svc=ingest level=INFO msg="cache eviction pass removed 1777 entries"
2025-12-02T02:46:42Z svc=api level=INFO msg="batch 652 committed"
2025-12-02T02:46:56Z svc=authz level=INFO msg="batch 1181 committed"
2025-12-02T02:47:01Z svc=api level=INFO msg="retry queue depth=7837"
2025-12-02T02:47:04Z svc=scheduler level=INFO msg="compaction finished, 4284 segments merged"
2025-12-02T02:47:13Z svc=authz level=INFO msg="token refresh completed in 9017ms"
2025-12-02T02:47:21Z svc=scheduler level=INFO msg="batch 5048 committed"
2025-12-02T02:47:34Z svc=authz level=INFO msg="retry queue depth=5111"
2025-12-02T02:47:51Z svc=search level=INFO msg="healthcheck ok rtt=8041ms"
2025-12-02T02:47:54Z svc=billing level=INFO msg="batch 7398 committed"
2025-12-02T02:48:03Z svc=ingest level=INFO msg="webhook delivery attempt 127 succeeded"
2025-12-02T02:48:10Z svc=billing level=INFO msg="webhook delivery attempt 4472 succeeded"
2025-12-02T02:48:21Z svc=api level=INFO msg="healthcheck ok rtt=7374ms"
2025-12-02T02:48:29Z svc=api level=INFO msg="token refresh completed in 3680ms"
2025-12-02T02:48:46Z svc=ingest level=INFO msg="webhook delivery attempt 1110 succeeded"
2025-12-02T02:48:51Z svc=billing level=INFO msg="token refresh completed in 1244ms"
2025-12-02T02:49:07Z svc=billing level=INFO msg="batch 8219 committed"
2025-12-02T02:49:18Z svc=billing level=INFO msg="compaction finished, 5837 segments merged"
2025-12-02T02:49:21Z svc=api level=INFO msg="batch 5762 committed"
2025-12-02T02:49:34Z svc=search level=INFO msg="retry queue depth=7213"
2025-12-02T02:49:37Z svc=scheduler level=INFO msg="webhook delivery attempt 8159 succeeded"
2025-12-02T02:49:54Z svc=billing level=INFO msg="cache eviction pass removed 949 entries"
2025-12-02T02:50:10Z svc=scheduler level=INFO msg="retry queue depth=6738"
2025-12-02T02:50:14Z svc=authz level=INFO msg="cache eviction pass removed 8630 entries"
2025-12-02T02:50:17Z svc=scheduler level=INFO msg="retry queue depth=3243"
2025-12-02T02:50:20Z svc=billing level=INFO msg="retry queue depth=5769"
2025-12-02T02:50:29Z svc=authz level=INFO msg="batch 2574 committed"
2025-12-02T02:50:33Z svc=scheduler level=INFO msg="webhook delivery attempt 2161 succeeded"
2025-12-02T02:50:37Z svc=api level=INFO msg="batch 2557 committed"
2025-12-02T02:50:53Z svc=api level=INFO msg="cache eviction pass removed 5772 entries"
2025-12-02T02:51:09Z svc=scheduler level=INFO msg="healthcheck ok rtt=7851ms"
2025-12-02T02:51:19Z svc=billing level=INFO msg="healthcheck ok rtt=5411ms"
2025-12-02T02:51:24Z svc=ingest level=INFO msg="retry queue depth=4025"
2025-12-02T02:51:32Z svc=ingest level=INFO msg="retry queue depth=2113"
2025-12-02T02:51:40Z svc=api level=INFO msg="webhook delivery attempt 3738 succeeded"
2025-12-02T02:51:57Z svc=billing level=INFO msg="healthcheck ok rtt=9113ms"
2025-12-02T02:52:13Z svc=ingest level=INFO msg="batch 8306 committed"
2025-12-02T02:52:22Z svc=search level=INFO msg="compaction finished, 1063 segments merged"
2025-12-02T02:52:37Z svc=search level=INFO msg="compaction finished, 1243 segments merged"
2025-12-02T02:52:51Z svc=ingest level=INFO msg="batch 2484 committed"
2025-12-02T02:53:04Z svc=scheduler level=INFO msg="token refresh completed in 9346ms"
2025-12-02T02:53:07Z svc=search level=INFO msg="cache eviction pass removed 9109 entries"
2025-12-02T02:53:12Z svc=ingest level=INFO msg="webhook delivery attempt 8460 succeeded"
2025-12-02T02:53:18Z svc=billing level=INFO msg="batch 6339 committed"
2025-12-02T02:53:34Z svc=scheduler level=INFO msg="cache eviction pass removed 7478 entries"
2025-12-02T02:53:48Z svc=billing level=INFO msg="compaction finished, 8643 segments merged"
2025-12-02T02:53:54Z svc=ingest level=INFO msg="webhook delivery attempt 2129 succeeded"
2025-12-02T02:54:09Z svc=authz level=INFO msg="token refresh completed in 3288ms"
2025-12-02T02:54:20Z svc=scheduler level=INFO msg="compaction finished, 9269 segments merged"
2025-12-02T02:54:23Z svc=ingest level=INFO msg="token refresh completed in 8599ms"
2025-12-02T02:54:31Z svc=authz level=INFO msg="retry queue depth=1055"
2025-12-02T02:54:34Z svc=api level=INFO msg="webhook delivery attempt 8589 succeeded"
2025-12-02T02:54:48Z svc=authz level=INFO msg="retry queue depth=1153"
2025-12-02T02:55:00Z svc=api level=INFO msg="batch 4528 committed"
2025-12-02T02:55:10Z svc=api level=INFO msg="batch 3154 committed"
2025-12-02T02:55:20Z svc=api level=INFO msg="healthcheck ok rtt=2101ms"
2025-12-02T02:55:36Z svc=authz level=INFO msg="batch 8988 committed"
2025-12-02T02:55:42Z svc=api level=INFO msg="batch 1089 committed"
2025-12-02T02:55:58Z svc=api level=INFO msg="healthcheck ok rtt=8209ms"
2025-12-02T02:56:15Z svc=search level=INFO msg="batch 6783 committed"
2025-12-02T02:56:29Z svc=ingest level=INFO msg="webhook delivery attempt 5419 succeeded"
2025-12-02T02:56:38Z svc=scheduler level=INFO msg="token refresh completed in 2073ms"
2025-12-02T02:56:42Z svc=authz level=INFO msg="webhook delivery attempt 6475 succeeded"
2025-12-02T02:56:53Z svc=authz level=INFO msg="batch 2152 committed"
2025-12-02T02:56:57Z svc=api level=INFO msg="healthcheck ok rtt=3826ms"
2025-12-02T02:57:09Z svc=authz level=INFO msg="retry queue depth=2154"
2025-12-02T02:57:23Z svc=billing level=INFO msg="webhook delivery attempt 69 succeeded"
2025-12-02T02:57:31Z svc=api level=INFO msg="token refresh completed in 1327ms"
2025-12-02T02:57:36Z svc=billing level=INFO msg="retry queue depth=5881"
2025-12-02T02:57:44Z svc=api level=INFO msg="webhook delivery attempt 6178 succeeded"
2025-12-02T02:57:54Z svc=authz level=INFO msg="token refresh completed in 1283ms"
2025-12-02T02:58:11Z svc=billing level=INFO msg="token refresh completed in 2802ms"
2025-12-02T02:58:16Z svc=authz level=INFO msg="retry queue depth=9268"
2025-12-02T02:58:26Z svc=authz level=INFO msg="cache eviction pass removed 3517 entries"
2025-12-02T02:58:40Z svc=scheduler level=INFO msg="cache eviction pass removed 4661 entries"
2025-12-02T02:58:43Z svc=scheduler level=INFO msg="webhook delivery attempt 9224 succeeded"
2025-12-02T02:58:52Z svc=billing level=INFO msg="cache eviction pass removed 4027 entries"
2025-12-02T02:59:06Z svc=ingest level=INFO msg="webhook delivery attempt 8034 succeeded"
2025-12-02T02:59:13Z svc=search level=INFO msg="cache eviction pass removed 1058 entries"
2025-12-02T02:59:17Z svc=authz level=INFO msg="token refresh completed in 6213ms"
2025-12-02T02:59:22Z svc=ingest level=INFO msg="cache eviction pass removed 3902 entries"
2025-12-02T02:59:38Z svc=scheduler level=INFO msg="batch 4246 committed"
2025-12-02T02:59:46Z svc=scheduler level=INFO msg="token refresh completed in 2939ms"
2025-12-02T02:59:59Z svc=ingest level=INFO msg="token refresh completed in 6387ms"
2025-12-02T03:00:08Z svc=billing level=INFO msg="healthcheck ok rtt=6188ms"
2025-12-02T03:00:12Z svc=billing level=INFO msg="compaction finished, 3931 segments merged"
2025-12-02T03:00:22Z svc=search level=INFO msg="retry queue depth=8043"
2025-12-02T03:00:27Z svc=authz level=INFO msg="compaction finished, 7112 segments merged"
2025-12-02T03:00:40Z svc=billing level=INFO msg="compaction finished, 6807 segments merged"
2025-12-02T03:00:46Z svc=search level=INFO msg="healthcheck ok rtt=7444ms"
2025-12-02T03:00:58Z svc=search level=INFO msg="batch 7647 committed"
2025-12-02T03:01:10Z svc=search level=INFO msg="compaction finished, 8065 segments merged"
2025-12-02T03:01:23Z svc=api level=INFO msg="token refresh completed in 4521ms"
2025-12-02T03:01:39Z svc=ingest level=INFO msg="batch 2538 committed"
2025-12-02T03:01:46Z svc=billing level=INFO msg="cache eviction pass removed 7156 entries"
2025-12-02T03:01:57Z svc=billing level=INFO msg="cache eviction pass removed 568 entries"
2025-12-02T03:02:04Z svc=api level=INFO msg="retry queue depth=5096"
2025-12-02T03:02:10Z svc=billing level=INFO msg="healthcheck ok rtt=2130ms"
2025-12-02T03:02:19Z svc=authz level=INFO msg="retry queue depth=2104"
2025-12-02T03:02:32Z svc=scheduler level=INFO msg="compaction finished, 718 segments merged"
2025-12-02T03:02:49Z svc=api level=INFO msg="token refresh completed in 8852ms"
2025-12-02T03:02:56Z svc=scheduler level=INFO msg="batch 54 committed"
2025-12-02T03:03:07Z svc=billing level=INFO msg="retry queue depth=548"
2025-12-02T03:03:16Z svc=ingest level=INFO msg="cache eviction pass removed 1644 entries"
2025-12-02T03:03:19Z svc=billing level=INFO msg="webhook delivery attempt 8198 succeeded"
2025-12-02T03:03:24Z svc=search level=INFO msg="compaction finished, 5730 segments merged"
2025-12-02T03:03:34Z svc=api level=INFO msg="batch 5471 committed"
2025-12-02T03:03:50Z svc=api level=INFO msg="webhook delivery attempt 9245 succeeded"
2025-12-02T03:04:01Z svc=search level=INFO msg="token refresh completed in 4892ms"
2025-12-02T03:04:06Z svc=billing level=INFO msg="healthcheck ok rtt=4888ms"
2025-12-02T03:04:11Z svc=ingest level=INFO msg="webhook delivery attempt 6840 succeeded"
2025-12-02T03:04:24Z svc=ingest level=INFO msg="token refresh completed in 141ms"
2025-12-02T03:04:38Z svc=billing level=INFO msg="batch 2501 committed"
2025-12-02T03:04:48Z svc=ingest level=INFO msg="compaction finished, 4115 segments merged"
2025-12-02T03:04:51Z svc=authz level=INFO msg="batch 7425 committed"
2025-12-02T03:04:59Z svc=search level=INFO msg="retry queue depth=3841"
2025-12-02T03:05:13Z svc=scheduler level=INFO msg="webhook delivery attempt 9073 succeeded"
2025-12-02T03:05:20Z svc=authz level=INFO msg="token refresh completed in 1018ms"
2025-12-02T03:05:27Z svc=authz level=INFO msg="compaction finished, 8701 segments merged"
2025-12-02T03:05:43Z svc=billing level=INFO msg="healthcheck ok rtt=3111ms"
2025-12-02T03:05:54Z svc=scheduler level=INFO msg="batch 1284 committed"
2025-12-02T03:06:11Z svc=ingest level=INFO msg="token refresh completed in 2292ms"
2025-12-02T03:06:14Z svc=api level=INFO msg="compaction finished, 2925 segments merged"
2025-12-02T03:06:28Z svc=billing level=INFO msg="batch 2574 committed"
2025-12-02T03:06:31Z svc=ingest level=INFO msg="healthcheck ok rtt=172ms"
2025-12-02T03:06:35Z svc=authz level=INFO msg="token refresh completed in 1575ms"
2025-12-02T03:06:46Z svc=scheduler level=INFO msg="compaction finished, 3062 segments merged"
2025-12-02T03:06:53Z svc=api level=INFO msg="healthcheck ok rtt=508ms"
2025-12-02T03:06:56Z svc=search level=INFO msg="batch 2239 committed"
2025-12-02T03:07:10Z svc=api level=INFO msg="webhook delivery attempt 3002 succeeded"
2025-12-02T03:07:25Z svc=api level=INFO msg="webhook delivery attempt 4992 succeeded"
2025-12-02T03:07:30Z svc=ingest level=INFO msg="batch 3169 committed"
2025-12-02T03:07:44Z svc=ingest level=INFO msg="retry queue depth=6963"
2025-12-02T03:07:59Z svc=billing level=INFO msg="token refresh completed in 9366ms"
2025-12-02T03:08:16Z svc=billing level=INFO msg="healthcheck ok rtt=4366ms"
2025-12-02T03:08:22Z svc=search level=INFO msg="token refresh completed in 4878ms"
2025-12-02T03:08:33Z svc=search level=INFO msg="cache eviction pass removed 7002 entries"
2025-12-02T03:08:46Z svc=scheduler level=INFO msg="batch 3501 committed"
2025-12-02T03:09:00Z svc=api level=INFO msg="healthcheck ok rtt=8925ms"
2025-12-02T03:09:11Z svc=api level=INFO msg="cache eviction pass removed 5426 entries"
2025-12-02T03:09:15Z svc=scheduler level=INFO msg="token refresh completed in 9121ms"
2025-12-02T03:09:25Z svc=ingest level=INFO msg="cache eviction pass removed 796 entries"
2025-12-02T03:09:32Z svc=ingest level=INFO msg="token refresh completed in 3439ms"
2025-12-02T03:09:48Z svc=api level=INFO msg="retry queue depth=2218"
2025-12-02T03:09:53Z svc=billing level=INFO msg="compaction finished, 3684 segments merged"
2025-12-02T03:10:04Z svc=search level=INFO msg="cache eviction pass removed 7798 entries"
2025-12-02T03:10:17Z svc=authz level=INFO msg="webhook delivery attempt 5404 succeeded"
2025-12-02T03:10:26Z svc=api level=INFO msg="healthcheck ok rtt=4898ms"
2025-12-02T03:10:34Z svc=billing level=INFO msg="compaction finished, 3724 segments merged"
2025-12-02T03:10:45Z svc=scheduler level=INFO msg="cache eviction pass removed 479 entries"
2025-12-02T03:10:55Z svc=api level=INFO msg="healthcheck ok rtt=669ms"
2025-12-02T03:11:10Z svc=scheduler level=INFO msg="token refresh completed in 2171ms"
2025-12-02T03:11:17Z svc=api level=INFO msg="cache eviction pass removed 5333 entries"
2025-12-02T03:11:31Z svc=api level=INFO msg="webhook delivery attempt 4966 succeeded"
2025-12-02T03:11:38Z svc=search level=INFO msg="healthcheck ok rtt=7542ms"
2025-12-02T03:11:41Z svc=billing level=INFO msg="batch 2567 committed"
2025-12-02T03:11:47Z svc=billing level=INFO msg="token refresh completed in 7319ms"
2025-12-02T03:12:03Z svc=scheduler level=INFO msg="compaction finished, 7016 segments merged"
2025-12-02T03:12:09Z svc=search level=INFO msg="cache eviction pass removed 3915 entries"
2025-12-02T03:12:18Z svc=api level=INFO msg="batch 2073 committed"
2025-12-02T03:12:21Z svc=search level=INFO msg="retry queue depth=3630"
2025-12-02T03:12:30Z svc=api level=INFO msg="batch 4891 committed"
2025-12-02T03:12:40Z svc=search level=INFO msg="token refresh completed in 4199ms"
2025-12-02T03:12:46Z svc=api level=INFO msg="token refresh completed in 3830ms"
2025-12-02T03:12:49Z svc=billing level=INFO msg="batch 8578 committed"
2025-12-02T03:12:56Z svc=scheduler level=INFO msg="webhook delivery attempt 3489 succeeded"
2025-12-02T03:13:01Z svc=api level=INFO msg="cache eviction pass removed 9025 entries"
2025-12-02T03:13:08Z svc=authz level=INFO msg="batch 3512 committed"
2025-12-02T03:13:18Z svc=ingest level=INFO msg="webhook delivery attempt 5322 succeeded"
2025-12-02T03:13:26Z svc=billing level=INFO msg="retry queue depth=1304"
2025-12-02T03:13:38Z svc=scheduler level=INFO msg="webhook delivery attempt 2893 succeeded"
2025-12-02T03:13:51Z svc=ingest level=INFO msg="webhook delivery attempt 9374 succeeded"
2025-12-02T03:13:54Z svc=search level=INFO msg="healthcheck ok rtt=5964ms"
2025-12-02T03:14:01Z svc=scheduler level=INFO msg="healthcheck ok rtt=2221ms"
2025-12-02T03:14:11Z svc=billing level=INFO msg="token refresh completed in 3556ms"
2025-12-02T03:14:16Z svc=authz level=INFO msg="cache eviction pass removed 6112 entries"
2025-12-02T03:14:29Z svc=authz level=INFO msg="healthcheck ok rtt=4063ms"
2025-12-02T03:14:42Z svc=billing level=INFO msg="retry queue depth=4568"
2025-12-02T03:14:46Z svc=search level=INFO msg="webhook delivery attempt 4492 succeeded"
2025-12-02T03:14:51Z svc=authz level=INFO msg="webhook delivery attempt 3746 succeeded"
2025-12-02T03:14:54Z svc=authz level=INFO msg="batch 4251 committed"
2025-12-02T03:15:06Z svc=api level=INFO msg="webhook delivery attempt 6122 succeeded"
2025-12-02T03:15:16Z svc=search level=INFO msg="compaction finished, 6767 segments merged"
2025-12-02T03:15:31Z svc=scheduler level=INFO msg="healthcheck ok rtt=1585ms"
2025-12-02T03:15:41Z svc=billing level=INFO msg="cache eviction pass removed 6712 entries"
2025-12-02T03:15:46Z svc=billing level=INFO msg="retry queue depth=2679"
2025-12-02T03:16:02Z svc=search level=INFO msg="compaction finished, 2547 segments merged"
2025-12-02T03:16:08Z svc=api level=INFO msg="token refresh completed in 4915ms"
2025-12-02T03:16:11Z svc=search level=INFO msg="retry queue depth=588"
2025-12-02T03:16:23Z svc=api level=INFO msg="webhook delivery attempt 1799 succeeded"
2025-12-02T03:16:40Z svc=scheduler level=INFO msg="healthcheck ok rtt=1864ms"
2025-12-02T03:16:54Z svc=scheduler level=INFO msg="cache eviction pass removed 468 entries"
2025-12-02T03:16:58Z svc=ingest level=INFO msg="webhook delivery attempt 5425 succeeded"
2025-12-02T03:17:05Z svc=billing level=INFO msg="webhook delivery attempt 1681 succeeded"
2025-12-02T03:17:09Z svc=api level=INFO msg="token refresh completed in 8803ms"
2025-12-02T03:17:17Z svc=ingest level=INFO msg="webhook delivery attempt 4800 succeeded"
2025-12-02T03:17:29Z svc=scheduler level=INFO msg="retry queue depth=7456"
2025-12-02T03:17:36Z svc=api level=INFO msg="webhook delivery attempt 2234 succeeded"
2025-12-02T03:17:42Z svc=api level=INFO msg="compaction finished, 2486 segments merged"
2025-12-02T03:17:55Z svc=billing level=INFO msg="healthcheck ok rtt=1884ms"
2025-12-02T03:18:03Z svc=scheduler level=INFO msg="healthcheck ok rtt=7750ms"
2025-12-02T03:18:19Z svc=authz level=INFO msg="compaction finished, 3453 segments merged"
2025-12-02T03:18:31Z svc=api level=INFO msg="compaction finished, 4513 segments merged"
2025-12-02T03:18:40Z svc=authz level=INFO msg="token refresh completed in 9250ms"
2025-12-02T03:18:55Z svc=search level=INFO msg="cache eviction pass removed 8866 entries"
2025-12-02T03:19:06Z svc=ingest level=INFO msg="token refresh completed in 1660ms"
2025-12-02T03:19:12Z svc=search level=INFO msg="compaction finished, 2635 segments merged"
2025-12-02T03:19:15Z svc=ingest level=INFO msg="compaction finished, 7811 segments merged"
2025-12-02T03:19:28Z svc=scheduler level=INFO msg="healthcheck ok rtt=9156ms"
2025-12-02T03:19:43Z svc=scheduler level=INFO msg="cache eviction pass removed 1359 entries"
2025-12-02T03:20:00Z svc=api level=INFO msg="webhook delivery attempt 8444 succeeded"
2025-12-02T03:20:06Z svc=api level=INFO msg="cache eviction pass removed 7073 entries"
2025-12-02T03:20:21Z svc=search level=INFO msg="retry queue depth=4013"
2025-12-02T03:20:29Z svc=scheduler level=INFO msg="batch 9318 committed"
2025-12-02T03:20:41Z svc=authz level=INFO msg="batch 6673 committed"
2025-12-02T03:20:54Z svc=scheduler level=INFO msg="healthcheck ok rtt=2905ms"
2025-12-02T03:21:04Z svc=ingest level=INFO msg="token refresh completed in 1615ms"
2025-12-02T03:21:14Z svc=search level=INFO msg="webhook delivery attempt 212 succeeded"
2025-12-02T03:21:24Z svc=authz level=INFO msg="retry queue depth=4764"
2025-12-02T03:21:28Z svc=ingest level=INFO msg="compaction finished, 8904 segments merged"
2025-12-02T03:21:41Z svc=billing level=INFO msg="compaction finished, 6134 segments merged"
2025-12-02T03:21:47Z svc=search level=INFO msg="batch 4852 committed"
2025-12-02T03:22:03Z svc=authz level=INFO msg="compaction finished, 1057 segments merged"
2025-12-02T03:22:16Z svc=scheduler level=INFO msg="retry queue depth=5963"
2025-12-02T03:22:20Z svc=api level=INFO msg="cache eviction pass removed 8150 entries"
2025-12-02T03:22:36Z svc=api level=INFO msg="retry queue depth=792"
2025-12-02T03:22:43Z svc=api level=INFO msg="webhook delivery attempt 4002 succeeded"
2025-12-02T03:22:59Z svc=billing level=INFO msg="batch 2987 committed"
2025-12-02T03:23:08Z svc=search level=INFO msg="cache eviction pass removed 8147 entries"
2025-12-02T03:23:18Z svc=billing level=INFO msg="webhook delivery attempt 6048 succeeded"
2025-12-02T03:23:27Z svc=authz level=INFO msg="token refresh completed in 707ms"
2025-12-02T03:23:33Z svc=authz level=INFO msg="batch 5390 committed"
2025-12-02T03:23:43Z svc=billing level=INFO msg="cache eviction pass removed 7341 entries"
2025-12-02T03:23:54Z svc=ingest level=INFO msg="healthcheck ok rtt=1670ms"
2025-12-02T03:24:03Z svc=scheduler level=INFO msg="webhook delivery attempt 9302 succeeded"
2025-12-02T03:24:20Z svc=api level=INFO msg="batch 7496 committed"
2025-12-02T03:24:35Z svc=authz level=INFO msg="batch 9154 committed"
2025-12-02T03:24:39Z svc=ingest level=INFO msg="batch 1895 committed"
2025-12-02T03:24:52Z svc=billing level=INFO msg="cache eviction pass removed 6369 entries"
2025-12-02T03:25:08Z svc=authz level=INFO msg="token refresh completed in 5408ms"
2025-12-02T03:25:21Z svc=authz level=INFO msg="healthcheck ok rtt=460ms"
2025-12-02T03:25:26Z svc=search level=INFO msg="cache eviction pass removed 906 entries"
2025-12-02T03:25:32Z svc=api level=INFO msg="batch 2111 committed"
2025-12-02T03:25:44Z svc=authz level=INFO msg="cache eviction pass removed 4785 entries"
2025-12-02T03:26:00Z svc=search level=INFO msg="batch 9023 committed"
2025-12-02T03:26:03Z svc=ingest level=INFO msg="cache eviction pass removed 5313 entries"
2025-12-02T03:26:07Z svc=ingest level=INFO msg="webhook delivery attempt 5467 succeeded"
2025-12-02T03:26:23Z svc=api level=INFO msg="healthcheck ok rtt=7246ms"
2025-12-02T03:26:38Z svc=ingest level=INFO msg="healthcheck ok rtt=7727ms"
2025-12-02T03:26:45Z svc=billing level=INFO msg="retry queue depth=7321"
2025-12-02T03:26:49Z svc=ingest level=INFO msg="cache eviction pass removed 2249 entries"
2025-12-02T03:27:06Z svc=ingest level=INFO msg="healthcheck ok rtt=5229ms"
2025-12-02T03:27:20Z svc=search level=INFO msg="webhook delivery attempt 2513 succeeded"
2025-12-02T03:27:28Z svc=search level=INFO msg="compaction finished, 6119 segments merged"
2025-12-02T03:27:31Z svc=ingest level=INFO msg="cache eviction pass removed 162 entries"
2025-12-02T03:27:47Z svc=api level=INFO msg="healthcheck ok rtt=9290ms"
2025-12-02T03:28:00Z svc=search level=INFO msg="token refresh completed in 8421ms"
2025-12-02T03:28:11Z svc=search level=INFO msg="compaction finished, 6036 segments merged"
2025-12-02T03:28:20Z svc=authz level=INFO msg="retry queue depth=921"
2025-12-02T03:28:31Z svc=api level=INFO msg="batch 3289 committed"
2025-12-02T03:28:45Z svc=ingest level=INFO msg="compaction finished, 4025 segments merged"
2025-12-02T03:29:02Z svc=api level=INFO msg="retry queue depth=1012"
2025-12-02T03:29:12Z svc=billing level=INFO msg="retry queue depth=430"
2025-12-02T03:29:21Z svc=api level=INFO msg="compaction finished, 5378 segments merged"
2025-12-02T03:29:26Z svc=billing level=INFO msg="token refresh completed in 7006ms"
2025-12-02T03:29:41Z svc=billing level=INFO msg="compaction finished, 584 segments merged"
2025-12-02T03:29:48Z svc=search level=INFO msg="retry queue depth=2422"
2025-12-02T03:29:54Z svc=ingest level=INFO msg="webhook delivery attempt 7246 succeeded"
2025-12-02T03:30:11Z svc=api level=INFO msg="compaction finished, 2268 segments merged"
2025-12-02T03:30:23Z svc=scheduler level=INFO msg="retry queue depth=7033"
2025-12-02T03:30:31Z svc=search level=INFO msg="batch 8076 committed"
2025-12-02T03:30:40Z svc=api level=INFO msg="token refresh completed in 7232ms"
2025-12-02T03:30:50Z svc=authz level=INFO msg="cache eviction pass removed 8815 entries"
2025-12-02T03:31:07Z svc=search level=INFO msg="retry queue depth=521"
2025-12-02T03:31:23Z svc=scheduler level=INFO msg="retry queue depth=5942"
2025-12-02T03:31:39Z svc=search level=INFO msg="token refresh completed in 5930ms"
2025-12-02T03:31:51Z svc=authz level=INFO msg="compaction finished, 2300 segments merged"
2025-12-02T03:31:58Z svc=scheduler level=INFO msg="retry queue depth=2223"
2025-12-02T03:32:08Z svc=ingest level=INFO msg="batch 4303 committed"
2025-12-02T03:32:23Z svc=search level=INFO msg="healthcheck ok rtt=4136ms"
2025-12-02T03:32:30Z svc=billing level=INFO msg="webhook delivery attempt 4340 succeeded"
2025-12-02T03:32:41Z svc=authz level=INFO msg="healthcheck ok rtt=3951ms"
2025-12-02T03:32:52Z svc=api level=INFO msg="cache eviction pass removed 7729 entries"
2025-12-02T03:33:06Z svc=scheduler level=INFO msg="batch 8675 committed"
2025-12-02T03:33:20Z svc=ingest level=INFO msg="compaction finished, 6063 segments merged"
2025-12-02T03:33:23Z svc=ingest level=INFO msg="cache eviction pass removed 2662 entries"
2025-12-02T03:33:35Z svc=api level=INFO msg="cache eviction pass removed 9214 entries"
2025-12-02T03:33:46Z svc=authz level=INFO msg="webhook delivery attempt 1393 succeeded"
2025-12-02T03:33:59Z svc=scheduler level=INFO msg="webhook delivery attempt 1270 succeeded"
2025-12-02T03:34:16Z svc=api level=INFO msg="webhook delivery attempt 5097 succeeded"
2025-12-02T03:34:23Z svc=authz level=INFO msg="token refresh completed in 1088ms"
2025-12-02T03:34:31Z svc=search level=INFO msg="webhook delivery attempt 130 succeeded"
2025-12-02T03:34:40Z svc=scheduler level=INFO msg="healthcheck ok rtt=1723ms"
2025-12-02T03:34:51Z svc=billing level=INFO msg="batch 2140 committed"
2025-12-02T03:34:57Z svc=ingest level=INFO msg="webhook delivery attempt 2426 succeeded"
2025-12-02T03:35:10Z svc=authz level=INFO msg="retry queue depth=8100"
2025-12-02T03:35:25Z svc=api level=INFO msg="webhook delivery attempt 938 succeeded"
2025-12-02T03:35:36Z svc=api level=INFO msg="batch 3462 committed"
2025-12-02T03:35:44Z svc=ingest level=INFO msg="cache eviction pass removed 8215 entries"
2025-12-02T03:35:53Z svc=ingest level=INFO msg="batch 3499 committed"
2025-12-02T03:36:03Z svc=billing level=INFO msg="cache eviction pass removed 7970 entries"
2025-12-02T03:36:06Z svc=ingest level=INFO msg="token refresh completed in 8718ms"
2025-12-02T03:36:18Z svc=search level=INFO msg="cache eviction pass removed 2595 entries"
2025-12-02T03:36:24Z svc=scheduler level=INFO msg="batch 1625 committed"
2025-12-02T03:36:36Z svc=scheduler level=INFO msg="webhook delivery attempt 2649 succeeded"
2025-12-02T03:36:50Z svc=scheduler level=INFO msg="batch 6001 committed"
2025-12-02T03:36:55Z svc=api level=INFO msg="token refresh completed in 8199ms"
2025-12-02T03:37:09Z svc=search level=INFO msg="healthcheck ok rtt=46ms"
2025-12-02T03:37:20Z svc=search level=INFO msg="retry queue depth=8806"
2025-12-02T03:37:29Z svc=scheduler level=INFO msg="batch 1103 committed"
2025-12-02T03:37:40Z svc=api level=INFO msg="retry queue depth=4766"
2025-12-02T03:37:47Z svc=search level=INFO msg="retry queue depth=2431"
2025-12-02T03:37:54Z svc=api level=INFO msg="webhook delivery attempt 4804 succeeded"
2025-12-02T03:38:04Z svc=ingest level=INFO msg="batch 543 committed"
2025-12-02T03:38:17Z svc=ingest level=INFO msg="cache eviction pass removed 5414 entries"
2025-12-02T03:38:30Z svc=ingest level=INFO msg="retry queue depth=2172"
2025-12-02T03:38:38Z svc=ingest level=INFO msg="webhook delivery attempt 1304 succeeded"
2025-12-02T03:38:45Z svc=billing level=INFO msg="compaction finished, 7797 segments merged"
2025-12-02T03:39:01Z svc=billing level=INFO msg="retry queue depth=9252"
2025-12-02T03:39:18Z svc=billing level=INFO msg="webhook delivery attempt 7563 succeeded"
2025-12-02T03:39:33Z svc=ingest level=INFO msg="token refresh completed in 8234ms"
2025-12-02T03:39:36Z svc=ingest level=INFO msg="token refresh completed in 2943ms"
2025-12-02T03:39:43Z svc=authz level=INFO msg="webhook delivery attempt 3202 succeeded"
2025-12-02T03:39:59Z svc=search level=INFO msg="compaction finished, 163 segments merged"
2025-12-02T03:40:16Z svc=ingest level=INFO msg="healthcheck ok rtt=2663ms"
2025-12-02T03:40:20Z svc=search level=INFO msg="compaction finished, 4734 segments merged"
2025-12-02T03:40:35Z svc=api level=INFO msg="webhook delivery attempt 2564 succeeded"
2025-12-02T03:40:47Z svc=api level=INFO msg="retry queue depth=3394"
2025-12-02T03:40:57Z svc=authz level=INFO msg="cache eviction pass removed 921 entries"
2025-12-02T03:41:10Z svc=authz level=INFO msg="cache eviction pass removed 2801 entries"
2025-12-02T03:41:18Z svc=scheduler level=INFO msg="batch 4343 committed"
2025-12-02T03:41:21Z svc=search level=INFO msg="retry queue depth=6683"
2025-12-02T03:41:30Z svc=authz level=INFO msg="healthcheck ok rtt=3765ms"
2025-12-02T03:41:41Z svc=ingest level=INFO msg="token refresh completed in 9027ms"
2025-12-02T03:41:46Z svc=search level=INFO msg="token refresh completed in 353ms"
2025-12-02T03:42:00Z svc=billing level=INFO msg="batch 5254 committed"
2025-12-02T03:42:10Z svc=authz level=INFO msg="cache eviction pass removed 1446 entries"
2025-12-02T03:42:23Z svc=scheduler level=INFO msg="cache eviction pass removed 7625 entries"
2025-12-02T03:42:36Z svc=authz level=INFO msg="healthcheck ok rtt=1113ms"
2025-12-02T03:42:47Z svc=scheduler level=INFO msg="retry queue depth=6532"
2025-12-02T03:43:01Z svc=billing level=INFO msg="healthcheck ok rtt=595ms"
2025-12-02T03:43:11Z svc=ingest level=INFO msg="token refresh completed in 1442ms"
2025-12-02T03:43:14Z svc=search level=INFO msg="token refresh completed in 9046ms"
2025-12-02T03:43:31Z svc=billing level=INFO msg="webhook delivery attempt 3582 succeeded"
2025-12-02T03:43:48Z svc=scheduler level=INFO msg="token refresh completed in 686ms"
2025-12-02T03:43:56Z svc=api level=INFO msg="batch 7155 committed"
2025-12-02T03:44:05Z svc=scheduler level=INFO msg="batch 8053 committed"
2025-12-02T03:44:22Z svc=scheduler level=INFO msg="webhook delivery attempt 4823 succeeded"
2025-12-02T03:44:37Z svc=search level=INFO msg="webhook delivery attempt 1819 succeeded"
2025-12-02T03:44:51Z svc=api level=INFO msg="cache eviction pass removed 7106 entries"
2025-12-02T03:45:03Z svc=ingest level=INFO msg="batch 521 committed"
2025-12-02T03:45:15Z svc=billing level=INFO msg="compaction finished, 8915 segments merged"
2025-12-02T03:45:24Z svc=ingest level=INFO msg="webhook delivery attempt 1278 succeeded"
2025-12-02T03:45:40Z svc=api level=INFO msg="retry queue depth=5707"
2025-12-02T03:45:57Z svc=billing level=INFO msg="token refresh completed in 9121ms"
2025-12-02T03:46:00Z svc=search level=INFO msg="webhook delivery attempt 5125 succeeded"
2025-12-02T03:46:15Z svc=ingest level=INFO msg="batch 3982 committed"
2025-12-02T03:46:19Z svc=billing level=INFO msg="cache eviction pass removed 4843 entries"
2025-12-02T03:46:29Z svc=ingest level=INFO msg="batch 7414 committed"
2025-12-02T03:46:36Z svc=ingest level=INFO msg="token refresh completed in 9414ms"
2025-12-02T03:46:41Z svc=api level=INFO msg="retry queue depth=9304"
2025-12-02T03:46:46Z svc=ingest level=INFO msg="cache eviction pass removed 4671 entries"
2025-12-02T03:46:51Z svc=scheduler level=INFO msg="batch 8255 committed"
2025-12-02T03:47:03Z svc=authz level=INFO msg="retry queue depth=6403"
2025-12-02T03:47:10Z svc=ingest level=INFO msg="retry queue depth=4666"
2025-12-02T03:47:27Z svc=scheduler level=INFO msg="retry queue depth=9115"
2025-12-02T03:47:31Z svc=authz level=INFO msg="webhook delivery attempt 875 succeeded"
2025-12-02T03:47:40Z svc=api level=INFO msg="batch 140 committed"
2025-12-02T03:47:43Z svc=ingest level=INFO msg="compaction finished, 1348 segments merged"
2025-12-02T03:47:55Z svc=scheduler level=INFO msg="cache eviction pass removed 7700 entries"
2025-12-02T03:48:01Z svc=authz level=INFO msg="batch 8486 committed"
2025-12-02T03:48:14Z svc=authz level=INFO msg="token refresh completed in 23ms"
2025-12-02T03:48:29Z svc=authz level=INFO msg="compaction finished, 2956 segments merged"
2025-12-02T03:48:34Z svc=api level=INFO msg="retry queue depth=6839"
2025-12-02T03:48:42Z svc=search level=INFO msg="healthcheck ok rtt=4726ms"
2025-12-02T03:48:55Z svc=billing level=INFO msg="healthcheck ok rtt=5075ms"
2025-12-02T03:49:00Z svc=authz level=INFO msg="webhook delivery attempt 5564 succeeded"
2025-12-02T03:49:06Z svc=api level=INFO msg="healthcheck ok rtt=7391ms"
2025-12-02T03:49:20Z svc=authz level=INFO msg="cache eviction pass removed 6937 entries"
2025-12-02T03:49:23Z svc=api level=INFO msg="compaction finished, 324 segments merged"
2025-12-02T03:49:37Z svc=ingest level=INFO msg="webhook delivery attempt 3947 succeeded"
2025-12-02T03:49:47Z svc=billing level=INFO msg="batch 4323 committed"
2025-12-02T03:49:54Z svc=authz level=INFO msg="healthcheck ok rtt=7683ms"
2025-12-02T03:50:10Z svc=scheduler level=INFO msg="batch 4428 committed"
2025-12-02T03:50:25Z svc=ingest level=INFO msg="batch 5511 committed"
2025-12-02T03:50:42Z svc=search level=INFO msg="token refresh completed in 8368ms"
2025-12-02T03:50:57Z svc=api level=INFO msg="batch 5074 committed"
2025-12-02T03:51:10Z svc=search level=INFO msg="batch 3888 committed"
2025-12-02T03:51:20Z svc=search level=INFO msg="token refresh completed in 3348ms"
2025-12-02T03:51:24Z svc=scheduler level=INFO msg="healthcheck ok rtt=4397ms"
2025-12-02T03:51:32Z svc=billing level=INFO msg="token refresh completed in 8602ms"
2025-12-02T03:51:37Z svc=authz level=INFO msg="retry queue depth=650"
2025-12-02T03:51:41Z svc=ingest level=INFO msg="token refresh completed in 6272ms"
2025-12-02T03:51:58Z svc=billing level=INFO msg="retry queue depth=8713"
2025-12-02T03:52:09Z svc=authz level=INFO msg="compaction finished, 3325 segments merged"
2025-12-02T03:52:13Z svc=billing level=INFO msg="token refresh completed in 5886ms"
2025-12-02T03:52:17Z svc=search level=INFO msg="healthcheck ok rtt=8565ms"
2025-12-02T03:52:29Z svc=ingest level=INFO msg="healthcheck ok rtt=7026ms"
2025-12-02T03:52:46Z svc=scheduler level=INFO msg="cache eviction pass removed 210 entries"
2025-12-02T03:53:00Z svc=authz level=INFO msg="batch 6194 committed"
2025-12-02T03:53:11Z svc=api level=INFO msg="webhook delivery attempt 6273 succeeded"
2025-12-02T03:53:22Z svc=authz level=INFO msg="token refresh completed in 8498ms"
2025-12-02T03:53:29Z svc=scheduler level=INFO msg="cache eviction pass removed 7217 entries"
2025-12-02T03:53:32Z svc=api level=INFO msg="batch 9065 committed"
2025-12-02T03:53:44Z svc=scheduler level=INFO msg="compaction finished, 7684 segments merged"
2025-12-02T03:54:01Z svc=authz level=INFO msg="webhook delivery attempt 7139 succeeded"
2025-12-02T03:54:07Z svc=search level=INFO msg="retry queue depth=4922"
2025-12-02T03:54:18Z svc=api level=INFO msg="batch 7503 committed"
2025-12-02T03:54:22Z svc=authz level=INFO msg="compaction finished, 3592 segments merged"
2025-12-02T03:54:27Z svc=search level=INFO msg="compaction finished, 6915 segments merged"
2025-12-02T03:54:37Z svc=ingest level=INFO msg="batch 6895 committed"
2025-12-02T03:54:50Z svc=scheduler level=INFO msg="retry queue depth=5927"
2025-12-02T03:55:01Z svc=scheduler level=INFO msg="batch 6803 committed"
2025-12-02T03:55:14Z svc=ingest level=INFO msg="cache eviction pass removed 5746 entries"
2025-12-02T03:55:25Z svc=authz level=INFO msg="healthcheck ok rtt=4899ms"
2025-12-02T03:55:42Z svc=authz level=INFO msg="healthcheck ok rtt=6680ms"
2025-12-02T03:55:56Z svc=billing level=INFO msg="webhook delivery attempt 9026 succeeded"
2025-12-02T03:56:00Z svc=search level=INFO msg="retry queue depth=2452"
2025-12-02T03:56:17Z svc=scheduler level=INFO msg="healthcheck ok rtt=1696ms"
2025-12-02T03:56:27Z svc=scheduler level=INFO msg="batch 3822 committed"
2025-12-02T03:56:37Z svc=scheduler level=INFO msg="batch 3326 committed"
2025-12-02T03:56:52Z svc=authz level=INFO msg="compaction finished, 8865 segments merged"
2025-12-02T03:57:06Z svc=ingest level=INFO msg="cache eviction pass removed 8266 entries"
2025-12-02T03:57:22Z svc=search level=INFO msg="healthcheck ok rtt=1821ms"
2025-12-02T03:57:28Z svc=scheduler level=INFO msg="batch 3220 committed"
2025-12-02T03:57:39Z svc=api level=INFO msg="compaction finished, 1115 segments merged"
2025-12-02T03:57:47Z svc=api level=INFO msg="retry queue depth=5105"
2025-12-02T03:58:03Z svc=search level=INFO msg="webhook delivery attempt 4051 succeeded"
2025-12-02T03:58:14Z svc=billing level=INFO msg="healthcheck ok rtt=4854ms"
2025-12-02T03:58:28Z svc=scheduler level=INFO msg="retry queue depth=3133"
2025-12-02T03:58:45Z svc=ingest level=INFO msg="compaction finished, 1890 segments merged"
2025-12-02T03:58:57Z svc=search level=INFO msg="compaction finished, 3637 segments merged"
2025-12-02T03:59:04Z svc=authz level=INFO msg="webhook delivery attempt 5624 succeeded"
2025-12-02T03:59:09Z svc=search level=INFO msg="webhook delivery attempt 1701 succeeded"
2025-12-02T03:59:25Z svc=authz level=INFO msg="batch 513 committed"
2025-12-02T03:59:39Z svc=api level=INFO msg="retry queue depth=5818"
2025-12-02T03:59:53Z svc=billing level=INFO msg="token refresh completed in 7552ms"
2025-12-02T04:00:05Z svc=api level=INFO msg="webhook delivery attempt 6843 succeeded"
2025-12-02T04:00:15Z svc=authz level=INFO msg="compaction finished, 3284 segments merged"
2025-12-02T04:00:26Z svc=api level=INFO msg="token refresh completed in 4918ms"
2025-12-02T04:00:39Z svc=scheduler level=INFO msg="retry queue depth=1436"
2025-12-02T04:00:48Z svc=scheduler level=INFO msg="batch 1167 committed"
2025-12-02T04:01:03Z svc=scheduler level=INFO msg="retry queue depth=7389"
2025-12-02T04:01:12Z svc=authz level=INFO msg="webhook delivery attempt 576 succeeded"
2025-12-02T04:01:24Z svc=billing level=INFO msg="retry queue depth=3626"
2025-12-02T04:01:36Z svc=billing level=INFO msg="retry queue depth=9062"
2025-12-02T04:01:42Z svc=search level=INFO msg="compaction finished, 8807 segments merged"
2025-12-02T04:01:48Z svc=billing level=INFO msg="retry queue depth=1825"
2025-12-02T04:01:53Z svc=scheduler level=INFO msg="compaction finished, 4443 segments merged"
2025-12-02T04:02:01Z svc=api level=INFO msg="webhook delivery attempt 7809 succeeded"
2025-12-02T04:02:07Z svc=billing level=INFO msg="batch 4582 committed"
2025-12-02T04:02:16Z svc=api level=INFO msg="batch 956 committed"
2025-12-02T04:02:24Z svc=scheduler level=INFO msg="batch 6625 committed"
2025-12-02T04:02:30Z svc=scheduler level=INFO msg="retry queue depth=1488"
2025-12-02T04:02:44Z svc=authz level=INFO msg="cache eviction pass removed 7588 entries"
2025-12-02T04:02:48Z svc=api level=INFO msg="retry queue depth=6676"
2025-12-02T04:02:53Z svc=authz level=INFO msg="healthcheck ok rtt=1467ms"
2025-12-02T04:03:10Z svc=search level=INFO msg="batch 8525 committed"
2025-12-02T04:03:15Z svc=scheduler level=INFO msg="retry queue depth=2727"
2025-12-02T04:03:31Z svc=search level=INFO msg="token refresh completed in 1184ms"
2025-12-02T04:03:41Z svc=billing level=INFO msg="healthcheck ok rtt=2284ms"
2025-12-02T04:03:55Z svc=api level=INFO msg="compaction finished, 7141 segments merged"
2025-12-02T04:04:11Z svc=billing level=INFO msg="compaction finished, 6422 segments merged"
2025-12-02T04:04:28Z svc=search level=INFO msg="retry queue depth=484"
2025-12-02T04:04:43Z svc=search level=INFO msg="batch 8756 committed"
2025-12-02T04:04:50Z svc=authz level=INFO msg="token refresh completed in 8662ms"
2025-12-02T04:05:00Z svc=api level=INFO msg="compaction finished, 2444 segments merged"
2025-12-02T04:05:07Z svc=scheduler level=INFO msg="batch 4056 committed"
2025-12-02T04:05:15Z svc=search level=INFO msg="cache eviction pass removed 5305 entries"
2025-12-02T04:05:26Z svc=billing level=INFO msg="compaction finished, 7298 segments merged"
2025-12-02T04:05:37Z svc=authz level=INFO msg="healthcheck ok rtt=2620ms"
2025-12-02T04:05:40Z svc=search level=INFO msg="cache eviction pass removed 475 entries"
2025-12-02T04:05:46Z svc=ingest level=INFO msg="compaction finished, 8995 segments merged"
2025-12-02T04:05:58Z svc=ingest level=INFO msg="cache eviction pass removed 5874 entries"
2025-12-02T04:06:01Z svc=scheduler level=INFO msg="token refresh completed in 4011ms"
2025-12-02T04:06:18Z svc=api level=INFO msg="token refresh completed in 6161ms"
2025-12-02T04:06:26Z svc=billing level=INFO msg="token refresh completed in 6893ms"
2025-12-02T04:06:36Z svc=scheduler level=INFO msg="cache eviction pass removed 1587 entries"
2025-12-02T04:06:52Z svc=search level=INFO msg="healthcheck ok rtt=8622ms"
2025-12-02T04:07:07Z svc=billing level=INFO msg="batch 3103 committed"
2025-12-02T04:07:20Z svc=ingest level=INFO msg="batch 2376 committed"
2025-12-02T04:07:36Z svc=scheduler level=INFO msg="healthcheck ok rtt=5331ms"
2025-12-02T04:07:50Z svc=api level=INFO msg="batch 7954 committed"
2025-12-02T04:08:02Z svc=billing level=INFO msg="cache eviction pass removed 7135 entries"
2025-12-02T04:08:08Z svc=ingest level=INFO msg="token refresh completed in 4245ms"
2025-12-02T04:08:24Z svc=search level=INFO msg="retry queue depth=9477"
2025-12-02T04:08:27Z svc=scheduler level=INFO msg="token refresh completed in 5854ms"
2025-12-02T04:08:35Z svc=authz level=INFO msg="webhook delivery attempt 5791 succeeded"
2025-12-02T04:08:41Z svc=billing level=INFO msg="webhook delivery attempt 7973 succeeded"
2025-12-02T04:08:48Z svc=search level=INFO msg="webhook delivery attempt 2387 succeeded"
2025-12-02T04:09:05Z svc=search level=INFO msg="healthcheck ok rtt=3553ms"
2025-12-02T04:09:22Z svc=scheduler level=INFO msg="cache eviction pass removed 643 entries"
2025-12-02T04:09:26Z svc=authz level=INFO msg="retry queue depth=5813"
2025-12-02T04:09:39Z svc=api level=INFO msg="batch 9424 committed"
2025-12-02T04:09:42Z svc=billing level=INFO msg="healthcheck ok rtt=4515ms"
2025-12-02T04:09:56Z svc=authz level=INFO msg="cache eviction pass removed 1529 entries"
2025-12-02T04:10:08Z svc=scheduler level=INFO msg="compaction finished, 5047 segments merged"
2025-12-02T04:10:11Z svc=ingest level=INFO msg="batch 8890 committed"
2025-12-02T04:10:28Z svc=search level=INFO msg="token refresh completed in 4840ms"
2025-12-02T04:10:37Z svc=scheduler level=INFO msg="retry queue depth=9039"
2025-12-02T04:10:44Z svc=scheduler level=INFO msg="batch 1567 committed"
2025-12-02T04:10:57Z svc=api level=INFO msg="batch 2968 committed"
2025-12-02T04:11:13Z svc=search level=INFO msg="compaction finished, 7918 segments merged"
2025-12-02T04:11:23Z svc=ingest level=INFO msg="retry queue depth=6927"
2025-12-02T04:11:26Z svc=authz level=INFO msg="compaction finished, 4731 segments merged"
2025-12-02T04:11:36Z svc=search level=INFO msg="batch 4660 committed"
2025-12-02T04:11:46Z svc=ingest level=INFO msg="compaction finished, 4169 segments merged"
2025-12-02T04:11:59Z svc=scheduler level=INFO msg="token refresh completed in 3089ms"
2025-12-02T04:12:05Z svc=api level=INFO msg="compaction finished, 8514 segments merged"
2025-12-02T04:12:15Z svc=billing level=INFO msg="cache eviction pass removed 6849 entries"
2025-12-02T04:12:19Z svc=authz level=INFO msg="compaction finished, 2173 segments merged"
2025-12-02T04:12:26Z svc=authz level=INFO msg="compaction finished, 1197 segments merged"
2025-12-02T04:12:38Z svc=scheduler level=INFO msg="token refresh completed in 8601ms"
2025-12-02T04:12:41Z svc=search level=INFO msg="batch 634 committed"
2025-12-02T04:12:54Z svc=api level=INFO msg="cache eviction pass removed 6500 entries"
2025-12-02T04:13:05Z svc=ingest level=INFO msg="cache eviction pass removed 2315 entries"
2025-12-02T04:13:16Z svc=scheduler level=INFO msg="cache eviction pass removed 6272 entries"
2025-12-02T04:13:29Z svc=authz level=INFO msg="batch 4239 committed"
2025-12-02T04:13:43Z svc=search level=INFO msg="token refresh completed in 8413ms"
2025-12-02T04:13:46Z svc=ingest level=INFO msg="token refresh completed in 7283ms"
2025-12-02T04:14:01Z svc=scheduler level=INFO msg="cache eviction pass removed 8521 entries"
2025-12-02T04:14:13Z svc=ingest level=INFO msg="healthcheck ok rtt=9276ms"
2025-12-02T04:14:18Z svc=authz level=INFO msg="cache eviction pass removed 6756 entries"
2025-12-02T04:14:23Z svc=search level=INFO msg="cache eviction pass removed 9418 entries"
2025-12-02T04:14:40Z svc=ingest level=INFO msg="batch 5758 committed"
2025-12-02T04:14:57Z svc=api level=INFO msg="token refresh completed in 4999ms"
2025-12-02T04:15:10Z svc=scheduler level=INFO msg="batch 2870 committed"
2025-12-02T04:15:24Z svc=search level=INFO msg="healthcheck ok rtt=5700ms"
2025-12-02T04:15:41Z svc=search level=INFO msg="webhook delivery attempt 451 succeeded"
2025-12-02T04:15:55Z svc=authz level=INFO msg="retry queue depth=3014"
2025-12-02T04:16:12Z svc=ingest level=INFO msg="healthcheck ok rtt=4262ms"
2025-12-02T04:16:25Z svc=scheduler level=INFO msg="compaction finished, 2068 segments merged"
2025-12-02T04:16:34Z svc=authz level=INFO msg="retry queue depth=1449"
2025-12-02T04:16:44Z svc=api level=INFO msg="cache eviction pass removed 3563 entries"
2025-12-02T04:16:51Z svc=authz level=INFO msg="batch 2206 committed"
2025-12-02T04:16:59Z svc=scheduler level=INFO msg="healthcheck ok rtt=5755ms"
2025-12-02T04:17:05Z svc=search level=INFO msg="cache eviction pass removed 7462 entries"
2025-12-02T04:17:14Z svc=billing level=INFO msg="cache eviction pass removed 7234 entries"
2025-12-02T04:17:21Z svc=billing level=INFO msg="batch 92 committed"
2025-12-02T04:17:34Z svc=api level=INFO msg="retry queue depth=1002"
2025-12-02T04:17:51Z svc=search level=INFO msg="batch 5002 committed"
2025-12-02T04:18:08Z svc=api level=INFO msg="healthcheck ok rtt=3280ms"
2025-12-02T04:18:19Z svc=scheduler level=INFO msg="webhook delivery attempt 8367 succeeded"
2025-12-02T04:18:23Z svc=ingest level=INFO msg="batch 1359 committed"
2025-12-02T04:18:40Z svc=ingest level=INFO msg="cache eviction pass removed 6764 entries"
2025-12-02T04:18:54Z svc=scheduler level=INFO msg="healthcheck ok rtt=6000ms"
2025-12-02T04:19:11Z svc=authz level=INFO msg="retry queue depth=4881"
2025-12-02T04:19:16Z svc=api level=INFO msg="token refresh completed in 6998ms"
2025-12-02T04:19:19Z svc=scheduler level=INFO msg="webhook delivery attempt 1439 succeeded"
2025-12-02T04:19:30Z svc=scheduler level=INFO msg="webhook delivery attempt 1901 succeeded"
2025-12-02T04:19:47Z svc=search level=INFO msg="compaction finished, 3131 segments merged"
2025-12-02T04:19:50Z svc=billing level=INFO msg="batch 1501 committed"
2025-12-02T04:20:00Z svc=api level=INFO msg="token refresh completed in 7393ms"
2025-12-02T04:20:16Z svc=authz level=INFO msg="compaction finished, 7250 segments merged"
2025-12-02T04:20:24Z svc=ingest level=INFO msg="retry queue depth=5226"
2025-12-02T04:20:39Z svc=ingest level=INFO msg="webhook delivery attempt 1529 succeeded"
2025-12-02T04:20:54Z svc=billing level=INFO msg="retry queue depth=4007"
2025-12-02T04:21:03Z svc=authz level=INFO msg="cache eviction pass removed 3013 entries"
2025-12-02T04:21:20Z svc=ingest level=INFO msg="retry queue depth=5865"
2025-12-02T04:21:33Z svc=api level=INFO msg="cache eviction pass removed 5784 entries"
2025-12-02T04:21:46Z svc=authz level=INFO msg="token refresh completed in 3298ms"
2025-12-02T04:21:55Z svc=ingest level=INFO msg="compaction finished, 7476 segments merged"
2025-12-02T04:21:59Z svc=api level=INFO msg="retry queue depth=3537"
2025-12-02T04:22:16Z svc=api level=INFO msg="retry queue depth=5527"
2025-12-02T04:22:23Z svc=scheduler level=INFO msg="token refresh completed in 4279ms"
2025-12-02T04:22:39Z svc=ingest level=INFO msg="retry queue depth=8210"
2025-12-02T04:22:44Z svc=scheduler level=INFO msg="batch 4743 committed"
2025-12-02T04:22:59Z svc=ingest level=INFO msg="healthcheck ok rtt=215ms"
2025-12-02T04:23:02Z svc=scheduler level=INFO msg="retry queue depth=8582"
2025-12-02T04:23:16Z svc=search level=INFO msg="token refresh completed in 3268ms"
2025-12-02T04:23:26Z svc=search level=INFO msg="cache eviction pass removed 4548 entries"
2025-12-02T04:23:42Z svc=billing level=INFO msg="webhook delivery attempt 4179 succeeded"
2025-12-02T04:23:56Z svc=search level=INFO msg="compaction finished, 7011 segments merged"
2025-12-02T04:24:08Z svc=scheduler level=INFO msg="cache eviction pass removed 3128 entries"
2025-12-02T04:24:25Z svc=ingest level=INFO msg="webhook delivery attempt 481 succeeded"
2025-12-02T04:24:37Z svc=api level=INFO msg="webhook delivery attempt 427 succeeded"
2025-12-02T04:24:50Z svc=authz level=INFO msg="token refresh completed in 4779ms"
2025-12-02T04:25:06Z svc=search level=INFO msg="cache eviction pass removed 1681 entries"
2025-12-02T04:25:09Z svc=ingest level=INFO msg="compaction finished, 8320 segments merged"
2025-12-02T04:25:12Z svc=authz level=INFO msg="webhook delivery attempt 8005 succeeded"
2025-12-02T04:25:24Z svc=billing level=INFO msg="compaction finished, 8290 segments merged"
2025-12-02T04:25:29Z svc=authz level=INFO msg="healthcheck ok rtt=9136ms"
2025-12-02T04:25:38Z svc=scheduler level=INFO msg="compaction finished, 2393 segments merged"
2025-12-02T04:25:52Z svc=api level=INFO msg="webhook delivery attempt 8291 succeeded"
2025-12-02T04:26:05Z svc=authz level=INFO msg="compaction finished, 925 segments merged"
2025-12-02T04:26:21Z svc=api level=INFO msg="batch 7840 committed"
2025-12-02T04:26:36Z svc=scheduler level=INFO msg="healthcheck ok rtt=7886ms"
2025-12-02T04:26:41Z svc=search level=INFO msg="batch 8545 committed"
2025-12-02T04:26:58Z svc=search level=INFO msg="compaction finished, 3631 segments merged"
2025-12-02T04:27:09Z svc=search level=INFO msg="retry queue depth=9270"
2025-12-02T04:27:20Z svc=billing level=INFO msg="retry queue depth=8034"
2025-12-02T04:27:34Z svc=scheduler level=INFO msg="healthcheck ok rtt=9243ms"
2025-12-02T04:27:47Z svc=api level=INFO msg="batch 6163 committed"
2025-12-02T04:28:04Z svc=ingest level=INFO msg="retry queue depth=5474"
2025-12-02T04:28:12Z svc=scheduler level=INFO msg="compaction finished, 5389 segments merged"
2025-12-02T04:28:18Z svc=billing level=INFO msg="webhook delivery attempt 8141 succeeded"
2025-12-02T04:28:33Z svc=api level=INFO msg="compaction finished, 6345 segments merged"
2025-12-02T04:28:38Z svc=scheduler level=INFO msg="cache eviction pass removed 4923 entries"
2025-12-02T04:28:53Z svc=billing level=INFO msg="batch 7553 committed"
2025-12-02T04:29:05Z svc=billing level=INFO msg="healthcheck ok rtt=1486ms"
2025-12-02T04:29:08Z svc=billing level=INFO msg="webhook delivery attempt 4364 succeeded"
2025-12-02T04:29:19Z svc=scheduler level=INFO msg="compaction finished, 6326 segments merged"
2025-12-02T04:29:28Z svc=ingest level=INFO msg="compaction finished, 7746 segments merged"
2025-12-02T04:29:42Z svc=ingest level=INFO msg="healthcheck ok rtt=9021ms"
2025-12-02T04:29:48Z svc=scheduler level=INFO msg="batch 4568 committed"
2025-12-02T04:29:59Z svc=search level=INFO msg="retry queue depth=563"
2025-12-02T04:30:16Z svc=api level=INFO msg="retry queue depth=73"
2025-12-02T04:30:23Z svc=ingest level=INFO msg="cache eviction pass removed 5930 entries"
2025-12-02T04:30:29Z svc=ingest level=INFO msg="webhook delivery attempt 7963 succeeded"
2025-12-02T04:30:35Z svc=scheduler level=INFO msg="retry queue depth=4290"
2025-12-02T04:30:48Z svc=authz level=INFO msg="compaction finished, 3682 segments merged"
2025-12-02T04:30:53Z svc=search level=INFO msg="batch 5368 committed"
2025-12-02T04:31:02Z svc=api level=INFO msg="cache eviction pass removed 979 entries"
2025-12-02T04:31:16Z svc=ingest level=INFO msg="compaction finished, 6014 segments merged"
2025-12-02T04:31:27Z svc=authz level=INFO msg="healthcheck ok rtt=8916ms"
2025-12-02T04:31:33Z svc=authz level=INFO msg="retry queue depth=6827"
2025-12-02T04:31:48Z svc=authz level=INFO msg="healthcheck ok rtt=6209ms"
2025-12-02T04:31:51Z svc=api level=INFO msg="webhook delivery attempt 3982 succeeded"
2025-12-02T04:31:57Z svc=authz level=INFO msg="healthcheck ok rtt=5217ms"
2025-12-02T04:32:09Z svc=scheduler level=INFO msg="healthcheck ok rtt=5926ms"
2025-12-02T04:32:18Z svc=ingest level=INFO msg="healthcheck ok rtt=6871ms"
2025-12-02T04:32:27Z svc=billing level=INFO msg="retry queue depth=4141"
2025-12-02T04:32:42Z svc=authz level=INFO msg="healthcheck ok rtt=6846ms"
2025-12-02T04:32:53Z svc=search level=INFO msg="webhook delivery attempt 8331 succeeded"
2025-12-02T04:33:09Z svc=search level=INFO msg="cache eviction pass removed 1231 entries"
2025-12-02T04:33:24Z svc=search level=INFO msg="retry queue depth=93"
2025-12-02T04:33:27Z svc=scheduler level=INFO msg="compaction finished, 2589 segments merged"
2025-12-02T04:33:34Z svc=billing level=INFO msg="token refresh completed in 2204ms"
2025-12-02T04:33:45Z svc=search level=INFO msg="compaction finished, 1351 segments merged"
2025-12-02T04:34:00Z svc=search level=INFO msg="cache eviction pass removed 7217 entries"
2025-12-02T04:34:17Z svc=ingest level=INFO msg="token refresh completed in 4017ms"
2025-12-02T04:34:20Z svc=api level=INFO msg="cache eviction pass removed 5031 entries"
2025-12-02T04:34:36Z svc=ingest level=INFO msg="cache eviction pass removed 2193 entries"
2025-12-02T04:34:45Z svc=search level=INFO msg="cache eviction pass removed 5888 entries"
2025-12-02T04:34:52Z svc=scheduler level=INFO msg="healthcheck ok rtt=7561ms"
2025-12-02T04:34:55Z svc=api level=INFO msg="batch 5941 committed"
2025-12-02T04:35:03Z svc=ingest level=INFO msg="retry queue depth=7892"
2025-12-02T04:35:15Z svc=authz level=INFO msg="retry queue depth=4417"
2025-12-02T04:35:29Z svc=authz level=INFO msg="healthcheck ok rtt=8735ms"
2025-12-02T04:35:37Z svc=scheduler level=INFO msg="retry queue depth=6430"
2025-12-02T04:35:42Z svc=search level=INFO msg="retry queue depth=7074"
2025-12-02T04:35:55Z svc=ingest level=INFO msg="cache eviction pass removed 7368 entries"
2025-12-02T04:36:04Z svc=api level=INFO msg="healthcheck ok rtt=8333ms"
2025-12-02T04:36:16Z svc=authz level=INFO msg="cache eviction pass removed 1581 entries"
2025-12-02T04:36:19Z svc=billing level=INFO msg="healthcheck ok rtt=6569ms"
2025-12-02T04:36:25Z svc=scheduler level=INFO msg="healthcheck ok rtt=1100ms"
2025-12-02T04:36:41Z svc=api level=INFO msg="healthcheck ok rtt=8810ms"
2025-12-02T04:36:57Z svc=billing level=INFO msg="compaction finished, 4861 segments merged"
2025-12-02T04:37:02Z svc=api level=INFO msg="webhook delivery attempt 7614 succeeded"
2025-12-02T04:37:07Z svc=search level=INFO msg="healthcheck ok rtt=8224ms"
2025-12-02T04:37:16Z svc=search level=INFO msg="webhook delivery attempt 1861 succeeded"
2025-12-02T04:37:22Z svc=api level=INFO msg="healthcheck ok rtt=8884ms"
2025-12-02T04:37:39Z svc=api level=INFO msg="cache eviction pass removed 1518 entries"
2025-12-02T04:37:50Z svc=ingest level=INFO msg="webhook delivery attempt 338 succeeded"
2025-12-02T04:38:05Z svc=ingest level=INFO msg="retry queue depth=7741"
2025-12-02T04:38:08Z svc=scheduler level=INFO msg="healthcheck ok rtt=3234ms"
2025-12-02T04:38:23Z svc=api level=INFO msg="token refresh completed in 9337ms"
2025-12-02T04:38:37Z svc=scheduler level=INFO msg="healthcheck ok rtt=2911ms"
2025-12-02T04:38:51Z svc=ingest level=INFO msg="cache eviction pass removed 585 entries"
2025-12-02T04:39:06Z svc=ingest level=INFO msg="healthcheck ok rtt=8043ms"
2025-12-02T04:39:19Z svc=billing level=INFO msg="cache eviction pass removed 3044 entries"
2025-12-02T04:39:26Z svc=api level=INFO msg="retry queue depth=95"
2025-12-02T04:39:31Z svc=api level=INFO msg="retry queue depth=1161"
2025-12-02T04:39:36Z svc=authz level=INFO msg="cache eviction pass removed 835 entries"
2025-12-02T04:39:46Z svc=authz level=INFO msg="compaction finished, 8456 segments merged"
2025-12-02T04:39:57Z svc=scheduler level=INFO msg="healthcheck ok rtt=2590ms"
2025-12-02T04:40:07Z svc=ingest level=INFO msg="compaction finished, 7600 segments merged"
2025-12-02T04:40:21Z svc=search level=INFO msg="token refresh completed in 1355ms"
2025-12-02T04:40:30Z svc=billing level=INFO msg="token refresh completed in 5038ms"
2025-12-02T04:40:36Z svc=search level=INFO msg="webhook delivery attempt 1967 succeeded"
2025-12-02T04:40:50Z svc=scheduler level=INFO msg="retry queue depth=4001"
2025-12-02T04:40:54Z svc=ingest level=INFO msg="webhook delivery attempt 2547 succeeded"
2025-12-02T04:41:11Z svc=api level=INFO msg="compaction finished, 197 segments merged"
2025-12-02T04:41:14Z svc=authz level=INFO msg="healthcheck ok rtt=2191ms"
2025-12-02T04:41:24Z svc=search level=INFO msg="retry queue depth=7949"
2025-12-02T04:41:41Z svc=billing level=INFO msg="retry queue depth=5883"
2025-12-02T04:41:52Z svc=search level=INFO msg="cache eviction pass removed 7484 entries"
2025-12-02T04:42:05Z svc=billing level=INFO msg="healthcheck ok rtt=942ms"
2025-12-02T04:42:16Z svc=scheduler level=INFO msg="compaction finished, 7592 segments merged"
2025-12-02T04:42:32Z svc=authz level=INFO msg="cache eviction pass removed 7935 entries"
2025-12-02T04:42:47Z svc=ingest level=INFO msg="retry queue depth=6946"
2025-12-02T04:42:57Z svc=ingest level=INFO msg="compaction finished, 2954 segments merged"
2025-12-02T04:43:00Z svc=scheduler level=INFO msg="batch 693 committed"
2025-12-02T04:43:14Z svc=scheduler level=INFO msg="healthcheck ok rtt=2442ms"
2025-12-02T04:43:26Z svc=search level=INFO msg="compaction finished, 716 segments merged"
2025-12-02T04:43:40Z svc=authz level=INFO msg="healthcheck ok rtt=5861ms"
2025-12-02T04:43:52Z svc=authz level=INFO msg="batch 7567 committed"
2025-12-02T04:44:08Z svc=api level=INFO msg="retry queue depth=6331"
2025-12-02T04:44:24Z svc=api level=INFO msg="retry queue depth=8841"
2025-12-02T04:44:35Z svc=authz level=INFO msg="retry queue depth=675"
2025-12-02T04:44:40Z svc=api level=INFO msg="compaction finished, 1576 segments merged"
2025-12-02T04:44:44Z svc=billing level=INFO msg="retry queue depth=8789"
2025-12-02T04:44:51Z svc=search level=INFO msg="webhook delivery attempt 6775 succeeded"
2025-12-02T04:45:06Z svc=authz level=INFO msg="healthcheck ok rtt=8438ms"
2025-12-02T04:45:22Z svc=billing level=INFO msg="retry queue depth=7898"
2025-12-02T04:45:29Z svc=search level=INFO msg="cache eviction pass removed 4665 entries"
2025-12-02T04:45:42Z svc=billing level=INFO msg="retry queue depth=9121"
2025-12-02T04:45:46Z svc=ingest level=INFO msg="webhook delivery attempt 8979 succeeded"
2025-12-02T04:45:53Z svc=billing level=INFO msg="token refresh completed in 2383ms"
2025-12-02T04:46:03Z svc=authz level=INFO msg="batch 5966 committed"
2025-12-02T04:46:07Z svc=ingest level=INFO msg="cache eviction pass removed 5705 entries"
2025-12-02T04:46:23Z svc=api level=INFO msg="batch 7943 committed"
2025-12-02T04:46:34Z svc=search level=INFO msg="healthcheck ok rtt=7134ms"
2025-12-02T04:46:37Z svc=ingest level=INFO msg="compaction finished, 6097 segments merged"
2025-12-02T04:46:43Z svc=api level=INFO msg="healthcheck ok rtt=9298ms"
2025-12-02T04:47:00Z svc=scheduler level=INFO msg="retry queue depth=686"
2025-12-02T04:47:16Z svc=search level=INFO msg="retry queue depth=5952"
2025-12-02T04:47:30Z svc=authz level=INFO msg="webhook delivery attempt 4359 succeeded"
2025-12-02T04:47:46Z svc=ingest level=INFO msg="webhook delivery attempt 5252 succeeded"
2025-12-02T04:47:57Z svc=ingest level=INFO msg="token refresh completed in 8032ms"
2025-12-02T04:48:01Z svc=billing level=INFO msg="token refresh completed in 1067ms"
2025-12-02T04:48:13Z svc=search level=INFO msg="webhook delivery attempt 4549 succeeded"
2025-12-02T04:48:22Z svc=billing level=INFO msg="token refresh completed in 6810ms"
2025-12-02T04:48:28Z svc=scheduler level=INFO msg="cache eviction pass removed 2722 entries"
2025-12-02T04:48:35Z svc=scheduler level=INFO msg="healthcheck ok rtt=1513ms"
2025-12-02T04:48:43Z svc=billing level=INFO msg="healthcheck ok rtt=8893ms"
2025-12-02T04:48:51Z svc=api level=INFO msg="healthcheck ok rtt=3752ms"
2025-12-02T04:48:57Z svc=ingest level=INFO msg="webhook delivery attempt 3334 succeeded"
2025-12-02T04:49:00Z svc=api level=INFO msg="batch 6574 committed"
2025-12-02T04:49:11Z svc=scheduler level=INFO msg="compaction finished, 4125 segments merged"
2025-12-02T04:49:20Z svc=search level=INFO msg="cache eviction pass removed 8199 entries"
2025-12-02T04:49:34Z svc=api level=INFO msg="token refresh completed in 6321ms"
2025-12-02T04:49:41Z svc=api level=INFO msg="retry queue depth=186"
2025-12-02T04:49:46Z svc=ingest level=INFO msg="token refresh completed in 8152ms"
2025-12-02T04:49:56Z svc=ingest level=INFO msg="retry queue depth=6108"
2025-12-02T04:50:06Z svc=authz level=INFO msg="retry queue depth=1950"
2025-12-02T04:50:22Z svc=scheduler level=INFO msg="token refresh completed in 1885ms"
2025-12-02T04:50:37Z svc=billing level=INFO msg="compaction finished, 6336 segments merged"
2025-12-02T04:50:44Z svc=ingest level=INFO msg="webhook delivery attempt 2347 succeeded"
2025-12-02T04:50:53Z svc=ingest level=INFO msg="webhook delivery attempt 3700 succeeded"
2025-12-02T04:51:09Z svc=ingest level=INFO msg="batch 2750 committed"
2025-12-02T04:51:18Z svc=search level=INFO msg="token refresh completed in 316ms"
2025-12-02T04:51:24Z svc=scheduler level=INFO msg="webhook delivery attempt 2008 succeeded"
2025-12-02T04:51:32Z svc=authz level=INFO msg="healthcheck ok rtt=3071ms"
2025-12-02T04:51:46Z svc=authz level=INFO msg="token refresh completed in 5101ms"
2025-12-02T04:51:59Z svc=api level=INFO msg="cache eviction pass removed 3338 entries"
2025-12-02T04:52:11Z svc=authz level=INFO msg="compaction finished, 6998 segments merged"
2025-12-02T04:52:28Z svc=api level=INFO msg="cache eviction pass removed 2482 entries"
2025-12-02T04:52:42Z svc=ingest level=INFO msg="batch 6109 committed"
2025-12-02T04:52:58Z svc=billing level=INFO msg="compaction finished, 7604 segments merged"
2025-12-02T04:53:09Z svc=scheduler level=INFO msg="healthcheck ok rtt=4547ms"
2025-12-02T04:53:19Z svc=authz level=INFO msg="healthcheck ok rtt=6369ms"
2025-12-02T04:53:27Z svc=search level=INFO msg="retry queue depth=3996"
2025-12-02T04:53:34Z svc=scheduler level=INFO msg="compaction finished, 2648 segments merged"
2025-12-02T04:53:45Z svc=billing level=INFO msg="token refresh completed in 6695ms"
2025-12-02T04:53:51Z svc=authz level=INFO msg="healthcheck ok rtt=2740ms"
2025-12-02T04:54:01Z svc=billing level=INFO msg="healthcheck ok rtt=2490ms"
2025-12-02T04:54:18Z svc=ingest level=INFO msg="token refresh completed in 5411ms"
2025-12-02T04:54:30Z svc=search level=INFO msg="batch 8829 committed"
2025-12-02T04:54:35Z svc=authz level=INFO msg="token refresh completed in 1466ms"
2025-12-02T04:54:42Z svc=billing level=INFO msg="retry queue depth=9305"
2025-12-02T04:54:58Z svc=authz level=INFO msg="batch 5656 committed"
2025-12-02T04:55:01Z svc=authz level=INFO msg="batch 7783 committed"
2025-12-02T04:55:12Z svc=ingest level=INFO msg="batch 381 committed"
2025-12-02T04:55:23Z svc=scheduler level=INFO msg="webhook delivery attempt 9287 succeeded"
2025-12-02T04:55:34Z svc=api level=INFO msg="retry queue depth=48"
2025-12-02T04:55:45Z svc=ingest level=INFO msg="retry queue depth=579"
2025-12-02T04:56:00Z svc=scheduler level=INFO msg="cache eviction pass removed 3939 entries"
2025-12-02T04:56:05Z svc=ingest level=INFO msg="webhook delivery attempt 7427 succeeded"
2025-12-02T04:56:18Z svc=authz level=INFO msg="healthcheck ok rtt=5036ms"
2025-12-02T04:56:30Z svc=ingest level=INFO msg="healthcheck ok rtt=4066ms"
2025-12-02T04:56:33Z svc=scheduler level=INFO msg="compaction finished, 6924 segments merged"
2025-12-02T04:56:44Z svc=billing level=INFO msg="batch 6621 committed"
2025-12-02T04:56:54Z svc=ingest level=INFO msg="healthcheck ok rtt=8171ms"
2025-12-02T04:57:02Z svc=search level=INFO msg="compaction finished, 2090 segments merged"
2025-12-02T04:57:07Z svc=scheduler level=INFO msg="cache eviction pass removed 102 entries"
2025-12-02T04:57:13Z svc=ingest level=INFO msg="retry queue depth=3917"
2025-12-02T04:57:27Z svc=authz level=INFO msg="retry queue depth=3368"
2025-12-02T04:57:33Z svc=scheduler level=INFO msg="batch 7957 committed"
2025-12-02T04:57:45Z svc=authz level=INFO msg="retry queue depth=6297"
2025-12-02T04:57:58Z svc=search level=INFO msg="compaction finished, 583 segments merged"
2025-12-02T04:58:11Z svc=authz level=INFO msg="compaction finished, 5460 segments merged"
2025-12-02T04:58:27Z svc=search level=INFO msg="compaction finished, 9009 segments merged"
2025-12-02T04:58:42Z svc=api level=INFO msg="cache eviction pass removed 4340 entries"
2025-12-02T04:58:55Z svc=scheduler level=INFO msg="batch 44 committed"
2025-12-02T04:59:04Z svc=api level=INFO msg="retry queue depth=5434"
2025-12-02T04:59:20Z svc=billing level=INFO msg="token refresh completed in 7646ms"
2025-12-02T04:59:24Z svc=scheduler level=INFO msg="compaction finished, 1345 segments merged"
2025-12-02T04:59:33Z svc=scheduler level=INFO msg="retry queue depth=3939"
2025-12-02T04:59:44Z svc=authz level=INFO msg="retry queue depth=3861"
2025-12-02T04:59:57Z svc=scheduler level=INFO msg="retry queue depth=1444"
2025-12-02T05:00:10Z svc=billing level=INFO msg="compaction finished, 5906 segments merged"
2025-12-02T05:00:17Z svc=api level=INFO msg="webhook delivery attempt 6936 succeeded"
2025-12-02T05:00:22Z svc=authz level=INFO msg="cache eviction pass removed 5804 entries"
2025-12-02T05:00:25Z svc=api level=INFO msg="cache eviction pass removed 888 entries"
2025-12-02T05:00:39Z svc=api level=INFO msg="token refresh completed in 1213ms"
2025-12-02T05:00:43Z svc=scheduler level=INFO msg="healthcheck ok rtt=4523ms"
2025-12-02T05:00:52Z svc=search level=INFO msg="batch 8738 committed"
2025-12-02T05:00:59Z svc=search level=INFO msg="token refresh completed in 7912ms"
2025-12-02T05:01:11Z svc=billing level=INFO msg="webhook delivery attempt 2010 succeeded"
2025-12-02T05:01:21Z svc=search level=INFO msg="healthcheck ok rtt=5508ms"
2025-12-02T05:01:33Z svc=authz level=INFO msg="token refresh completed in 7888ms"
2025-12-02T05:01:45Z svc=billing level=INFO msg="compaction finished, 115 segments merged"
2025-12-02T05:02:01Z svc=search level=INFO msg="cache eviction pass removed 1077 entries"
2025-12-02T05:02:10Z svc=search level=INFO msg="batch 4908 committed"
2025-12-02T05:02:21Z svc=search level=INFO msg="healthcheck ok rtt=6878ms"
2025-12-02T05:02:28Z svc=ingest level=INFO msg="token refresh completed in 471ms"
2025-12-02T05:02:35Z svc=authz level=INFO msg="token refresh completed in 7708ms"
2025-12-02T05:02:52Z svc=authz level=INFO msg="healthcheck ok rtt=192ms"
2025-12-02T05:02:59Z svc=authz level=INFO msg="batch 3699 committed"
2025-12-02T05:03:16Z svc=authz level=INFO msg="webhook delivery attempt 7797 succeeded"
2025-12-02T05:03:28Z svc=scheduler level=INFO msg="healthcheck ok rtt=6592ms"
2025-12-02T05:03:42Z svc=search level=INFO msg="token refresh completed in 6017ms"
2025-12-02T05:03:52Z svc=scheduler level=INFO msg="compaction finished, 2277 segments merged"
2025-12-02T05:04:04Z svc=search level=INFO msg="retry queue depth=6597"
2025-12-02T05:04:15Z svc=billing level=INFO msg="retry queue depth=830"
2025-12-02T05:04:19Z svc=api level=INFO msg="webhook delivery attempt 4532 succeeded"
2025-12-02T05:04:27Z svc=authz level=INFO msg="batch 9377 committed"
2025-12-02T05:04:38Z svc=search level=INFO msg="webhook delivery attempt 5670 succeeded"
2025-12-02T05:04:46Z svc=billing level=INFO msg="healthcheck ok rtt=5635ms"
2025-12-02T05:04:52Z svc=ingest level=INFO msg="retry queue depth=5955"
2025-12-02T05:05:02Z svc=authz level=INFO msg="healthcheck ok rtt=7420ms"
2025-12-02T05:05:11Z svc=ingest level=INFO msg="compaction finished, 1330 segments merged"
2025-12-02T05:05:17Z svc=billing level=INFO msg="batch 3387 committed"
2025-12-02T05:05:32Z svc=search level=INFO msg="token refresh completed in 3023ms"
2025-12-02T05:05:45Z svc=scheduler level=INFO msg="cache eviction pass removed 7114 entries"
2025-12-02T05:05:55Z svc=ingest level=INFO msg="retry queue depth=6572"
2025-12-02T05:05:59Z svc=ingest level=INFO msg="retry queue depth=5073"
2025-12-02T05:06:03Z svc=search level=INFO msg="healthcheck ok rtt=4895ms"
2025-12-02T05:06:10Z svc=scheduler level=INFO msg="compaction finished, 8148 segments merged"
2025-12-02T05:06:25Z svc=authz level=INFO msg="webhook delivery attempt 2955 succeeded"
2025-12-02T05:06:38Z svc=scheduler level=INFO msg="batch 725 committed"
2025-12-02T05:06:44Z svc=billing level=INFO msg="compaction finished, 9145 segments merged"
2025-12-02T05:06:48Z svc=billing level=INFO msg="cache eviction pass removed 2894 entries"
2025-12-02T05:06:59Z svc=billing level=INFO msg="compaction finished, 4368 segments merged"
2025-12-02T05:07:04Z svc=api level=INFO msg="healthcheck ok rtt=7676ms"
2025-12-02T05:07:07Z svc=api level=INFO msg="token refresh completed in 6070ms"
2025-12-02T05:07:14Z svc=authz level=INFO msg="webhook delivery attempt 4577 succeeded"
2025-12-02T05:07:21Z svc=api level=INFO msg="batch 6525 committed"
2025-12-02T05:07:37Z svc=search level=INFO msg="cache eviction pass removed 3425 entries"
2025-12-02T05:07:40Z svc=ingest level=INFO msg="healthcheck ok rtt=9416ms"
2025-12-02T05:07:53Z svc=scheduler level=INFO msg="token refresh completed in 6230ms"
2025-12-02T05:08:01Z svc=billing level=INFO msg="retry queue depth=1855"
2025-12-02T05:08:12Z svc=search level=INFO msg="retry queue depth=421"
2025-12-02T05:08:15Z svc=ingest level=INFO msg="retry queue depth=3303"
2025-12-02T05:08:29Z svc=authz level=INFO msg="token refresh completed in 7107ms"
2025-12-02T05:08:34Z svc=authz level=INFO msg="cache eviction pass removed 611 entries"
2025-12-02T05:08:42Z svc=scheduler level=INFO msg="healthcheck ok rtt=5995ms"
2025-12-02T05:08:47Z svc=scheduler level=INFO msg="healthcheck ok rtt=5067ms"
2025-12-02T05:09:01Z svc=scheduler level=INFO msg="cache eviction pass removed 9273 entries"
2025-12-02T05:09:14Z svc=api level=INFO msg="retry queue depth=3801"
2025-12-02T05:09:20Z svc=search level=INFO msg="token refresh completed in 4480ms"
2025-12-02T05:09:24Z svc=ingest level=INFO msg="healthcheck ok rtt=1716ms"
2025-12-02T05:09:27Z svc=scheduler level=INFO msg="token refresh completed in 4034ms"
2025-12-02T05:09:43Z svc=authz level=INFO msg="healthcheck ok rtt=4517ms"
2025-12-02T05:10:00Z svc=scheduler level=INFO msg="compaction finished, 4579 segments merged"
2025-12-02T05:10:15Z svc=scheduler level=INFO msg="compaction finished, 3577 segments merged"
2025-12-02T05:10:18Z svc=search level=INFO msg="retry queue depth=496"
2025-12-02T05:10:25Z svc=search level=INFO msg="cache eviction pass removed 5552 entries"
2025-12-02T05:10:40Z svc=scheduler level=INFO msg="cache eviction pass removed 6583 entries"
2025-12-02T05:10:49Z svc=scheduler level=INFO msg="batch 3721 committed"
2025-12-02T05:11:06Z svc=scheduler level=INFO msg="webhook delivery attempt 2508 succeeded"
2025-12-02T05:11:17Z svc=scheduler level=INFO msg="token refresh completed in 7120ms"
2025-12-02T05:11:29Z svc=api level=INFO msg="batch 599 committed"
2025-12-02T05:11:46Z svc=ingest level=INFO msg="token refresh completed in 5004ms"
2025-12-02T05:12:03Z svc=authz level=INFO msg="compaction finished, 4823 segments merged"
2025-12-02T05:12:11Z svc=billing level=INFO msg="batch 1417 committed"
2025-12-02T05:12:27Z svc=search level=INFO msg="compaction finished, 3150 segments merged"
2025-12-02T05:12:43Z svc=billing level=INFO msg="retry queue depth=581"
2025-12-02T05:12:46Z svc=search level=INFO msg="token refresh completed in 6741ms"
2025-12-02T05:13:00Z svc=ingest level=INFO msg="cache eviction pass removed 6418 entries"
2025-12-02T05:13:07Z svc=authz level=INFO msg="compaction finished, 776 segments merged"
2025-12-02T05:13:23Z svc=api level=INFO msg="compaction finished, 1387 segments merged"
2025-12-02T05:13:37Z svc=api level=INFO msg="compaction finished, 5474 segments merged"
2025-12-02T05:13:41Z svc=scheduler level=INFO msg="compaction finished, 3820 segments merged"
2025-12-02T05:13:51Z svc=scheduler level=INFO msg="retry queue depth=5760"
2025-12-02T05:14:03Z svc=scheduler level=INFO msg="compaction finished, 6604 segments merged"
2025-12-02T05:14:13Z svc=api level=INFO msg="batch 4235 committed"
2025-12-02T05:14:26Z svc=api level=INFO msg="healthcheck ok rtt=3771ms"
2025-12-02T05:14:39Z svc=authz level=INFO msg="cache eviction pass removed 1740 entries"
2025-12-02T05:14:56Z svc=ingest level=INFO msg="webhook delivery attempt 8847 succeeded"
2025-12-02T05:15:05Z svc=api level=INFO msg="compaction finished, 7560 segments merged"
2025-12-02T05:15:16Z svc=api level=INFO msg="batch 6042 committed"
2025-12-02T05:15:25Z svc=search level=INFO msg="batch 5651 committed"
2025-12-02T05:15:33Z svc=ingest level=INFO msg="retry queue depth=7928"
2025-12-02T05:15:40Z svc=billing level=INFO msg="token refresh completed in 9047ms"
2025-12-02T05:15:53Z svc=ingest level=INFO msg="batch 2217 committed"
2025-12-02T05:15:59Z svc=ingest level=INFO msg="webhook delivery attempt 533 succeeded"
2025-12-02T05:16:09Z svc=scheduler level=INFO msg="cache eviction pass removed 8360 entries"
2025-12-02T05:16:26Z svc=billing level=INFO msg="batch 5335 committed"
2025-12-02T05:16:41Z svc=ingest level=INFO msg="healthcheck ok rtt=1737ms"
2025-12-02T05:16:46Z svc=authz level=INFO msg="retry queue depth=9037"
2025-12-02T05:17:03Z svc=ingest level=INFO msg="token refresh completed in 4929ms"
2025-12-02T05:17:06Z svc=api level=INFO msg="compaction finished, 6916 segments merged"
2025-12-02T05:17:21Z svc=ingest level=INFO msg="token refresh completed in 4141ms"
2025-12-02T05:17:35Z svc=scheduler level=INFO msg="cache eviction pass removed 2509 entries"
2025-12-02T05:17:52Z svc=search level=INFO msg="token refresh completed in 6656ms"
2025-12-02T05:17:55Z svc=ingest level=INFO msg="retry queue depth=6045"
2025-12-02T05:17:59Z svc=billing level=INFO msg="retry queue depth=1133"
2025-12-02T05:18:11Z svc=search level=INFO msg="healthcheck ok rtt=5788ms"
2025-12-02T05:18:17Z svc=billing level=INFO msg="webhook delivery attempt 1349 succeeded"
2025-12-02T05:18:30Z svc=search level=INFO msg="batch 2234 committed"
2025-12-02T05:18:40Z svc=authz level=INFO msg="healthcheck ok rtt=6650ms"
2025-12-02T05:18:55Z svc=authz level=INFO msg="compaction finished, 2939 segments merged"
2025-12-02T05:19:01Z svc=search level=INFO msg="webhook delivery attempt 1845 succeeded"
2025-12-02T05:19:16Z svc=ingest level=INFO msg="batch 8248 committed"
2025-12-02T05:19:28Z svc=billing level=INFO msg="healthcheck ok rtt=3183ms"
2025-12-02T05:19:31Z svc=authz level=INFO msg="retry queue depth=5015"
2025-12-02T05:19:39Z svc=ingest level=INFO msg="webhook delivery attempt 5421 succeeded"
2025-12-02T05:19:46Z svc=scheduler level=INFO msg="compaction finished, 9351 segments merged"
2025-12-02T05:19:58Z svc=billing level=INFO msg="cache eviction pass removed 4252 entries"
2025-12-02T05:20:08Z svc=search level=INFO msg="healthcheck ok rtt=4713ms"
2025-12-02T05:20:18Z svc=api level=INFO msg="retry queue depth=8880"
2025-12-02T05:20:35Z svc=scheduler level=INFO msg="token refresh completed in 1779ms"
2025-12-02T05:20:42Z svc=api level=INFO msg="batch 3301 committed"
2025-12-02T05:20:47Z svc=billing level=INFO msg="retry queue depth=7288"
2025-12-02T05:21:01Z svc=api level=INFO msg="batch 8016 committed"
2025-12-02T05:21:18Z svc=search level=INFO msg="retry queue depth=7946"
2025-12-02T05:21:26Z svc=api level=INFO msg="batch 8850 committed"
2025-12-02T05:21:32Z svc=ingest level=INFO msg="webhook delivery attempt 546 succeeded"
2025-12-02T05:21:37Z svc=scheduler level=INFO msg="healthcheck ok rtt=3179ms"
2025-12-02T05:21:43Z svc=api level=INFO msg="cache eviction pass removed 1899 entries"
2025-12-02T05:21:48Z svc=authz level=INFO msg="compaction finished, 9206 segments merged"
2025-12-02T05:21:59Z svc=ingest level=INFO msg="compaction finished, 2403 segments merged"
2025-12-02T05:22:10Z svc=authz level=INFO msg="token refresh completed in 4786ms"
2025-12-02T05:22:13Z svc=ingest level=INFO msg="retry queue depth=4739"
2025-12-02T05:22:21Z svc=authz level=INFO msg="webhook delivery attempt 4868 succeeded"
2025-12-02T05:22:32Z svc=search level=INFO msg="token refresh completed in 4887ms"
2025-12-02T05:22:46Z svc=authz level=INFO msg="compaction finished, 4623 segments merged"
2025-12-02T05:23:02Z svc=ingest level=INFO msg="cache eviction pass removed 6358 entries"
2025-12-02T05:23:08Z svc=search level=INFO msg="batch 2524 committed"
2025-12-02T05:23:21Z svc=search level=INFO msg="healthcheck ok rtt=834ms"
2025-12-02T05:23:29Z svc=authz level=INFO msg="healthcheck ok rtt=6409ms"
2025-12-02T05:23:37Z svc=ingest level=INFO msg="cache eviction pass removed 4656 entries"
2025-12-02T05:23:48Z svc=search level=INFO msg="webhook delivery attempt 1470 succeeded"
2025-12-02T05:24:03Z svc=billing level=INFO msg="healthcheck ok rtt=7271ms"
2025-12-02T05:24:15Z svc=authz level=INFO msg="healthcheck ok rtt=2377ms"
2025-12-02T05:24:23Z svc=authz level=INFO msg="batch 873 committed"
2025-12-02T05:24:35Z svc=search level=INFO msg="compaction finished, 7030 segments merged"
2025-12-02T05:24:39Z svc=search level=INFO msg="retry queue depth=1658"
2025-12-02T05:24:54Z svc=authz level=INFO msg="cache eviction pass removed 1795 entries"
2025-12-02T05:24:59Z svc=search level=INFO msg="compaction finished, 4488 segments merged"
2025-12-02T05:25:12Z svc=billing level=INFO msg="compaction finished, 1404 segments merged"
2025-12-02T05:25:16Z svc=scheduler level=INFO msg="cache eviction pass removed 5514 entries"
2025-12-02T05:25:30Z svc=api level=INFO msg="healthcheck ok rtt=785ms"
2025-12-02T05:25:46Z svc=ingest level=INFO msg="retry queue depth=5587"
2025-12-02T05:25:56Z svc=authz level=INFO msg="batch 2211 committed"
2025-12-02T05:26:12Z svc=billing level=INFO msg="cache eviction pass removed 4828 entries"
2025-12-02T05:26:25Z svc=scheduler level=INFO msg="retry queue depth=2910"
2025-12-02T05:26:40Z svc=ingest level=INFO msg="token refresh completed in 950ms"
2025-12-02T05:26:52Z svc=billing level=INFO msg="healthcheck ok rtt=6236ms"
2025-12-02T05:26:57Z svc=ingest level=INFO msg="compaction finished, 7776 segments merged"
2025-12-02T05:27:09Z svc=search level=INFO msg="token refresh completed in 6889ms"
2025-12-02T05:27:22Z svc=search level=INFO msg="compaction finished, 8339 segments merged"
2025-12-02T05:27:35Z svc=search level=INFO msg="webhook delivery attempt 268 succeeded"
2025-12-02T05:27:50Z svc=ingest level=INFO msg="compaction finished, 6942 segments merged"
2025-12-02T05:27:54Z svc=authz level=INFO msg="token refresh completed in 6294ms"
2025-12-02T05:28:07Z svc=billing level=INFO msg="compaction finished, 6784 segments merged"
2025-12-02T05:28:12Z svc=ingest level=INFO msg="retry queue depth=4316"
2025-12-02T05:28:28Z svc=authz level=INFO msg="batch 2234 committed"
2025-12-02T05:28:43Z svc=ingest level=INFO msg="healthcheck ok rtt=7002ms"
2025-12-02T05:28:48Z svc=billing level=INFO msg="webhook delivery attempt 6161 succeeded"
2025-12-02T05:29:03Z svc=search level=INFO msg="webhook delivery attempt 1157 succeeded"
2025-12-02T05:29:06Z svc=scheduler level=INFO msg="cache eviction pass removed 9141 entries"
2025-12-02T05:29:13Z svc=api level=INFO msg="cache eviction pass removed 3319 entries"
2025-12-02T05:29:26Z svc=scheduler level=INFO msg="healthcheck ok rtt=2669ms"
2025-12-02T05:29:34Z svc=authz level=INFO msg="cache eviction pass removed 3070 entries"
2025-12-02T05:29:46Z svc=billing level=INFO msg="token refresh completed in 7303ms"
2025-12-02T05:29:57Z svc=ingest level=INFO msg="webhook delivery attempt 743 succeeded"
2025-12-02T05:30:12Z svc=search level=INFO msg="compaction finished, 2536 segments merged"
2025-12-02T05:30:20Z svc=search level=INFO msg="cache eviction pass removed 3083 entries"
2025-12-02T05:30:25Z svc=api level=INFO msg="cache eviction pass removed 6319 entries"
2025-12-02T05:30:33Z svc=authz level=INFO msg="batch 3349 committed"
2025-12-02T05:30:45Z svc=api level=INFO msg="healthcheck ok rtt=6478ms"
2025-12-02T05:31:02Z svc=search level=INFO msg="cache eviction pass removed 7116 entries"
2025-12-02T05:31:18Z svc=api level=INFO msg="batch 2913 committed"
2025-12-02T05:31:29Z svc=scheduler level=INFO msg="token refresh completed in 2399ms"
2025-12-02T05:31:41Z svc=api level=INFO msg="healthcheck ok rtt=5981ms"
2025-12-02T05:31:52Z svc=authz level=INFO msg="cache eviction pass removed 477 entries"
2025-12-02T05:32:05Z svc=ingest level=INFO msg="compaction finished, 258 segments merged"
2025-12-02T05:32:20Z svc=ingest level=INFO msg="retry queue depth=736"
2025-12-02T05:32:28Z svc=search level=INFO msg="webhook delivery attempt 6740 succeeded"
2025-12-02T05:32:32Z svc=api level=INFO msg="token refresh completed in 251ms"
2025-12-02T05:32:44Z svc=scheduler level=INFO msg="cache eviction pass removed 585 entries"
2025-12-02T05:32:48Z svc=api level=INFO msg="webhook delivery attempt 5333 succeeded"
2025-12-02T05:33:00Z svc=authz level=INFO msg="token refresh completed in 731ms"
2025-12-02T05:33:16Z svc=api level=INFO msg="compaction finished, 8783 segments merged"
2025-12-02T05:33:33Z svc=search level=INFO msg="retry queue depth=3038"
2025-12-02T05:33:50Z svc=scheduler level=INFO msg="retry queue depth=5753"
2025-12-02T05:33:53Z svc=scheduler level=INFO msg="webhook delivery attempt 2928 succeeded"
2025-12-02T05:34:02Z svc=search level=INFO msg="compaction finished, 3683 segments merged"
2025-12-02T05:34:08Z svc=search level=INFO msg="webhook delivery attempt 1673 succeeded"
2025-12-02T05:34:20Z svc=authz level=INFO msg="batch 8977 committed"
2025-12-02T05:34:26Z svc=api level=INFO msg="webhook delivery attempt 970 succeeded"
2025-12-02T05:34:33Z svc=ingest level=INFO msg="token refresh completed in 8625ms"
2025-12-02T05:34:42Z svc=api level=INFO msg="webhook delivery attempt 7068 succeeded"
2025-12-02T05:34:59Z svc=api level=INFO msg="healthcheck ok rtt=862ms"
2025-12-02T05:35:12Z svc=billing level=INFO msg="compaction finished, 7611 segments merged"
2025-12-02T05:35:15Z svc=api level=INFO msg="healthcheck ok rtt=4021ms"
2025-12-02T05:35:28Z svc=api level=INFO msg="retry queue depth=5297"
2025-12-02T05:35:41Z svc=billing level=INFO msg="batch 5541 committed"
2025-12-02T05:35:44Z svc=search level=INFO msg="batch 5839 committed"
2025-12-02T05:35:47Z svc=search level=INFO msg="compaction finished, 1512 segments merged"
2025-12-02T05:35:51Z svc=scheduler level=INFO msg="cache eviction pass removed 4265 entries"
2025-12-02T05:35:58Z svc=search level=INFO msg="token refresh completed in 4376ms"
2025-12-02T05:36:14Z svc=search level=INFO msg="retry queue depth=6746"
2025-12-02T05:36:29Z svc=authz level=INFO msg="token refresh completed in 4477ms"
2025-12-02T05:36:46Z svc=authz level=INFO msg="retry queue depth=188"
2025-12-02T05:36:58Z svc=authz level=INFO msg="token refresh completed in 8017ms"
2025-12-02T05:37:11Z svc=billing level=INFO msg="batch 8293 committed"
2025-12-02T05:37:26Z svc=search level=INFO msg="webhook delivery attempt 9448 succeeded"
2025-12-02T05:37:35Z svc=search level=INFO msg="batch 2223 committed"
2025-12-02T05:37:44Z svc=authz level=INFO msg="token refresh completed in 4035ms"
2025-12-02T05:37:51Z svc=ingest level=INFO msg="compaction finished, 8184 segments merged"
2025-12-02T05:38:00Z svc=scheduler level=INFO msg="batch 6666 committed"
2025-12-02T05:38:05Z svc=billing level=INFO msg="healthcheck ok rtt=2041ms"
2025-12-02T05:38:21Z svc=ingest level=INFO msg="healthcheck ok rtt=838ms"
2025-12-02T05:38:30Z svc=ingest level=INFO msg="cache eviction pass removed 5559 entries"
2025-12-02T05:38:47Z svc=scheduler level=INFO msg="batch 9263 committed"
2025-12-02T05:38:59Z svc=billing level=INFO msg="cache eviction pass removed 5488 entries"
2025-12-02T05:39:06Z svc=search level=INFO msg="token refresh completed in 844ms"
2025-12-02T05:39:21Z svc=api level=INFO msg="batch 6205 committed"
2025-12-02T05:39:31Z svc=authz level=INFO msg="token refresh completed in 6303ms"
2025-12-02T05:39:41Z svc=scheduler level=INFO msg="webhook delivery attempt 2926 succeeded"
2025-12-02T05:39:51Z svc=ingest level=INFO msg="webhook delivery attempt 822 succeeded"
2025-12-02T05:39:59Z svc=api level=INFO msg="token refresh completed in 5430ms"
2025-12-02T05:40:06Z svc=authz level=INFO msg="webhook delivery attempt 8533 succeeded"
2025-12-02T05:40:16Z svc=ingest level=INFO msg="healthcheck ok rtt=6132ms"
2025-12-02T05:40:19Z svc=ingest level=INFO msg="token refresh completed in 4866ms"
2025-12-02T05:40:34Z svc=api level=INFO msg="token refresh completed in 8798ms"
2025-12-02T05:40:39Z svc=search level=INFO msg="compaction finished, 2181 segments merged"
2025-12-02T05:40:52Z svc=search level=INFO msg="cache eviction pass removed 4061 entries"
2025-12-02T05:41:09Z svc=ingest level=INFO msg="compaction finished, 2966 segments merged"
2025-12-02T05:41:15Z svc=billing level=INFO msg="batch 9240 committed"
2025-12-02T05:41:27Z svc=authz level=INFO msg="cache eviction pass removed 3620 entries"
2025-12-02T05:41:33Z svc=api level=INFO msg="token refresh completed in 2115ms"
2025-12-02T05:41:37Z svc=ingest level=INFO msg="healthcheck ok rtt=3525ms"
2025-12-02T05:41:41Z svc=scheduler level=INFO msg="batch 3768 committed"
2025-12-02T05:41:51Z svc=api level=INFO msg="cache eviction pass removed 2430 entries"
2025-12-02T05:41:57Z svc=scheduler level=INFO msg="cache eviction pass removed 7528 entries"
2025-12-02T05:42:04Z svc=api level=INFO msg="compaction finished, 7076 segments merged"
2025-12-02T05:42:08Z svc=scheduler level=INFO msg="token refresh completed in 9307ms"
2025-12-02T05:42:20Z svc=api level=INFO msg="webhook delivery attempt 8023 succeeded"
2025-12-02T05:42:31Z svc=billing level=INFO msg="webhook delivery attempt 4279 succeeded"
2025-12-02T05:42:44Z svc=search level=INFO msg="batch 7724 committed"
2025-12-02T05:42:59Z svc=ingest level=INFO msg="compaction finished, 7040 segments merged"
2025-12-02T05:43:05Z svc=billing level=INFO msg="batch 4221 committed"
2025-12-02T05:43:20Z svc=billing level=INFO msg="cache eviction pass removed 2917 entries"
2025-12-02T05:43:37Z svc=search level=INFO msg="batch 225 committed"
2025-12-02T05:43:45Z svc=api level=INFO msg="token refresh completed in 7824ms"
2025-12-02T05:43:51Z svc=scheduler level=INFO msg="cache eviction pass removed 5001 entries"
2025-12-02T05:43:56Z svc=api level=INFO msg="healthcheck ok rtt=3664ms"
2025-12-02T05:44:02Z svc=authz level=INFO msg="compaction finished, 5022 segments merged"
2025-12-02T05:44:16Z svc=scheduler level=INFO msg="retry queue depth=571"
2025-12-02T05:44:30Z svc=search level=INFO msg="cache eviction pass removed 4627 entries"
2025-12-02T05:44:47Z svc=api level=INFO msg="retry queue depth=1022"
2025-12-02T05:44:56Z svc=ingest level=INFO msg="retry queue depth=404"
2025-12-02T05:45:00Z svc=scheduler level=INFO msg="token refresh completed in 1977ms"
2025-12-02T05:45:09Z svc=ingest level=INFO msg="compaction finished, 8263 segments merged"
2025-12-02T05:45:26Z svc=billing level=INFO msg="token refresh completed in 3577ms"
2025-12-02T05:45:41Z svc=authz level=INFO msg="token refresh completed in 242ms"
2025-12-02T05:45:50Z svc=scheduler level=INFO msg="retry queue depth=5313"
2025-12-02T05:45:54Z svc=authz level=INFO msg="cache eviction pass removed 4350 entries"
2025-12-02T05:46:10Z svc=authz level=INFO msg="compaction finished, 1918 segments merged"
2025-12-02T05:46:22Z svc=ingest level=INFO msg="compaction finished, 6996 segments merged"
2025-12-02T05:46:26Z svc=ingest level=INFO msg="healthcheck ok rtt=3124ms"
2025-12-02T05:46:41Z svc=api level=INFO msg="cache eviction pass removed 7176 entries"
2025-12-02T05:46:45Z svc=billing level=INFO msg="retry queue depth=306"
2025-12-02T05:46:55Z svc=scheduler level=INFO msg="cache eviction pass removed 2508 entries"
2025-12-02T05:47:00Z svc=search level=INFO msg="webhook delivery attempt 5481 succeeded"
2025-12-02T05:47:13Z svc=billing level=INFO msg="retry queue depth=4559"
2025-12-02T05:47:27Z svc=ingest level=INFO msg="token refresh completed in 5758ms"
2025-12-02T05:47:30Z svc=authz level=INFO msg="batch 2966 committed"
2025-12-02T05:47:45Z svc=api level=INFO msg="webhook delivery attempt 135 succeeded"
2025-12-02T05:47:59Z svc=ingest level=INFO msg="cache eviction pass removed 3013 entries"
2025-12-02T05:48:14Z svc=ingest level=INFO msg="retry queue depth=4572"
2025-12-02T05:48:28Z svc=scheduler level=INFO msg="compaction finished, 3773 segments merged"
2025-12-02T05:48:34Z svc=search level=INFO msg="compaction finished, 3385 segments merged"
2025-12-02T05:48:51Z svc=api level=INFO msg="healthcheck ok rtt=3422ms"
2025-12-02T05:48:56Z svc=billing level=INFO msg="cache eviction pass removed 317 entries"
2025-12-02T05:49:06Z svc=ingest level=INFO msg="healthcheck ok rtt=4209ms"
2025-12-02T05:49:15Z svc=billing level=INFO msg="cache eviction pass removed 4404 entries"
2025-12-02T05:49:25Z svc=ingest level=INFO msg="compaction finished, 3624 segments merged"
2025-12-02T05:49:40Z svc=scheduler level=INFO msg="retry queue depth=9135"
2025-12-02T05:49:55Z svc=billing level=INFO msg="retry queue depth=1810"
2025-12-02T05:49:59Z svc=authz level=INFO msg="batch 3611 committed"
2025-12-02T05:50:10Z svc=api level=INFO msg="compaction finished, 4331 segments merged"
2025-12-02T05:50:26Z svc=ingest level=INFO msg="compaction finished, 5825 segments merged"
2025-12-02T05:50:36Z svc=billing level=INFO msg="cache eviction pass removed 2880 entries"
2025-12-02T05:50:43Z svc=billing level=INFO msg="healthcheck ok rtt=5123ms"
2025-12-02T05:50:58Z svc=search level=INFO msg="compaction finished, 7820 segments merged"
2025-12-02T05:51:10Z svc=scheduler level=INFO msg="webhook delivery attempt 8749 succeeded"
2025-12-02T05:51:18Z svc=authz level=INFO msg="webhook delivery attempt 8385 succeeded"
2025-12-02T05:51:27Z svc=billing level=INFO msg="webhook delivery attempt 3594 succeeded"
2025-12-02T05:51:31Z svc=api level=INFO msg="webhook delivery attempt 5070 succeeded"
2025-12-02T05:51:47Z svc=scheduler level=INFO msg="cache eviction pass removed 2904 entries"
2025-12-02T05:51:50Z svc=search level=INFO msg="webhook delivery attempt 2970 succeeded"
2025-12-02T05:52:05Z svc=scheduler level=INFO msg="token refresh completed in 3994ms"
2025-12-02T05:52:14Z svc=scheduler level=INFO msg="batch 2908 committed"
2025-12-02T05:52:30Z svc=ingest level=INFO msg="token refresh completed in 4091ms"
2025-12-02T05:52:38Z svc=ingest level=INFO msg="healthcheck ok rtt=4625ms"
2025-12-02T05:52:46Z svc=api level=INFO msg="token refresh completed in 50ms"
2025-12-02T05:52:50Z svc=api level=INFO msg="batch 1831 committed"
2025-12-02T05:52:57Z svc=ingest level=INFO msg="compaction finished, 6309 segments merged"
2025-12-02T05:53:08Z svc=search level=INFO msg="token refresh completed in 7450ms"
2025-12-02T05:53:15Z svc=billing level=INFO msg="retry queue depth=2859"
2025-12-02T05:53:20Z svc=search level=INFO msg="retry queue depth=7523"
2025-12-02T05:53:24Z svc=scheduler level=INFO msg="compaction finished, 6636 segments merged"
2025-12-02T05:53:28Z svc=scheduler level=INFO msg="token refresh completed in 6677ms"
2025-12-02T05:53:43Z svc=api level=INFO msg="batch 8701 committed"
2025-12-02T05:53:52Z svc=scheduler level=INFO msg="cache eviction pass removed 6373 entries"
2025-12-02T05:53:58Z svc=billing level=INFO msg="batch 7862 committed"
2025-12-02T05:54:08Z svc=search level=INFO msg="compaction finished, 2525 segments merged"
2025-12-02T05:54:18Z svc=authz level=INFO msg="healthcheck ok rtt=410ms"
2025-12-02T05:54:34Z svc=billing level=INFO msg="webhook delivery attempt 6902 succeeded"
2025-12-02T05:54:40Z svc=api level=INFO msg="retry queue depth=7512"
2025-12-02T05:54:52Z svc=billing level=INFO msg="compaction finished, 2211 segments merged"
2025-12-02T05:55:00Z svc=billing level=INFO msg="webhook delivery attempt 9359 succeeded"
2025-12-02T05:55:14Z svc=billing level=INFO msg="token refresh completed in 4904ms"
2025-12-02T05:55:29Z svc=search level=INFO msg="webhook delivery attempt 571 succeeded"
2025-12-02T05:55:39Z svc=billing level=INFO msg="webhook delivery attempt 5155 succeeded"
2025-12-02T05:55:55Z svc=authz level=INFO msg="batch 773 committed"
2025-12-02T05:56:07Z svc=authz level=INFO msg="healthcheck ok rtt=8305ms"
2025-12-02T05:56:22Z svc=ingest level=INFO msg="compaction finished, 3356 segments merged"
2025-12-02T05:56:38Z svc=billing level=INFO msg="compaction finished, 6843 segments merged"
2025-12-02T05:56:50Z svc=billing level=INFO msg="cache eviction pass removed 4427 entries"
2025-12-02T05:57:04Z svc=search level=INFO msg="webhook delivery attempt 8317 succeeded"
2025-12-02T05:57:15Z svc=ingest level=INFO msg="webhook delivery attempt 7895 succeeded"
2025-12-02T05:57:24Z svc=search level=INFO msg="healthcheck ok rtt=4864ms"
2025-12-02T05:57:31Z svc=ingest level=INFO msg="cache eviction pass removed 6038 entries"
2025-12-02T05:57:46Z svc=ingest level=INFO msg="webhook delivery attempt 812 succeeded"
2025-12-02T05:57:52Z svc=ingest level=INFO msg="healthcheck ok rtt=7140ms"
2025-12-02T05:57:58Z svc=search level=INFO msg="compaction finished, 4218 segments merged"
2025-12-02T05:58:04Z svc=api level=INFO msg="compaction finished, 8622 segments merged"
2025-12-02T05:58:12Z svc=search level=INFO msg="webhook delivery attempt 8797 succeeded"
2025-12-02T05:58:27Z svc=authz level=INFO msg="healthcheck ok rtt=1358ms"
2025-12-02T05:58:31Z svc=authz level=INFO msg="token refresh completed in 3901ms"
2025-12-02T05:58:47Z svc=ingest level=INFO msg="batch 4330 committed"
2025-12-02T05:58:50Z svc=scheduler level=INFO msg="token refresh completed in 6070ms"
2025-12-02T05:58:58Z svc=search level=INFO msg="retry queue depth=4504"
2025-12-02T05:59:04Z svc=authz level=INFO msg="webhook delivery attempt 2095 succeeded"
2025-12-02T05:59:08Z svc=ingest level=INFO msg="compaction finished, 7412 segments merged"
2025-12-02T05:59:19Z svc=search level=INFO msg="retry queue depth=3053"
2025-12-02T05:59:35Z svc=ingest level=INFO msg="healthcheck ok rtt=7469ms"
2025-12-02T05:59:46Z svc=api level=INFO msg="token refresh completed in 5672ms"
2025-12-02T05:59:52Z svc=billing level=INFO msg="webhook delivery attempt 6509 succeeded"
2025-12-02T06:00:09Z svc=search level=INFO msg="batch 8783 committed"
2025-12-02T06:00:18Z svc=authz level=INFO msg="compaction finished, 194 segments merged"
2025-12-02T06:00:31Z svc=ingest level=INFO msg="compaction finished, 3933 segments merged"
2025-12-02T06:00:34Z svc=api level=INFO msg="healthcheck ok rtt=4467ms"
2025-12-02T06:00:38Z svc=search level=INFO msg="webhook delivery attempt 3212 succeeded"
2025-12-02T06:00:48Z svc=scheduler level=INFO msg="cache eviction pass removed 8377 entries"
2025-12-02T06:00:52Z svc=scheduler level=INFO msg="token refresh completed in 3905ms"
2025-12-02T06:00:55Z svc=search level=INFO msg="webhook delivery attempt 518 succeeded"
2025-12-02T06:01:03Z svc=ingest level=INFO msg="batch 4123 committed"
2025-12-02T06:01:20Z svc=api level=INFO msg="batch 1243 committed"
2025-12-02T06:01:29Z svc=ingest level=INFO msg="cache eviction pass removed 7434 entries"
2025-12-02T06:01:34Z svc=authz level=INFO msg="retry queue depth=3600"
2025-12-02T06:01:44Z svc=api level=INFO msg="compaction finished, 1679 segments merged"
2025-12-02T06:01:48Z svc=authz level=INFO msg="webhook delivery attempt 8020 succeeded"
2025-12-02T06:01:52Z svc=billing level=INFO msg="webhook delivery attempt 5391 succeeded"
2025-12-02T06:02:02Z svc=scheduler level=INFO msg="compaction finished, 3135 segments merged"
2025-12-02T06:02:10Z svc=authz level=INFO msg="compaction finished, 3580 segments merged"
2025-12-02T06:02:23Z svc=scheduler level=INFO msg="cache eviction pass removed 7245 entries"
2025-12-02T06:02:28Z svc=scheduler level=INFO msg="retry queue depth=2330"
2025-12-02T06:02:45Z svc=ingest level=INFO msg="batch 6283 committed"
2025-12-02T06:02:56Z svc=api level=INFO msg="retry queue depth=2267"
2025-12-02T06:03:04Z svc=search level=INFO msg="webhook delivery attempt 3093 succeeded"
2025-12-02T06:03:13Z svc=scheduler level=INFO msg="healthcheck ok rtt=9014ms"
2025-12-02T06:03:30Z svc=api level=INFO msg="compaction finished, 4452 segments merged"
2025-12-02T06:03:34Z svc=scheduler level=INFO msg="webhook delivery attempt 6806 succeeded"
2025-12-02T06:03:44Z svc=scheduler level=INFO msg="healthcheck ok rtt=4073ms"
2025-12-02T06:03:53Z svc=api level=INFO msg="token refresh completed in 3418ms"
2025-12-02T06:04:03Z svc=api level=INFO msg="token refresh completed in 6078ms"
2025-12-02T06:04:10Z svc=search level=INFO msg="batch 1049 committed"
2025-12-02T06:04:25Z svc=search level=INFO msg="compaction finished, 7635 segments merged"
2025-12-02T06:04:32Z svc=api level=INFO msg="retry queue depth=5264"
2025-12-02T06:04:35Z svc=api level=INFO msg="webhook delivery attempt 1504 succeeded"
2025-12-02T06:04:41Z svc=authz level=INFO msg="compaction finished, 2031 segments merged"
2025-12-02T06:04:49Z svc=scheduler level=INFO msg="healthcheck ok rtt=6354ms"
2025-12-02T06:04:57Z svc=ingest level=INFO msg="token refresh completed in 4909ms"
2025-12-02T06:05:06Z svc=api level=INFO msg="token refresh completed in 4810ms"
2025-12-02T06:05:16Z svc=scheduler level=INFO msg="healthcheck ok rtt=1302ms"
2025-12-02T06:05:30Z svc=ingest level=INFO msg="token refresh completed in 4059ms"
2025-12-02T06:05:41Z svc=scheduler level=INFO msg="compaction finished, 8067 segments merged"
2025-12-02T06:05:53Z svc=scheduler level=INFO msg="batch 9370 committed"
2025-12-02T06:06:08Z svc=ingest level=INFO msg="token refresh completed in 913ms"
2025-12-02T06:06:16Z svc=api level=INFO msg="cache eviction pass removed 1417 entries"
2025-12-02T06:06:23Z svc=ingest level=INFO msg="compaction finished, 1228 segments merged"
2025-12-02T06:06:40Z svc=api level=INFO msg="cache eviction pass removed 4687 entries"
2025-12-02T06:06:43Z svc=scheduler level=INFO msg="cache eviction pass removed 3150 entries"
2025-12-02T06:06:50Z svc=search level=INFO msg="webhook delivery attempt 1726 succeeded"
2025-12-02T06:06:53Z svc=billing level=INFO msg="webhook delivery attempt 9312 succeeded"
2025-12-02T06:07:05Z svc=api level=INFO msg="batch 4241 committed"
2025-12-02T06:07:20Z svc=search level=INFO msg="token refresh completed in 4846ms"
2025-12-02T06:07:34Z svc=api level=INFO msg="webhook delivery attempt 4758 succeeded"
2025-12-02T06:07:50Z svc=authz level=INFO msg="retry queue depth=2845"
2025-12-02T06:08:05Z svc=search level=INFO msg="healthcheck ok rtt=8891ms"
2025-12-02T06:08:20Z svc=authz level=INFO msg="healthcheck ok rtt=3954ms"
2025-12-02T06:08:31Z svc=ingest level=INFO msg="healthcheck ok rtt=1357ms"
2025-12-02T06:08:35Z svc=search level=INFO msg="cache eviction pass removed 31 entries"
2025-12-02T06:08:52Z svc=authz level=INFO msg="retry queue depth=7485"
2025-12-02T06:09:04Z svc=billing level=INFO msg="batch 210 committed"
2025-12-02T06:09:16Z svc=search level=INFO msg="compaction finished, 8992 segments merged"
2025-12-02T06:09:23Z svc=authz level=INFO msg="webhook delivery attempt 6821 succeeded"
2025-12-02T06:09:38Z svc=scheduler level=INFO msg="cache eviction pass removed 84 entries"
2025-12-02T06:09:45Z svc=authz level=INFO msg="retry queue depth=39"
2025-12-02T06:09:52Z svc=authz level=INFO msg="batch 233 committed"
2025-12-02T06:10:05Z svc=ingest level=INFO msg="compaction finished, 3551 segments merged"
2025-12-02T06:10:12Z svc=search level=INFO msg="token refresh completed in 5031ms"
2025-12-02T06:10:20Z svc=api level=INFO msg="cache eviction pass removed 6587 entries"
2025-12-02T06:10:37Z svc=billing level=INFO msg="retry queue depth=3064"
2025-12-02T06:10:41Z svc=authz level=INFO msg="retry queue depth=6865"
2025-12-02T06:10:56Z svc=search level=INFO msg="batch 1204 committed"
2025-12-02T06:11:09Z svc=billing level=INFO msg="token refresh completed in 3112ms"
2025-12-02T06:11:18Z svc=billing level=INFO msg="webhook delivery attempt 4294 succeeded"
2025-12-02T06:11:26Z svc=billing level=INFO msg="retry queue depth=6336"
2025-12-02T06:11:30Z svc=api level=INFO msg="webhook delivery attempt 150 succeeded"
2025-12-02T06:11:43Z svc=search level=INFO msg="retry queue depth=7577"
2025-12-02T06:11:59Z svc=authz level=INFO msg="healthcheck ok rtt=9189ms"
2025-12-02T06:12:16Z svc=search level=INFO msg="healthcheck ok rtt=2191ms"
2025-12-02T06:12:31Z svc=search level=INFO msg="cache eviction pass removed 6076 entries"
2025-12-02T06:12:34Z svc=search level=INFO msg="token refresh completed in 99ms"
2025-12-02T06:12:37Z svc=authz level=INFO msg="cache eviction pass removed 807 entries"
2025-12-02T06:12:52Z svc=api level=INFO msg="webhook delivery attempt 7047 succeeded"
2025-12-02T06:12:55Z svc=authz level=INFO msg="retry queue depth=4302"
2025-12-02T06:13:04Z svc=scheduler level=INFO msg="batch 4376 committed"
2025-12-02T06:13:18Z svc=ingest level=INFO msg="retry queue depth=1658"
2025-12-02T06:13:31Z svc=search level=INFO msg="cache eviction pass removed 8690 entries"
2025-12-02T06:13:42Z svc=api level=INFO msg="batch 9298 committed"
2025-12-02T06:13:54Z svc=api level=INFO msg="token refresh completed in 1228ms"
2025-12-02T06:14:04Z svc=authz level=INFO msg="cache eviction pass removed 3532 entries"
2025-12-02T06:14:21Z svc=ingest level=INFO msg="cache eviction pass removed 302 entries"
2025-12-02T06:14:35Z svc=billing level=INFO msg="batch 6737 committed"
2025-12-02T06:14:44Z svc=scheduler level=INFO msg="cache eviction pass removed 3590 entries"
2025-12-02T06:14:49Z svc=api level=INFO msg="cache eviction pass removed 5494 entries"
2025-12-02T06:15:01Z svc=billing level=INFO msg="retry queue depth=1900"
2025-12-02T06:15:13Z svc=ingest level=INFO msg="cache eviction pass removed 8500 entries"
2025-12-02T06:15:23Z svc=authz level=INFO msg="batch 5358 committed"
2025-12-02T06:15:38Z svc=ingest level=INFO msg="token refresh completed in 6538ms"
2025-12-02T06:15:51Z svc=api level=INFO msg="compaction finished, 8193 segments merged"
2025-12-02T06:16:06Z svc=authz level=INFO msg="token refresh completed in 8925ms"
2025-12-02T06:16:16Z svc=scheduler level=INFO msg="healthcheck ok rtt=9453ms"
2025-12-02T06:16:21Z svc=api level=INFO msg="webhook delivery attempt 3240 succeeded"
2025-12-02T06:16:33Z svc=scheduler level=INFO msg="webhook delivery attempt 6036 succeeded"
2025-12-02T06:16:37Z svc=api level=INFO msg="healthcheck ok rtt=4790ms"
2025-12-02T06:16:53Z svc=authz level=INFO msg="cache eviction pass removed 5491 entries"
2025-12-02T06:16:59Z svc=search level=INFO msg="healthcheck ok rtt=4713ms"
2025-12-02T06:17:04Z svc=authz level=INFO msg="token refresh completed in 6831ms"
2025-12-02T06:17:13Z svc=scheduler level=INFO msg="healthcheck ok rtt=4800ms"
2025-12-02T06:17:16Z svc=search level=INFO msg="compaction finished, 7573 segments merged"
2025-12-02T06:17:26Z svc=ingest level=INFO msg="healthcheck ok rtt=4188ms"
2025-12-02T06:17:30Z svc=authz level=INFO msg="healthcheck ok rtt=4413ms"
2025-12-02T06:17:35Z svc=scheduler level=INFO msg="retry queue depth=9375"
2025-12-02T06:17:38Z svc=authz level=INFO msg="cache eviction pass removed 3810 entries"
2025-12-02T06:17:55Z svc=ingest level=INFO msg="healthcheck ok rtt=1989ms"
2025-12-02T06:18:10Z svc=ingest level=INFO msg="webhook delivery attempt 3579 succeeded"
2025-12-02T06:18:16Z svc=authz level=INFO msg="webhook delivery attempt 9211 succeeded"
2025-12-02T06:18:33Z svc=search level=INFO msg="healthcheck ok rtt=6547ms"
2025-12-02T06:18:49Z svc=ingest level=INFO msg="compaction finished, 4432 segments merged"
2025-12-02T06:18:52Z svc=search level=INFO msg="compaction finished, 4861 segments merged"
2025-12-02T06:19:03Z svc=ingest level=INFO msg="cache eviction pass removed 1016 entries"
2025-12-02T06:19:16Z svc=api level=INFO msg="batch 3716 committed"
2025-12-02T06:19:20Z svc=ingest level=INFO msg="cache eviction pass removed 9397 entries"
2025-12-02T06:19:33Z svc=billing level=INFO msg="token refresh completed in 4881ms"
2025-12-02T06:19:42Z svc=ingest level=INFO msg="retry queue depth=7291"
2025-12-02T06:19:46Z svc=search level=INFO msg="webhook delivery attempt 1369 succeeded"
2025-12-02T06:19:51Z svc=search level=INFO msg="token refresh completed in 2048ms"
2025-12-02T06:20:08Z svc=search level=INFO msg="webhook delivery attempt 3568 succeeded"
2025-12-02T06:20:12Z svc=billing level=INFO msg="webhook delivery attempt 3121 succeeded"
2025-12-02T06:20:18Z svc=authz level=INFO msg="token refresh completed in 5714ms"
2025-12-02T06:20:32Z svc=search level=INFO msg="token refresh completed in 173ms"
2025-12-02T06:20:38Z svc=authz level=INFO msg="token refresh completed in 1118ms"
2025-12-02T06:20:52Z svc=search level=INFO msg="retry queue depth=3007"
2025-12-02T06:20:55Z svc=scheduler level=INFO msg="batch 6951 committed"
2025-12-02T06:21:08Z svc=api level=INFO msg="cache eviction pass removed 1773 entries"
2025-12-02T06:21:17Z svc=authz level=INFO msg="compaction finished, 7328 segments merged"
2025-12-02T06:21:30Z svc=billing level=INFO msg="batch 9155 committed"
2025-12-02T06:21:41Z svc=ingest level=INFO msg="retry queue depth=5643"
2025-12-02T06:21:51Z svc=api level=INFO msg="batch 5088 committed"
2025-12-02T06:22:07Z svc=ingest level=INFO msg="cache eviction pass removed 1688 entries"
2025-12-02T06:22:15Z svc=search level=INFO msg="batch 5963 committed"
2025-12-02T06:22:28Z svc=authz level=INFO msg="token refresh completed in 7553ms"
2025-12-02T06:22:33Z svc=ingest level=INFO msg="retry queue depth=9010"
2025-12-02T06:22:50Z svc=ingest level=INFO msg="cache eviction pass removed 7006 entries"
2025-12-02T06:23:06Z svc=billing level=INFO msg="token refresh completed in 3239ms"
2025-12-02T06:23:09Z svc=authz level=INFO msg="cache eviction pass removed 1747 entries"
2025-12-02T06:23:20Z svc=api level=INFO msg="healthcheck ok rtt=780ms"
2025-12-02T06:23:26Z svc=billing level=INFO msg="retry queue depth=2673"
2025-12-02T06:23:29Z svc=scheduler level=INFO msg="compaction finished, 992 segments merged"
2025-12-02T06:23:32Z svc=ingest level=INFO msg="cache eviction pass removed 1893 entries"
2025-12-02T06:23:45Z svc=api level=INFO msg="cache eviction pass removed 1798 entries"
2025-12-02T06:23:50Z svc=api level=INFO msg="healthcheck ok rtt=4901ms"
2025-12-02T06:23:58Z svc=api level=INFO msg="token refresh completed in 130ms"
2025-12-02T06:24:15Z svc=search level=INFO msg="batch 7861 committed"
2025-12-02T06:24:27Z svc=authz level=INFO msg="compaction finished, 805 segments merged"
2025-12-02T06:24:35Z svc=ingest level=INFO msg="healthcheck ok rtt=6231ms"
2025-12-02T06:24:42Z svc=ingest level=INFO msg="cache eviction pass removed 7810 entries"
2025-12-02T06:24:45Z svc=billing level=INFO msg="cache eviction pass removed 4542 entries"
2025-12-02T06:24:50Z svc=billing level=INFO msg="batch 3063 committed"
2025-12-02T06:25:00Z svc=billing level=INFO msg="webhook delivery attempt 6319 succeeded"
2025-12-02T06:25:14Z svc=api level=INFO msg="compaction finished, 8294 segments merged"
2025-12-02T06:25:23Z svc=scheduler level=INFO msg="retry queue depth=3632"
2025-12-02T06:25:38Z svc=scheduler level=INFO msg="compaction finished, 1898 segments merged"
2025-12-02T06:25:54Z svc=scheduler level=INFO msg="batch 1565 committed"
2025-12-02T06:26:05Z svc=scheduler level=INFO msg="compaction finished, 4905 segments merged"
2025-12-02T06:26:20Z svc=billing level=INFO msg="cache eviction pass removed 6850 entries"
2025-12-02T06:26:31Z svc=api level=INFO msg="token refresh completed in 6536ms"
2025-12-02T06:26:35Z svc=ingest level=INFO msg="token refresh completed in 23ms"
2025-12-02T06:26:51Z svc=ingest level=INFO msg="token refresh completed in 1490ms"
2025-12-02T06:27:02Z svc=api level=INFO msg="compaction finished, 1814 segments merged"
2025-12-02T06:27:11Z svc=api level=INFO msg="cache eviction pass removed 8858 entries"
2025-12-02T06:27:16Z svc=authz level=INFO msg="token refresh completed in 944ms"
2025-12-02T06:27:27Z svc=api level=INFO msg="compaction finished, 5003 segments merged"
2025-12-02T06:27:31Z svc=billing level=INFO msg="retry queue depth=8175"
2025-12-02T06:27:42Z svc=scheduler level=INFO msg="batch 8648 committed"
2025-12-02T06:27:51Z svc=ingest level=INFO msg="batch 1314 committed"
2025-12-02T06:27:57Z svc=api level=INFO msg="compaction finished, 3562 segments merged"
2025-12-02T06:28:11Z svc=scheduler level=INFO msg="healthcheck ok rtt=8612ms"
2025-12-02T06:28:23Z svc=ingest level=INFO msg="token refresh completed in 2953ms"
2025-12-02T06:28:35Z svc=scheduler level=INFO msg="token refresh completed in 5563ms"
2025-12-02T06:28:46Z svc=ingest level=INFO msg="batch 476 committed"
2025-12-02T06:29:02Z svc=search level=INFO msg="compaction finished, 3845 segments merged"
2025-12-02T06:29:19Z svc=authz level=INFO msg="token refresh completed in 3136ms"
2025-12-02T06:29:23Z svc=search level=INFO msg="retry queue depth=4183"
2025-12-02T06:29:38Z svc=authz level=INFO msg="healthcheck ok rtt=4062ms"
2025-12-02T06:29:51Z svc=authz level=INFO msg="batch 3089 committed"
2025-12-02T06:30:07Z svc=ingest level=INFO msg="batch 5282 committed"
2025-12-02T06:30:19Z svc=search level=INFO msg="cache eviction pass removed 4561 entries"
2025-12-02T06:30:32Z svc=search level=INFO msg="retry queue depth=1372"
2025-12-02T06:30:37Z svc=search level=INFO msg="batch 2149 committed"
2025-12-02T06:30:42Z svc=billing level=INFO msg="compaction finished, 9304 segments merged"
2025-12-02T06:30:48Z svc=ingest level=INFO msg="compaction finished, 3644 segments merged"
2025-12-02T06:31:05Z svc=billing level=INFO msg="healthcheck ok rtt=2080ms"
2025-12-02T06:31:20Z svc=scheduler level=INFO msg="healthcheck ok rtt=5537ms"
2025-12-02T06:31:25Z svc=scheduler level=INFO msg="webhook delivery attempt 2419 succeeded"
2025-12-02T06:31:30Z svc=billing level=INFO msg="token refresh completed in 4548ms"
2025-12-02T06:31:33Z svc=authz level=INFO msg="healthcheck ok rtt=1384ms"
2025-12-02T06:31:42Z svc=authz level=INFO msg="compaction finished, 9276 segments merged"
2025-12-02T06:31:57Z svc=api level=INFO msg="healthcheck ok rtt=2740ms"
2025-12-02T06:32:03Z svc=billing level=INFO msg="retry queue depth=4628"
2025-12-02T06:32:12Z svc=scheduler level=INFO msg="token refresh completed in 7717ms"
2025-12-02T06:32:26Z svc=search level=INFO msg="webhook delivery attempt 5291 succeeded"
2025-12-02T06:32:43Z svc=search level=INFO msg="compaction finished, 6165 segments merged"
2025-12-02T06:32:53Z svc=scheduler level=INFO msg="batch 2517 committed"
2025-12-02T06:33:06Z svc=ingest level=INFO msg="token refresh completed in 5499ms"
2025-12-02T06:33:10Z svc=billing level=INFO msg="webhook delivery attempt 4882 succeeded"
2025-12-02T06:33:26Z svc=billing level=INFO msg="retry queue depth=1583"
2025-12-02T06:33:38Z svc=authz level=INFO msg="webhook delivery attempt 2505 succeeded"
2025-12-02T06:33:49Z svc=api level=INFO msg="healthcheck ok rtt=6742ms"
2025-12-02T06:33:55Z svc=scheduler level=INFO msg="batch 933 committed"
2025-12-02T06:34:06Z svc=authz level=INFO msg="retry queue depth=1601"
2025-12-02T06:34:23Z svc=api level=INFO msg="cache eviction pass removed 8978 entries"
2025-12-02T06:34:31Z svc=scheduler level=INFO msg="cache eviction pass removed 937 entries"
2025-12-02T06:34:46Z svc=api level=INFO msg="healthcheck ok rtt=4232ms"
2025-12-02T06:35:01Z svc=search level=INFO msg="healthcheck ok rtt=8172ms"
2025-12-02T06:35:06Z svc=authz level=INFO msg="token refresh completed in 3079ms"
2025-12-02T06:35:20Z svc=search level=INFO msg="retry queue depth=6558"
2025-12-02T06:35:33Z svc=scheduler level=INFO msg="compaction finished, 382 segments merged"
2025-12-02T06:35:36Z svc=scheduler level=INFO msg="token refresh completed in 6205ms"
2025-12-02T06:35:46Z svc=api level=INFO msg="batch 8397 committed"
2025-12-02T06:35:58Z svc=scheduler level=INFO msg="retry queue depth=505"
2025-12-02T06:36:14Z svc=api level=INFO msg="healthcheck ok rtt=9303ms"
2025-12-02T06:36:20Z svc=search level=INFO msg="batch 7434 committed"
2025-12-02T06:36:37Z svc=authz level=INFO msg="token refresh completed in 412ms"
2025-12-02T06:36:46Z svc=api level=INFO msg="cache eviction pass removed 2518 entries"
2025-12-02T06:37:00Z svc=authz level=INFO msg="healthcheck ok rtt=5402ms"
2025-12-02T06:37:05Z svc=api level=INFO msg="webhook delivery attempt 9478 succeeded"
2025-12-02T06:37:12Z svc=search level=INFO msg="cache eviction pass removed 5196 entries"
2025-12-02T06:37:27Z svc=scheduler level=INFO msg="compaction finished, 549 segments merged"
2025-12-02T06:37:42Z svc=search level=INFO msg="token refresh completed in 7676ms"
2025-12-02T06:37:51Z svc=billing level=INFO msg="retry queue depth=29"
2025-12-02T06:37:58Z svc=api level=INFO msg="cache eviction pass removed 3741 entries"
2025-12-02T06:38:09Z svc=search level=INFO msg="webhook delivery attempt 5418 succeeded"
2025-12-02T06:38:20Z svc=billing level=INFO msg="compaction finished, 3973 segments merged"
2025-12-02T06:38:37Z svc=api level=INFO msg="healthcheck ok rtt=4020ms"
2025-12-02T06:38:50Z svc=billing level=INFO msg="webhook delivery attempt 6030 succeeded"
2025-12-02T06:38:56Z svc=search level=INFO msg="batch 3144 committed"
2025-12-02T06:39:05Z svc=billing level=INFO msg="healthcheck ok rtt=6802ms"
2025-12-02T06:39:22Z svc=billing level=INFO msg="token refresh completed in 4059ms"
2025-12-02T06:39:31Z svc=search level=INFO msg="webhook delivery attempt 8900 succeeded"
2025-12-02T06:39:45Z svc=authz level=INFO msg="cache eviction pass removed 6758 entries"
2025-12-02T06:39:50Z svc=authz level=INFO msg="webhook delivery attempt 2717 succeeded"
2025-12-02T06:39:54Z svc=search level=INFO msg="token refresh completed in 2906ms"
2025-12-02T06:40:05Z svc=scheduler level=INFO msg="webhook delivery attempt 6132 succeeded"
2025-12-02T06:40:10Z svc=search level=INFO msg="webhook delivery attempt 3188 succeeded"
2025-12-02T06:40:23Z svc=api level=INFO msg="webhook delivery attempt 2587 succeeded"
2025-12-02T06:40:40Z svc=api level=INFO msg="batch 2729 committed"
2025-12-02T06:40:43Z svc=authz level=INFO msg="compaction finished, 4332 segments merged"
2025-12-02T06:40:59Z svc=scheduler level=INFO msg="batch 8092 committed"
2025-12-02T06:41:02Z svc=search level=INFO msg="compaction finished, 4218 segments merged"
2025-12-02T06:41:19Z svc=billing level=INFO msg="token refresh completed in 1397ms"
2025-12-02T06:41:33Z svc=search level=INFO msg="retry queue depth=2817"
2025-12-02T06:41:43Z svc=ingest level=INFO msg="webhook delivery attempt 7945 succeeded"
2025-12-02T06:41:56Z svc=authz level=INFO msg="token refresh completed in 2781ms"
2025-12-02T06:42:12Z svc=billing level=INFO msg="retry queue depth=7292"
2025-12-02T06:42:21Z svc=ingest level=INFO msg="batch 4845 committed"
2025-12-02T06:42:29Z svc=billing level=INFO msg="healthcheck ok rtt=3713ms"
2025-12-02T06:42:42Z svc=ingest level=INFO msg="webhook delivery attempt 6732 succeeded"
2025-12-02T06:42:49Z svc=authz level=INFO msg="retry queue depth=2517"
2025-12-02T06:43:02Z svc=api level=INFO msg="webhook delivery attempt 2226 succeeded"
2025-12-02T06:43:05Z svc=api level=INFO msg="batch 3274 committed"
2025-12-02T06:43:08Z svc=api level=INFO msg="compaction finished, 5625 segments merged"
2025-12-02T06:43:22Z svc=ingest level=INFO msg="webhook delivery attempt 1765 succeeded"
2025-12-02T06:43:34Z svc=search level=INFO msg="compaction finished, 1962 segments merged"
2025-12-02T06:43:40Z svc=scheduler level=INFO msg="retry queue depth=5397"
2025-12-02T06:43:48Z svc=ingest level=INFO msg="cache eviction pass removed 47 entries"
2025-12-02T06:44:01Z svc=authz level=INFO msg="webhook delivery attempt 6300 succeeded"
2025-12-02T06:44:13Z svc=api level=INFO msg="cache eviction pass removed 8700 entries"
2025-12-02T06:44:29Z svc=authz level=INFO msg="cache eviction pass removed 3314 entries"
2025-12-02T06:44:42Z svc=billing level=INFO msg="token refresh completed in 3734ms"
2025-12-02T06:44:57Z svc=search level=INFO msg="token refresh completed in 6943ms"
2025-12-02T06:45:11Z svc=ingest level=INFO msg="retry queue depth=3558"
2025-12-02T06:45:14Z svc=authz level=INFO msg="retry queue depth=8242"
2025-12-02T06:45:26Z svc=api level=INFO msg="compaction finished, 6306 segments merged"
2025-12-02T06:45:29Z svc=ingest level=INFO msg="batch 1908 committed"
2025-12-02T06:45:39Z svc=billing level=INFO msg="compaction finished, 3709 segments merged"
2025-12-02T06:45:43Z svc=ingest level=INFO msg="token refresh completed in 2828ms"
2025-12-02T06:45:49Z svc=api level=INFO msg="healthcheck ok rtt=6367ms"
2025-12-02T06:46:06Z svc=search level=INFO msg="healthcheck ok rtt=4087ms"
2025-12-02T06:46:15Z svc=authz level=INFO msg="cache eviction pass removed 6714 entries"
2025-12-02T06:46:27Z svc=scheduler level=INFO msg="token refresh completed in 4844ms"
2025-12-02T06:46:42Z svc=api level=INFO msg="retry queue depth=8995"
2025-12-02T06:46:45Z svc=ingest level=INFO msg="retry queue depth=7560"
2025-12-02T06:46:59Z svc=api level=INFO msg="token refresh completed in 3310ms"
2025-12-02T06:47:08Z svc=ingest level=INFO msg="cache eviction pass removed 2430 entries"
2025-12-02T06:47:14Z svc=api level=INFO msg="token refresh completed in 484ms"
2025-12-02T06:47:29Z svc=authz level=INFO msg="token refresh completed in 609ms"
2025-12-02T06:47:46Z svc=api level=INFO msg="batch 9314 committed"
2025-12-02T06:48:00Z svc=search level=INFO msg="retry queue depth=1532"
2025-12-02T06:48:14Z svc=api level=INFO msg="webhook delivery attempt 2947 succeeded"
2025-12-02T06:48:19Z svc=ingest level=INFO msg="healthcheck ok rtt=8051ms"
2025-12-02T06:48:34Z svc=ingest level=INFO msg="webhook delivery attempt 6763 succeeded"
2025-12-02T06:48:50Z svc=api level=INFO msg="healthcheck ok rtt=3146ms"
2025-12-02T06:48:58Z svc=search level=INFO msg="batch 5272 committed"
2025-12-02T06:49:04Z svc=billing level=INFO msg="webhook delivery attempt 4822 succeeded"
2025-12-02T06:49:08Z svc=search level=INFO msg="retry queue depth=5047"
2025-12-02T06:49:11Z svc=api level=INFO msg="webhook delivery attempt 7675 succeeded"
2025-12-02T06:49:18Z svc=api level=INFO msg="webhook delivery attempt 2262 succeeded"
2025-12-02T06:49:23Z svc=scheduler level=INFO msg="webhook delivery attempt 2214 succeeded"
2025-12-02T06:49:36Z svc=ingest level=INFO msg="retry queue depth=4237"
2025-12-02T06:49:51Z svc=authz level=INFO msg="cache eviction pass removed 7855 entries"
2025-12-02T06:50:02Z svc=authz level=INFO msg="cache eviction pass removed 3262 entries"
2025-12-02T06:50:06Z svc=scheduler level=INFO msg="compaction finished, 4966 segments merged"
2025-12-02T06:50:19Z svc=search level=INFO msg="retry queue depth=4011"
2025-12-02T06:50:28Z svc=search level=INFO msg="webhook delivery attempt 7014 succeeded"
2025-12-02T06:50:34Z svc=api level=INFO msg="compaction finished, 5001 segments merged"
2025-12-02T06:50:43Z svc=authz level=INFO msg="cache eviction pass removed 1417 entries"
2025-12-02T06:50:53Z svc=scheduler level=INFO msg="retry queue depth=1913"
2025-12-02T06:51:09Z svc=search level=INFO msg="token refresh completed in 7243ms"
2025-12-02T06:51:20Z svc=search level=INFO msg="cache eviction pass removed 5395 entries"
2025-12-02T06:51:36Z svc=scheduler level=INFO msg="retry queue depth=8553"
2025-12-02T06:51:41Z svc=authz level=INFO msg="retry queue depth=8256"
2025-12-02T06:51:58Z svc=billing level=INFO msg="token refresh completed in 2399ms"
2025-12-02T06:52:12Z svc=scheduler level=INFO msg="compaction finished, 4109 segments merged"
2025-12-02T06:52:15Z svc=authz level=INFO msg="token refresh completed in 4354ms"
2025-12-02T06:52:22Z svc=scheduler level=INFO msg="token refresh completed in 3034ms"
2025-12-02T06:52:38Z svc=ingest level=INFO msg="compaction finished, 2259 segments merged"
2025-12-02T06:52:49Z svc=api level=INFO msg="webhook delivery attempt 4137 succeeded"
2025-12-02T06:53:01Z svc=authz level=INFO msg="cache eviction pass removed 1004 entries"
2025-12-02T06:53:06Z svc=search level=INFO msg="webhook delivery attempt 5717 succeeded"
2025-12-02T06:53:17Z svc=ingest level=INFO msg="batch 7608 committed"
2025-12-02T06:53:23Z svc=search level=INFO msg="healthcheck ok rtt=3719ms"
2025-12-02T06:53:27Z svc=authz level=INFO msg="cache eviction pass removed 5881 entries"
2025-12-02T06:53:33Z svc=ingest level=INFO msg="token refresh completed in 5176ms"
2025-12-02T06:53:37Z svc=billing level=INFO msg="cache eviction pass removed 3586 entries"
2025-12-02T06:53:45Z svc=billing level=INFO msg="token refresh completed in 980ms"
2025-12-02T06:53:57Z svc=billing level=INFO msg="cache eviction pass removed 6686 entries"
2025-12-02T06:54:00Z svc=ingest level=INFO msg="webhook delivery attempt 4018 succeeded"
2025-12-02T06:54:12Z svc=scheduler level=INFO msg="cache eviction pass removed 7143 entries"
2025-12-02T06:54:19Z svc=authz level=INFO msg="compaction finished, 8632 segments merged"
2025-12-02T06:54:26Z svc=billing level=INFO msg="batch 7240 committed"
2025-12-02T06:54:29Z svc=scheduler level=INFO msg="batch 8301 committed"
2025-12-02T06:54:34Z svc=search level=INFO msg="compaction finished, 991 segments merged"
2025-12-02T06:54:50Z svc=billing level=INFO msg="retry queue depth=8301"
2025-12-02T06:54:55Z svc=search level=INFO msg="webhook delivery attempt 4714 succeeded"
2025-12-02T06:55:07Z svc=scheduler level=INFO msg="compaction finished, 1531 segments merged"
2025-12-02T06:55:13Z svc=ingest level=INFO msg="batch 3034 committed"
2025-12-02T06:55:18Z svc=ingest level=INFO msg="compaction finished, 78 segments merged"
2025-12-02T06:55:34Z svc=ingest level=INFO msg="cache eviction pass removed 1124 entries"
2025-12-02T06:55:39Z svc=scheduler level=INFO msg="cache eviction pass removed 6739 entries"
2025-12-02T06:55:43Z svc=ingest level=INFO msg="cache eviction pass removed 3067 entries"
2025-12-02T06:55:56Z svc=search level=INFO msg="healthcheck ok rtt=6895ms"
2025-12-02T06:56:10Z svc=scheduler level=INFO msg="token refresh completed in 1775ms"
2025-12-02T06:56:20Z svc=billing level=INFO msg="retry queue depth=4849"
2025-12-02T06:56:37Z svc=api level=INFO msg="retry queue depth=5760"
2025-12-02T06:56:46Z svc=search level=INFO msg="batch 867 committed"
2025-12-02T06:56:53Z svc=scheduler level=INFO msg="token refresh completed in 7991ms"
2025-12-02T06:57:07Z svc=scheduler level=INFO msg="token refresh completed in 1160ms"
2025-12-02T06:57:19Z svc=authz level=INFO msg="healthcheck ok rtt=9187ms"
2025-12-02T06:57:27Z svc=api level=INFO msg="compaction finished, 6295 segments merged"
2025-12-02T06:57:38Z svc=api level=INFO msg="batch 1918 committed"
2025-12-02T06:57:49Z svc=api level=INFO msg="cache eviction pass removed 6157 entries"
2025-12-02T06:58:02Z svc=billing level=INFO msg="batch 4375 committed"
2025-12-02T06:58:09Z svc=api level=INFO msg="compaction finished, 7768 segments merged"
2025-12-02T06:58:26Z svc=scheduler level=INFO msg="retry queue depth=6685"
2025-12-02T06:58:39Z svc=api level=INFO msg="batch 3517 committed"
2025-12-02T06:58:49Z svc=billing level=INFO msg="retry queue depth=959"
2025-12-02T06:58:52Z svc=scheduler level=INFO msg="cache eviction pass removed 6596 entries"
2025-12-02T06:59:09Z svc=authz level=INFO msg="webhook delivery attempt 8347 succeeded"
2025-12-02T06:59:12Z svc=authz level=INFO msg="batch 8385 committed"
2025-12-02T06:59:15Z svc=billing level=INFO msg="healthcheck ok rtt=5408ms"
2025-12-02T06:59:25Z svc=billing level=INFO msg="healthcheck ok rtt=762ms"
2025-12-02T06:59:31Z svc=authz level=INFO msg="cache eviction pass removed 8164 entries"
2025-12-02T06:59:41Z svc=ingest level=INFO msg="healthcheck ok rtt=2859ms"
2025-12-02T06:59:52Z svc=ingest level=INFO msg="compaction finished, 2170 segments merged"
2025-12-02T07:00:01Z svc=ingest level=INFO msg="cache eviction pass removed 2983 entries"
2025-12-02T07:00:08Z svc=billing level=INFO msg="webhook delivery attempt 5867 succeeded"
2025-12-02T07:00:13Z svc=billing level=INFO msg="token refresh completed in 7651ms"
2025-12-02T07:00:30Z svc=api level=INFO msg="batch 8593 committed"
2025-12-02T07:00:37Z svc=authz level=INFO msg="token refresh completed in 3621ms"
2025-12-02T07:00:43Z svc=billing level=INFO msg="cache eviction pass removed 123 entries"
2025-12-02T07:00:55Z svc=ingest level=INFO msg="token refresh completed in 5474ms"
2025-12-02T07:00:58Z svc=ingest level=INFO msg="retry queue depth=2026"
2025-12-02T07:01:11Z svc=api level=INFO msg="compaction finished, 9035 segments merged"
2025-12-02T07:01:21Z svc=api level=INFO msg="token refresh completed in 133ms"
2025-12-02T07:01:34Z svc=api level=INFO msg="webhook delivery attempt 7593 succeeded"
2025-12-02T07:01:39Z svc=scheduler level=INFO msg="compaction finished, 3360 segments merged"
2025-12-02T07:01:45Z svc=api level=INFO msg="healthcheck ok rtt=7612ms"
2025-12-02T07:01:53Z svc=search level=INFO msg="webhook delivery attempt 4232 succeeded"
2025-12-02T07:02:09Z svc=api level=INFO msg="token refresh completed in 2808ms"
2025-12-02T07:02:19Z svc=search level=INFO msg="healthcheck ok rtt=2925ms"
2025-12-02T07:02:35Z svc=billing level=INFO msg="cache eviction pass removed 853 entries"
2025-12-02T07:02:44Z svc=billing level=INFO msg="healthcheck ok rtt=3568ms"
2025-12-02T07:02:47Z svc=billing level=INFO msg="healthcheck ok rtt=6637ms"
2025-12-02T07:02:55Z svc=scheduler level=INFO msg="healthcheck ok rtt=4719ms"
2025-12-02T07:03:06Z svc=scheduler level=INFO msg="healthcheck ok rtt=7884ms"
2025-12-02T07:03:15Z svc=api level=INFO msg="retry queue depth=615"
2025-12-02T07:03:21Z svc=search level=INFO msg="batch 5889 committed"
2025-12-02T07:03:36Z svc=search level=INFO msg="retry queue depth=8556"
2025-12-02T07:03:50Z svc=authz level=INFO msg="batch 2125 committed"
2025-12-02T07:03:54Z svc=search level=INFO msg="cache eviction pass removed 7509 entries"
2025-12-02T07:03:57Z svc=ingest level=INFO msg="compaction finished, 7445 segments merged"
2025-12-02T07:04:09Z svc=billing level=INFO msg="webhook delivery attempt 4351 succeeded"
2025-12-02T07:04:13Z svc=search level=INFO msg="webhook delivery attempt 1597 succeeded"
2025-12-02T07:04:30Z svc=search level=INFO msg="compaction finished, 475 segments merged"
2025-12-02T07:04:47Z svc=api level=INFO msg="webhook delivery attempt 8330 succeeded"
2025-12-02T07:04:57Z svc=scheduler level=INFO msg="healthcheck ok rtt=5588ms"
2025-12-02T07:05:13Z svc=api level=INFO msg="cache eviction pass removed 5245 entries"
2025-12-02T07:05:23Z svc=search level=INFO msg="batch 7363 committed"
2025-12-02T07:05:38Z svc=api level=INFO msg="compaction finished, 9472 segments merged"
2025-12-02T07:05:46Z svc=ingest level=INFO msg="cache eviction pass removed 8156 entries"
2025-12-02T07:05:50Z svc=billing level=INFO msg="token refresh completed in 5257ms"
2025-12-02T07:05:53Z svc=scheduler level=INFO msg="token refresh completed in 7054ms"
2025-12-02T07:06:08Z svc=search level=INFO msg="batch 8510 committed"
2025-12-02T07:06:19Z svc=scheduler level=INFO msg="healthcheck ok rtt=4271ms"
2025-12-02T07:06:22Z svc=authz level=INFO msg="batch 3444 committed"
2025-12-02T07:06:26Z svc=authz level=INFO msg="compaction finished, 7109 segments merged"
2025-12-02T07:06:40Z svc=billing level=INFO msg="compaction finished, 5135 segments merged"
2025-12-02T07:06:53Z svc=billing level=INFO msg="retry queue depth=8371"
2025-12-02T07:07:07Z svc=authz level=INFO msg="healthcheck ok rtt=2592ms"
2025-12-02T07:07:22Z svc=api level=INFO msg="healthcheck ok rtt=2993ms"
2025-12-02T07:07:27Z svc=authz level=INFO msg="healthcheck ok rtt=3453ms"
2025-12-02T07:07:42Z svc=authz level=INFO msg="webhook delivery attempt 7947 succeeded"
2025-12-02T07:07:56Z svc=search level=INFO msg="retry queue depth=3682"
2025-12-02T07:08:06Z svc=search level=INFO msg="retry queue depth=4058"
2025-12-02T07:08:19Z svc=authz level=INFO msg="retry queue depth=4361"
2025-12-02T07:08:27Z svc=api level=INFO msg="token refresh completed in 936ms"
2025-12-02T07:08:37Z svc=api level=INFO msg="retry queue depth=255"
2025-12-02T07:08:48Z svc=search level=INFO msg="batch 8693 committed"
2025-12-02T07:08:52Z svc=authz level=INFO msg="retry queue depth=5680"
2025-12-02T07:09:08Z svc=billing level=INFO msg="healthcheck ok rtt=1253ms"
2025-12-02T07:09:13Z svc=authz level=INFO msg="webhook delivery attempt 6942 succeeded"
2025-12-02T07:09:24Z svc=billing level=INFO msg="batch 614 committed"
2025-12-02T07:09:35Z svc=authz level=INFO msg="batch 1159 committed"
2025-12-02T07:09:50Z svc=scheduler level=INFO msg="healthcheck ok rtt=6192ms"
2025-12-02T07:10:07Z svc=scheduler level=INFO msg="batch 1393 committed"
2025-12-02T07:10:14Z svc=search level=INFO msg="webhook delivery attempt 1570 succeeded"
2025-12-02T07:10:23Z svc=billing level=INFO msg="token refresh completed in 8190ms"
2025-12-02T07:10:28Z svc=scheduler level=INFO msg="webhook delivery attempt 4844 succeeded"
2025-12-02T07:10:33Z svc=authz level=INFO msg="cache eviction pass removed 8822 entries"
2025-12-02T07:10:46Z svc=scheduler level=INFO msg="compaction finished, 7170 segments merged"
2025-12-02T07:10:52Z svc=authz level=INFO msg="retry queue depth=6228"
2025-12-02T07:11:04Z svc=ingest level=INFO msg="batch 9277 committed"
2025-12-02T07:11:14Z svc=scheduler level=INFO msg="token refresh completed in 8736ms"
2025-12-02T07:11:22Z svc=authz level=INFO msg="batch 3789 committed"
2025-12-02T07:11:28Z svc=ingest level=INFO msg="retry queue depth=217"
2025-12-02T07:11:33Z svc=authz level=INFO msg="healthcheck ok rtt=4703ms"
2025-12-02T07:11:37Z svc=billing level=INFO msg="compaction finished, 239 segments merged"
2025-12-02T07:11:43Z svc=api level=INFO msg="cache eviction pass removed 5119 entries"
2025-12-02T07:11:59Z svc=search level=INFO msg="compaction finished, 3693 segments merged"
2025-12-02T07:12:15Z svc=authz level=INFO msg="retry queue depth=6382"
2025-12-02T07:12:19Z svc=search level=INFO msg="batch 2369 committed"
2025-12-02T07:12:28Z svc=search level=INFO msg="cache eviction pass removed 8566 entries"
2025-12-02T07:12:31Z svc=billing level=INFO msg="token refresh completed in 2258ms"
2025-12-02T07:12:43Z svc=ingest level=INFO msg="cache eviction pass removed 7420 entries"
2025-12-02T07:12:54Z svc=scheduler level=INFO msg="retry queue depth=4317"
2025-12-02T07:12:59Z svc=authz level=INFO msg="retry queue depth=1092"
2025-12-02T07:13:15Z svc=authz level=INFO msg="token refresh completed in 198ms"
2025-12-02T07:13:31Z svc=search level=INFO msg="healthcheck ok rtt=8531ms"
2025-12-02T07:13:35Z svc=ingest level=INFO msg="compaction finished, 759 segments merged"
2025-12-02T07:13:48Z svc=api level=INFO msg="retry queue depth=2647"
2025-12-02T07:13:56Z svc=search level=INFO msg="cache eviction pass removed 5343 entries"
2025-12-02T07:14:09Z svc=search level=INFO msg="token refresh completed in 871ms"
2025-12-02T07:14:21Z svc=scheduler level=INFO msg="healthcheck ok rtt=7736ms"
2025-12-02T07:14:25Z svc=billing level=INFO msg="batch 4363 committed"
2025-12-02T07:14:34Z svc=api level=INFO msg="healthcheck ok rtt=1485ms"
2025-12-02T07:14:37Z svc=search level=INFO msg="healthcheck ok rtt=8353ms"
2025-12-02T07:14:53Z svc=billing level=INFO msg="batch 1940 committed"
2025-12-02T07:15:01Z svc=billing level=INFO msg="batch 2173 committed"
2025-12-02T07:15:07Z svc=ingest level=INFO msg="webhook delivery attempt 8039 succeeded"
2025-12-02T07:15:14Z svc=authz level=INFO msg="token refresh completed in 8376ms"
2025-12-02T07:15:30Z svc=authz level=INFO msg="healthcheck ok rtt=6493ms"
2025-12-02T07:15:37Z svc=ingest level=INFO msg="cache eviction pass removed 5678 entries"
2025-12-02T07:15:51Z svc=ingest level=INFO msg="retry queue depth=1794"
2025-12-02T07:16:08Z svc=billing level=INFO msg="batch 4909 committed"
2025-12-02T07:16:21Z svc=api level=INFO msg="compaction finished, 7972 segments merged"
2025-12-02T07:16:32Z svc=ingest level=INFO msg="compaction finished, 7045 segments merged"
2025-12-02T07:16:48Z svc=ingest level=INFO msg="cache eviction pass removed 1973 entries"
2025-12-02T07:16:56Z svc=scheduler level=INFO msg="webhook delivery attempt 5090 succeeded"
2025-12-02T07:17:02Z svc=authz level=INFO msg="healthcheck ok rtt=4176ms"
2025-12-02T07:17:06Z svc=scheduler level=INFO msg="retry queue depth=8697"
2025-12-02T07:17:10Z svc=ingest level=INFO msg="webhook delivery attempt 3683 succeeded"
2025-12-02T07:17:19Z svc=authz level=INFO msg="compaction finished, 7692 segments merged"
2025-12-02T07:17:22Z svc=billing level=INFO msg="retry queue depth=3829"
2025-12-02T07:17:36Z svc=ingest level=INFO msg="token refresh completed in 5054ms"
2025-12-02T07:17:47Z svc=scheduler level=INFO msg="compaction finished, 6529 segments merged"
2025-12-02T07:17:55Z svc=billing level=INFO msg="healthcheck ok rtt=3702ms"
2025-12-02T07:18:08Z svc=api level=INFO msg="cache eviction pass removed 2968 entries"
2025-12-02T07:18:11Z svc=authz level=INFO msg="webhook delivery attempt 7580 succeeded"
2025-12-02T07:18:22Z svc=scheduler level=INFO msg="retry queue depth=958"
2025-12-02T07:18:35Z svc=billing level=INFO msg="batch 4588 committed"
2025-12-02T07:18:50Z svc=search level=INFO msg="healthcheck ok rtt=2642ms"
2025-12-02T07:19:04Z svc=ingest level=INFO msg="compaction finished, 7574 segments merged"
2025-12-02T07:19:19Z svc=scheduler level=INFO msg="retry queue depth=4508"
2025-12-02T07:19:33Z svc=ingest level=INFO msg="cache eviction pass removed 789 entries"
2025-12-02T07:19:37Z svc=scheduler level=INFO msg="token refresh completed in 9094ms"
2025-12-02T07:19:52Z svc=ingest level=INFO msg="retry queue depth=8835"
2025-12-02T07:20:05Z svc=api level=INFO msg="batch 4117 committed"
2025-12-02T07:20:08Z svc=ingest level=INFO msg="token refresh completed in 1412ms"
2025-12-02T07:20:12Z svc=authz level=INFO msg="webhook delivery attempt 5145 succeeded"
2025-12-02T07:20:21Z svc=api level=INFO msg="batch 3552 committed"
2025-12-02T07:20:26Z svc=ingest level=INFO msg="retry queue depth=1969"
2025-12-02T07:20:38Z svc=ingest level=INFO msg="webhook delivery attempt 8100 succeeded"
2025-12-02T07:20:41Z svc=ingest level=INFO msg="compaction finished, 9287 segments merged"
2025-12-02T07:20:45Z svc=authz level=INFO msg="retry queue depth=9140"
2025-12-02T07:20:56Z svc=authz level=INFO msg="batch 3970 committed"
2025-12-02T07:21:07Z svc=search level=INFO msg="token refresh completed in 1169ms"
2025-12-02T07:21:17Z svc=billing level=INFO msg="batch 8317 committed"
2025-12-02T07:21:25Z svc=api level=INFO msg="compaction finished, 5072 segments merged"
2025-12-02T07:21:37Z svc=search level=INFO msg="batch 9480 committed"
2025-12-02T07:21:45Z svc=api level=INFO msg="token refresh completed in 4766ms"
2025-12-02T07:21:57Z svc=api level=INFO msg="healthcheck ok rtt=6075ms"
2025-12-02T07:22:02Z svc=ingest level=INFO msg="retry queue depth=7027"
2025-12-02T07:22:08Z svc=search level=INFO msg="webhook delivery attempt 8758 succeeded"
2025-12-02T07:22:23Z svc=scheduler level=INFO msg="token refresh completed in 7468ms"
2025-12-02T07:22:26Z svc=ingest level=INFO msg="healthcheck ok rtt=7265ms"
2025-12-02T07:22:32Z svc=api level=INFO msg="token refresh completed in 430ms"
2025-12-02T07:22:44Z svc=scheduler level=INFO msg="retry queue depth=2717"
2025-12-02T07:22:57Z svc=ingest level=INFO msg="compaction finished, 4719 segments merged"
2025-12-02T07:23:12Z svc=authz level=INFO msg="compaction finished, 7612 segments merged"
2025-12-02T07:23:26Z svc=ingest level=INFO msg="batch 9484 committed"
2025-12-02T07:23:41Z svc=ingest level=INFO msg="compaction finished, 7087 segments merged"
2025-12-02T07:23:44Z svc=scheduler level=INFO msg="batch 1569 committed"
2025-12-02T07:23:49Z svc=authz level=INFO msg="token refresh completed in 1400ms"
2025-12-02T07:24:04Z svc=billing level=INFO msg="webhook delivery attempt 3437 succeeded"
2025-12-02T07:24:15Z svc=search level=INFO msg="cache eviction pass removed 1714 entries"
2025-12-02T07:24:28Z svc=authz level=INFO msg="batch 6130 committed"
2025-12-02T07:24:42Z svc=api level=INFO msg="retry queue depth=5561"
2025-12-02T07:24:58Z svc=authz level=INFO msg="token refresh completed in 5443ms"
2025-12-02T07:25:09Z svc=scheduler level=INFO msg="batch 4786 committed"
2025-12-02T07:25:16Z svc=api level=INFO msg="retry queue depth=8265"
2025-12-02T07:25:30Z svc=api level=INFO msg="retry queue depth=5136"
2025-12-02T07:25:37Z svc=search level=INFO msg="webhook delivery attempt 5705 succeeded"
2025-12-02T07:25:41Z svc=search level=INFO msg="token refresh completed in 149ms"
2025-12-02T07:25:54Z svc=api level=INFO msg="healthcheck ok rtt=7547ms"
2025-12-02T07:25:57Z svc=api level=INFO msg="webhook delivery attempt 8662 succeeded"
2025-12-02T07:26:13Z svc=search level=INFO msg="batch 923 committed"
2025-12-02T07:26:30Z svc=ingest level=INFO msg="batch 5400 committed"
2025-12-02T07:26:35Z svc=api level=INFO msg="healthcheck ok rtt=28ms"
2025-12-02T07:26:38Z svc=api level=INFO msg="batch 4896 committed"
2025-12-02T07:26:50Z svc=api level=INFO msg="token refresh completed in 1843ms"
2025-12-02T07:26:59Z svc=ingest level=INFO msg="cache eviction pass removed 4495 entries"
2025-12-02T07:27:05Z svc=api level=INFO msg="token refresh completed in 8452ms"
2025-12-02T07:27:11Z svc=billing level=INFO msg="compaction finished, 2077 segments merged"
2025-12-02T07:27:14Z svc=api level=INFO msg="healthcheck ok rtt=4056ms"
2025-12-02T07:27:23Z svc=api level=INFO msg="webhook delivery attempt 5009 succeeded"
2025-12-02T07:27:40Z svc=billing level=INFO msg="cache eviction pass removed 1792 entries"
2025-12-02T07:27:52Z svc=api level=INFO msg="compaction finished, 5971 segments merged"
2025-12-02T07:28:09Z svc=ingest level=INFO msg="cache eviction pass removed 5388 entries"
2025-12-02T07:28:25Z svc=billing level=INFO msg="retry queue depth=5392"
2025-12-02T07:28:37Z svc=ingest level=INFO msg="compaction finished, 1767 segments merged"
2025-12-02T07:28:53Z svc=search level=INFO msg="healthcheck ok rtt=732ms"
2025-12-02T07:29:07Z svc=api level=INFO msg="cache eviction pass removed 7443 entries"
2025-12-02T07:29:19Z svc=scheduler level=INFO msg="retry queue depth=6121"
2025-12-02T07:29:33Z svc=billing level=INFO msg="batch 2060 committed"
2025-12-02T07:29:45Z svc=billing level=INFO msg="batch 9248 committed"
2025-12-02T07:29:52Z svc=api level=INFO msg="token refresh completed in 4101ms"
2025-12-02T07:30:04Z svc=search level=INFO msg="cache eviction pass removed 9295 entries"
2025-12-02T07:30:10Z svc=search level=INFO msg="webhook delivery attempt 8973 succeeded"
2025-12-02T07:30:17Z svc=billing level=INFO msg="token refresh completed in 8370ms"
2025-12-02T07:30:30Z svc=api level=INFO msg="compaction finished, 4768 segments merged"
2025-12-02T07:30:34Z svc=scheduler level=INFO msg="retry queue depth=7347"
2025-12-02T07:30:47Z svc=ingest level=INFO msg="token refresh completed in 9451ms"
2025-12-02T07:30:53Z svc=authz level=INFO msg="cache eviction pass removed 109 entries"
2025-12-02T07:31:00Z svc=billing level=INFO msg="healthcheck ok rtt=8368ms"
2025-12-02T07:31:12Z svc=authz level=INFO msg="healthcheck ok rtt=3861ms"
2025-12-02T07:31:27Z svc=billing level=INFO msg="healthcheck ok rtt=3867ms"
2025-12-02T07:31:35Z svc=api level=INFO msg="compaction finished, 2457 segments merged"
2025-12-02T07:31:39Z svc=scheduler level=INFO msg="compaction finished, 2841 segments merged"
2025-12-02T07:31:52Z svc=scheduler level=INFO msg="token refresh completed in 2136ms"
2025-12-02T07:32:09Z svc=authz level=INFO msg="compaction finished, 2819 segments merged"
2025-12-02T07:32:20Z svc=api level=INFO msg="retry queue depth=980"
2025-12-02T07:32:37Z svc=authz level=INFO msg="compaction finished, 5260 segments merged"
2025-12-02T07:32:45Z svc=search level=INFO msg="cache eviction pass removed 4533 entries"
2025-12-02T07:32:55Z svc=billing level=INFO msg="retry queue depth=5674"
2025-12-02T07:33:11Z svc=scheduler level=INFO msg="healthcheck ok rtt=7077ms"
2025-12-02T07:33:15Z svc=search level=INFO msg="batch 795 committed"
2025-12-02T07:33:21Z svc=ingest level=INFO msg="retry queue depth=3075"
2025-12-02T07:33:36Z svc=authz level=INFO msg="token refresh completed in 7910ms"
2025-12-02T07:33:52Z svc=api level=INFO msg="cache eviction pass removed 7654 entries"
2025-12-02T07:33:55Z svc=scheduler level=INFO msg="cache eviction pass removed 3537 entries"
2025-12-02T07:34:08Z svc=authz level=INFO msg="cache eviction pass removed 2623 entries"
2025-12-02T07:34:19Z svc=api level=INFO msg="webhook delivery attempt 6978 succeeded"
2025-12-02T07:34:36Z svc=search level=INFO msg="compaction finished, 994 segments merged"
2025-12-02T07:34:48Z svc=ingest level=INFO msg="batch 1379 committed"
2025-12-02T07:34:58Z svc=ingest level=INFO msg="batch 6 committed"
2025-12-02T07:35:14Z svc=authz level=INFO msg="cache eviction pass removed 4479 entries"
2025-12-02T07:35:24Z svc=ingest level=INFO msg="compaction finished, 8502 segments merged"
2025-12-02T07:35:29Z svc=search level=INFO msg="healthcheck ok rtt=664ms"
2025-12-02T07:35:36Z svc=search level=INFO msg="compaction finished, 4177 segments merged"
2025-12-02T07:35:48Z svc=search level=INFO msg="batch 5113 committed"
2025-12-02T07:36:02Z svc=billing level=INFO msg="cache eviction pass removed 9481 entries"
2025-12-02T07:36:06Z svc=authz level=INFO msg="cache eviction pass removed 204 entries"
2025-12-02T07:36:22Z svc=scheduler level=INFO msg="batch 7479 committed"
2025-12-02T07:36:26Z svc=authz level=INFO msg="retry queue depth=1123"
2025-12-02T07:36:29Z svc=api level=INFO msg="cache eviction pass removed 2357 entries"
2025-12-02T07:36:35Z svc=api level=INFO msg="batch 7796 committed"
2025-12-02T07:36:39Z svc=scheduler level=INFO msg="healthcheck ok rtt=3354ms"
2025-12-02T07:36:48Z svc=ingest level=INFO msg="healthcheck ok rtt=9215ms"
2025-12-02T07:36:54Z svc=billing level=INFO msg="cache eviction pass removed 1134 entries"
2025-12-02T07:37:01Z svc=api level=INFO msg="token refresh completed in 6921ms"
2025-12-02T07:37:11Z svc=authz level=INFO msg="webhook delivery attempt 4545 succeeded"
2025-12-02T07:37:26Z svc=billing level=INFO msg="token refresh completed in 5639ms"
2025-12-02T07:37:36Z svc=search level=INFO msg="retry queue depth=5666"
2025-12-02T07:37:46Z svc=billing level=INFO msg="webhook delivery attempt 7793 succeeded"
2025-12-02T07:37:51Z svc=billing level=INFO msg="batch 6098 committed"
2025-12-02T07:38:07Z svc=scheduler level=INFO msg="compaction finished, 7554 segments merged"
2025-12-02T07:38:15Z svc=billing level=INFO msg="batch 4466 committed"
2025-12-02T07:38:19Z svc=api level=INFO msg="cache eviction pass removed 1041 entries"
2025-12-02T07:38:25Z svc=ingest level=INFO msg="healthcheck ok rtt=2264ms"
2025-12-02T07:38:28Z svc=scheduler level=INFO msg="healthcheck ok rtt=6594ms"
2025-12-02T07:38:41Z svc=authz level=INFO msg="retry queue depth=1871"
2025-12-02T07:38:49Z svc=api level=INFO msg="cache eviction pass removed 1510 entries"
2025-12-02T07:38:56Z svc=billing level=INFO msg="retry queue depth=3885"
2025-12-02T07:39:12Z svc=api level=INFO msg="healthcheck ok rtt=3011ms"
2025-12-02T07:39:15Z svc=search level=INFO msg="batch 264 committed"
2025-12-02T07:39:24Z svc=scheduler level=INFO msg="token refresh completed in 2090ms"
2025-12-02T07:39:31Z svc=billing level=INFO msg="retry queue depth=8229"
2025-12-02T07:39:39Z svc=ingest level=INFO msg="retry queue depth=6801"
2025-12-02T07:39:52Z svc=api level=INFO msg="token refresh completed in 4071ms"
2025-12-02T07:39:56Z svc=ingest level=INFO msg="retry queue depth=500"
2025-12-02T07:40:07Z svc=authz level=INFO msg="token refresh completed in 5159ms"
2025-12-02T07:40:18Z svc=authz level=INFO msg="compaction finished, 9189 segments merged"
2025-12-02T07:40:34Z svc=ingest level=INFO msg="healthcheck ok rtt=2967ms"
2025-12-02T07:40:37Z svc=billing level=INFO msg="compaction finished, 3785 segments merged"
2025-12-02T07:40:45Z svc=search level=INFO msg="retry queue depth=2849"
2025-12-02T07:41:02Z svc=ingest level=INFO msg="retry queue depth=4967"
2025-12-02T07:41:06Z svc=search level=INFO msg="healthcheck ok rtt=8501ms"
2025-12-02T07:41:19Z svc=api level=INFO msg="cache eviction pass removed 4758 entries"
2025-12-02T07:41:33Z svc=authz level=INFO msg="webhook delivery attempt 4335 succeeded"
2025-12-02T07:41:45Z svc=search level=INFO msg="healthcheck ok rtt=6633ms"
2025-12-02T07:41:59Z svc=scheduler level=INFO msg="batch 6511 committed"
2025-12-02T07:42:03Z svc=scheduler level=INFO msg="compaction finished, 4676 segments merged"
2025-12-02T07:42:10Z svc=search level=INFO msg="compaction finished, 1657 segments merged"
2025-12-02T07:42:18Z svc=scheduler level=INFO msg="healthcheck ok rtt=1715ms"
2025-12-02T07:42:32Z svc=billing level=INFO msg="retry queue depth=7254"
2025-12-02T07:42:37Z svc=ingest level=INFO msg="webhook delivery attempt 6274 succeeded"
2025-12-02T07:42:43Z svc=ingest level=INFO msg="cache eviction pass removed 8710 entries"
2025-12-02T07:42:53Z svc=ingest level=INFO msg="cache eviction pass removed 7772 entries"
2025-12-02T07:42:58Z svc=api level=INFO msg="webhook delivery attempt 5123 succeeded"
2025-12-02T07:43:07Z svc=api level=INFO msg="healthcheck ok rtt=6166ms"
2025-12-02T07:43:10Z svc=ingest level=INFO msg="cache eviction pass removed 4184 entries"
2025-12-02T07:43:19Z svc=ingest level=INFO msg="healthcheck ok rtt=2218ms"
2025-12-02T07:43:32Z svc=api level=INFO msg="healthcheck ok rtt=6558ms"
2025-12-02T07:43:38Z svc=ingest level=INFO msg="cache eviction pass removed 4630 entries"
2025-12-02T07:43:52Z svc=search level=INFO msg="token refresh completed in 9499ms"
2025-12-02T07:44:09Z svc=ingest level=INFO msg="token refresh completed in 2646ms"
2025-12-02T07:44:14Z svc=ingest level=INFO msg="token refresh completed in 2387ms"
2025-12-02T07:44:20Z svc=scheduler level=INFO msg="compaction finished, 9459 segments merged"
2025-12-02T07:44:30Z svc=authz level=INFO msg="token refresh completed in 2867ms"
2025-12-02T07:44:46Z svc=scheduler level=INFO msg="healthcheck ok rtt=5708ms"
2025-12-02T07:45:03Z svc=api level=INFO msg="compaction finished, 4851 segments merged"
2025-12-02T07:45:14Z svc=authz level=INFO msg="compaction finished, 2337 segments merged"
2025-12-02T07:45:23Z svc=api level=INFO msg="token refresh completed in 5755ms"
2025-12-02T07:45:37Z svc=api level=INFO msg="token refresh completed in 1422ms"
2025-12-02T07:45:42Z svc=api level=INFO msg="cache eviction pass removed 5463 entries"
2025-12-02T07:45:53Z svc=scheduler level=INFO msg="retry queue depth=410"
2025-12-02T07:45:57Z svc=api level=INFO msg="token refresh completed in 6869ms"
2025-12-02T07:46:10Z svc=billing level=INFO msg="batch 3619 committed"
2025-12-02T07:46:13Z svc=authz level=INFO msg="healthcheck ok rtt=8845ms"
2025-12-02T07:46:30Z svc=scheduler level=INFO msg="retry queue depth=3656"
2025-12-02T07:46:38Z svc=billing level=INFO msg="webhook delivery attempt 2418 succeeded"
2025-12-02T07:46:41Z svc=api level=INFO msg="healthcheck ok rtt=1875ms"
2025-12-02T07:46:45Z svc=scheduler level=INFO msg="retry queue depth=472"
2025-12-02T07:46:56Z svc=scheduler level=INFO msg="healthcheck ok rtt=986ms"
2025-12-02T07:47:11Z svc=scheduler level=INFO msg="webhook delivery attempt 251 succeeded"
2025-12-02T07:47:17Z svc=ingest level=INFO msg="webhook delivery attempt 1512 succeeded"
2025-12-02T07:47:34Z svc=scheduler level=INFO msg="compaction finished, 1802 segments merged"
2025-12-02T07:47:43Z svc=billing level=INFO msg="retry queue depth=670"
2025-12-02T07:47:50Z svc=scheduler level=INFO msg="token refresh completed in 1988ms"
2025-12-02T07:47:54Z svc=authz level=INFO msg="compaction finished, 8032 segments merged"
2025-12-02T07:48:06Z svc=billing level=INFO msg="healthcheck ok rtt=4922ms"
2025-12-02T07:48:20Z svc=api level=INFO msg="cache eviction pass removed 5786 entries"
2025-12-02T07:48:33Z svc=search level=INFO msg="retry queue depth=8918"
2025-12-02T07:48:42Z svc=billing level=INFO msg="token refresh completed in 6759ms"
2025-12-02T07:48:51Z svc=billing level=INFO msg="healthcheck ok rtt=3786ms"
2025-12-02T07:49:06Z svc=search level=INFO msg="batch 4278 committed"
2025-12-02T07:49:18Z svc=billing level=INFO msg="webhook delivery attempt 527 succeeded"
2025-12-02T07:49:27Z svc=authz level=INFO msg="retry queue depth=2184"
2025-12-02T07:49:35Z svc=authz level=INFO msg="token refresh completed in 3298ms"
2025-12-02T07:49:42Z svc=search level=INFO msg="cache eviction pass removed 1750 entries"
2025-12-02T07:49:57Z svc=api level=INFO msg="compaction finished, 9140 segments merged"
2025-12-02T07:50:06Z svc=api level=INFO msg="webhook delivery attempt 6216 succeeded"
2025-12-02T07:50:17Z svc=api level=INFO msg="retry queue depth=690"
2025-12-02T07:50:25Z svc=api level=INFO msg="compaction finished, 7021 segments merged"
2025-12-02T07:50:41Z svc=ingest level=INFO msg="webhook delivery attempt 1991 succeeded"
2025-12-02T07:50:52Z svc=billing level=INFO msg="token refresh completed in 8579ms"
2025-12-02T07:51:01Z svc=authz level=INFO msg="healthcheck ok rtt=75ms"
2025-12-02T07:51:04Z svc=scheduler level=INFO msg="compaction finished, 3639 segments merged"
2025-12-02T07:51:18Z svc=billing level=INFO msg="retry queue depth=1743"
2025-12-02T07:51:24Z svc=ingest level=INFO msg="webhook delivery attempt 7859 succeeded"
2025-12-02T07:51:27Z svc=api level=INFO msg="cache eviction pass removed 5972 entries"
2025-12-02T07:51:35Z svc=billing level=INFO msg="webhook delivery attempt 4616 succeeded"
2025-12-02T07:51:40Z svc=scheduler level=INFO msg="compaction finished, 2283 segments merged"
2025-12-02T07:51:54Z svc=scheduler level=INFO msg="batch 500 committed"
2025-12-02T07:52:09Z svc=scheduler level=INFO msg="cache eviction pass removed 6523 entries"
2025-12-02T07:52:17Z svc=scheduler level=INFO msg="healthcheck ok rtt=429ms"
2025-12-02T07:52:28Z svc=api level=INFO msg="cache eviction pass removed 148 entries"
2025-12-02T07:52:38Z svc=api level=INFO msg="token refresh completed in 289ms"
2025-12-02T07:52:50Z svc=search level=INFO msg="retry queue depth=6490"
2025-12-02T07:53:03Z svc=billing level=INFO msg="compaction finished, 8597 segments merged"
2025-12-02T07:53:20Z svc=ingest level=INFO msg="cache eviction pass removed 2654 entries"
2025-12-02T07:53:31Z svc=search level=INFO msg="retry queue depth=8353"
2025-12-02T07:53:42Z svc=ingest level=INFO msg="compaction finished, 9085 segments merged"
2025-12-02T07:53:52Z svc=authz level=INFO msg="retry queue depth=2668"
2025-12-02T07:54:08Z svc=billing level=INFO msg="batch 960 committed"
2025-12-02T07:54:21Z svc=api level=INFO msg="healthcheck ok rtt=9150ms"
2025-12-02T07:54:28Z svc=scheduler level=INFO msg="token refresh completed in 7680ms"
2025-12-02T07:54:43Z svc=scheduler level=INFO msg="healthcheck ok rtt=330ms"
2025-12-02T07:54:48Z svc=api level=INFO msg="retry queue depth=7122"
2025-12-02T07:55:05Z svc=scheduler level=INFO msg="healthcheck ok rtt=7779ms"
2025-12-02T07:55:19Z svc=scheduler level=INFO msg="healthcheck ok rtt=585ms"
2025-12-02T07:55:32Z svc=billing level=INFO msg="retry queue depth=1382"
2025-12-02T07:55:37Z svc=authz level=INFO msg="healthcheck ok rtt=5471ms"
2025-12-02T07:55:45Z svc=authz level=INFO msg="cache eviction pass removed 4802 entries"
2025-12-02T07:55:50Z svc=search level=INFO msg="compaction finished, 6355 segments merged"
2025-12-02T07:56:03Z svc=api level=INFO msg="webhook delivery attempt 3787 succeeded"
2025-12-02T07:56:17Z svc=search level=INFO msg="batch 4106 committed"
2025-12-02T07:56:21Z svc=api level=INFO msg="healthcheck ok rtt=9248ms"
2025-12-02T07:56:30Z svc=scheduler level=INFO msg="compaction finished, 2726 segments merged"
2025-12-02T07:56:35Z svc=billing level=INFO msg="compaction finished, 1250 segments merged"
2025-12-02T07:56:40Z svc=authz level=INFO msg="batch 699 committed"
2025-12-02T07:56:53Z svc=search level=INFO msg="retry queue depth=8060"
2025-12-02T07:57:03Z svc=ingest level=INFO msg="compaction finished, 4684 segments merged"
2025-12-02T07:57:13Z svc=ingest level=INFO msg="token refresh completed in 1507ms"
2025-12-02T07:57:30Z svc=ingest level=INFO msg="healthcheck ok rtt=6961ms"
2025-12-02T07:57:40Z svc=api level=INFO msg="batch 6530 committed"
2025-12-02T07:57:57Z svc=api level=INFO msg="retry queue depth=2184"
2025-12-02T07:58:00Z svc=billing level=INFO msg="retry queue depth=2944"
2025-12-02T07:58:07Z svc=authz level=INFO msg="compaction finished, 5231 segments merged"
2025-12-02T07:58:22Z svc=billing level=INFO msg="batch 5328 committed"
2025-12-02T07:58:25Z svc=search level=INFO msg="compaction finished, 826 segments merged"
2025-12-02T07:58:39Z svc=search level=INFO msg="retry queue depth=5584"
2025-12-02T07:58:48Z svc=billing level=INFO msg="retry queue depth=8745"
2025-12-02T07:59:05Z svc=scheduler level=INFO msg="batch 7733 committed"
2025-12-02T07:59:20Z svc=scheduler level=INFO msg="cache eviction pass removed 135 entries"
2025-12-02T07:59:25Z svc=authz level=INFO msg="token refresh completed in 8932ms"
2025-12-02T07:59:37Z svc=authz level=INFO msg="retry queue depth=4436"
2025-12-02T07:59:47Z svc=authz level=INFO msg="token refresh completed in 8999ms"
2025-12-02T07:59:50Z svc=search level=INFO msg="batch 3157 committed"
2025-12-02T07:59:54Z svc=search level=INFO msg="retry queue depth=3344"
2025-12-02T08:00:03Z svc=authz level=INFO msg="compaction finished, 7339 segments merged"
2025-12-02T08:00:18Z svc=ingest level=INFO msg="compaction finished, 9494 segments merged"
2025-12-02T08:00:21Z svc=billing level=INFO msg="compaction finished, 159 segments merged"
2025-12-02T08:00:26Z svc=scheduler level=INFO msg="healthcheck ok rtt=6146ms"
2025-12-02T08:00:41Z svc=billing level=INFO msg="token refresh completed in 7421ms"
2025-12-02T08:00:55Z svc=scheduler level=INFO msg="token refresh completed in 1735ms"
2025-12-02T08:01:01Z svc=ingest level=INFO msg="webhook delivery attempt 656 succeeded"
2025-12-02T08:01:13Z svc=api level=INFO msg="healthcheck ok rtt=1078ms"
2025-12-02T08:01:22Z svc=billing level=INFO msg="cache eviction pass removed 6261 entries"
2025-12-02T08:01:34Z svc=ingest level=INFO msg="retry queue depth=6812"
2025-12-02T08:01:44Z svc=ingest level=INFO msg="batch 3740 committed"
2025-12-02T08:01:48Z svc=authz level=INFO msg="batch 1482 committed"
2025-12-02T08:01:54Z svc=authz level=INFO msg="webhook delivery attempt 4121 succeeded"
2025-12-02T08:02:00Z svc=scheduler level=INFO msg="batch 6380 committed"
2025-12-02T08:02:06Z svc=scheduler level=INFO msg="webhook delivery attempt 5404 succeeded"
2025-12-02T08:02:17Z svc=scheduler level=INFO msg="token refresh completed in 9099ms"
2025-12-02T08:02:25Z svc=ingest level=INFO msg="cache eviction pass removed 7919 entries"
2025-12-02T08:02:40Z svc=ingest level=INFO msg="batch 3458 committed"
2025-12-02T08:02:54Z svc=scheduler level=INFO msg="webhook delivery attempt 2322 succeeded"
2025-12-02T08:03:01Z svc=api level=INFO msg="token refresh completed in 8299ms"
2025-12-02T08:03:04Z svc=billing level=INFO msg="batch 2878 committed"
2025-12-02T08:03:19Z svc=authz level=INFO msg="retry queue depth=8174"
2025-12-02T08:03:30Z svc=scheduler level=INFO msg="token refresh completed in 3229ms"
2025-12-02T08:03:42Z svc=scheduler level=INFO msg="retry queue depth=4717"
2025-12-02T08:03:58Z svc=billing level=INFO msg="token refresh completed in 6241ms"
2025-12-02T08:04:05Z svc=api level=INFO msg="compaction finished, 7568 segments merged"
2025-12-02T08:04:15Z svc=scheduler level=INFO msg="healthcheck ok rtt=3638ms"
2025-12-02T08:04:28Z svc=ingest level=INFO msg="healthcheck ok rtt=5362ms"
2025-12-02T08:04:43Z svc=billing level=INFO msg="healthcheck ok rtt=7779ms"
2025-12-02T08:04:57Z svc=search level=INFO msg="retry queue depth=2125"
2025-12-02T08:05:04Z svc=authz level=INFO msg="healthcheck ok rtt=3643ms"
2025-12-02T08:05:16Z svc=authz level=INFO msg="cache eviction pass removed 7395 entries"
2025-12-02T08:05:30Z svc=ingest level=INFO msg="webhook delivery attempt 6792 succeeded"
2025-12-02T08:05:42Z svc=ingest level=INFO msg="compaction finished, 3110 segments merged"
2025-12-02T08:05:48Z svc=api level=INFO msg="token refresh completed in 3882ms"
2025-12-02T08:05:52Z svc=ingest level=INFO msg="batch 4200 committed"
2025-12-02T08:06:04Z svc=search level=INFO msg="retry queue depth=9050"
2025-12-02T08:06:12Z svc=search level=INFO msg="compaction finished, 8732 segments merged"
2025-12-02T08:06:15Z svc=ingest level=INFO msg="webhook delivery attempt 9413 succeeded"
2025-12-02T08:06:29Z svc=scheduler level=INFO msg="compaction finished, 4856 segments merged"
2025-12-02T08:06:32Z svc=scheduler level=INFO msg="webhook delivery attempt 8356 succeeded"
2025-12-02T08:06:44Z svc=authz level=INFO msg="token refresh completed in 7131ms"
2025-12-02T08:06:53Z svc=ingest level=INFO msg="token refresh completed in 2681ms"
2025-12-02T08:07:07Z svc=api level=INFO msg="healthcheck ok rtt=5807ms"
2025-12-02T08:07:17Z svc=ingest level=INFO msg="batch 4898 committed"
2025-12-02T08:07:27Z svc=authz level=INFO msg="retry queue depth=7795"
2025-12-02T08:07:40Z svc=authz level=INFO msg="batch 4377 committed"
2025-12-02T08:07:52Z svc=scheduler level=INFO msg="cache eviction pass removed 1103 entries"
2025-12-02T08:07:55Z svc=api level=INFO msg="webhook delivery attempt 4124 succeeded"
2025-12-02T08:08:09Z svc=api level=INFO msg="token refresh completed in 4708ms"
2025-12-02T08:08:21Z svc=scheduler level=INFO msg="healthcheck ok rtt=5553ms"
2025-12-02T08:08:37Z svc=search level=INFO msg="batch 5758 committed"
2025-12-02T08:08:41Z svc=search level=INFO msg="retry queue depth=7509"
2025-12-02T08:08:44Z svc=billing level=INFO msg="healthcheck ok rtt=8747ms"
2025-12-02T08:08:54Z svc=scheduler level=INFO msg="batch 7045 committed"
2025-12-02T08:08:58Z svc=ingest level=INFO msg="batch 5176 committed"
2025-12-02T08:09:08Z svc=scheduler level=INFO msg="token refresh completed in 8698ms"
2025-12-02T08:09:19Z svc=scheduler level=INFO msg="cache eviction pass removed 2858 entries"
2025-12-02T08:09:30Z svc=scheduler level=INFO msg="compaction finished, 7921 segments merged"
2025-12-02T08:09:43Z svc=billing level=INFO msg="compaction finished, 792 segments merged"
2025-12-02T08:09:47Z svc=search level=INFO msg="cache eviction pass removed 6208 entries"
2025-12-02T08:09:59Z svc=billing level=INFO msg="webhook delivery attempt 1483 succeeded"
2025-12-02T08:10:09Z svc=ingest level=INFO msg="healthcheck ok rtt=2564ms"
2025-12-02T08:10:17Z svc=api level=INFO msg="batch 7065 committed"
2025-12-02T08:10:30Z svc=scheduler level=INFO msg="healthcheck ok rtt=6789ms"
2025-12-02T08:10:34Z svc=api level=INFO msg="cache eviction pass removed 862 entries"
2025-12-02T08:10:40Z svc=scheduler level=INFO msg="retry queue depth=5188"
2025-12-02T08:10:56Z svc=api level=INFO msg="retry queue depth=3461"
2025-12-02T08:11:11Z svc=search level=INFO msg="retry queue depth=1003"
2025-12-02T08:11:28Z svc=search level=INFO msg="batch 4718 committed"
2025-12-02T08:11:34Z svc=search level=INFO msg="compaction finished, 1879 segments merged"
2025-12-02T08:11:40Z svc=ingest level=INFO msg="webhook delivery attempt 6705 succeeded"
2025-12-02T08:11:46Z svc=billing level=INFO msg="batch 4221 committed"
2025-12-02T08:11:55Z svc=scheduler level=INFO msg="cache eviction pass removed 2023 entries"
2025-12-02T08:12:07Z svc=api level=INFO msg="healthcheck ok rtt=3390ms"
2025-12-02T08:12:23Z svc=search level=INFO msg="retry queue depth=9052"
2025-12-02T08:12:29Z svc=billing level=INFO msg="webhook delivery attempt 8680 succeeded"
2025-12-02T08:12:35Z svc=search level=INFO msg="cache eviction pass removed 3303 entries"
2025-12-02T08:12:43Z svc=ingest level=INFO msg="webhook delivery attempt 5367 succeeded"
2025-12-02T08:12:59Z svc=ingest level=INFO msg="healthcheck ok rtt=8100ms"
2025-12-02T08:13:09Z svc=search level=INFO msg="token refresh completed in 6733ms"
2025-12-02T08:13:18Z svc=api level=INFO msg="retry queue depth=6207"
2025-12-02T08:13:25Z svc=search level=INFO msg="compaction finished, 5804 segments merged"
2025-12-02T08:13:37Z svc=billing level=INFO msg="compaction finished, 714 segments merged"
2025-12-02T08:13:46Z svc=search level=INFO msg="retry queue depth=1763"
2025-12-02T08:14:00Z svc=search level=INFO msg="healthcheck ok rtt=4643ms"
2025-12-02T08:14:15Z svc=scheduler level=INFO msg="batch 9268 committed"
2025-12-02T08:14:31Z svc=api level=INFO msg="token refresh completed in 5609ms"
2025-12-02T08:14:48Z svc=scheduler level=INFO msg="cache eviction pass removed 6183 entries"
2025-12-02T08:15:00Z svc=billing level=INFO msg="retry queue depth=8362"
2025-12-02T08:15:07Z svc=api level=INFO msg="compaction finished, 3154 segments merged"
2025-12-02T08:15:18Z svc=api level=INFO msg="webhook delivery attempt 1933 succeeded"
2025-12-02T08:15:35Z svc=api level=INFO msg="batch 7366 committed"
2025-12-02T08:15:51Z svc=scheduler level=INFO msg="batch 6288 committed"
2025-12-02T08:16:04Z svc=ingest level=INFO msg="token refresh completed in 6808ms"
2025-12-02T08:16:20Z svc=ingest level=INFO msg="compaction finished, 5628 segments merged"
2025-12-02T08:16:36Z svc=scheduler level=INFO msg="batch 5783 committed"
2025-12-02T08:16:41Z svc=api level=INFO msg="healthcheck ok rtt=2185ms"
2025-12-02T08:16:44Z svc=ingest level=INFO msg="webhook delivery attempt 4193 succeeded"
2025-12-02T08:16:54Z svc=search level=INFO msg="cache eviction pass removed 8351 entries"
2025-12-02T08:17:10Z svc=api level=INFO msg="token refresh completed in 7472ms"
2025-12-02T08:17:27Z svc=scheduler level=INFO msg="batch 2628 committed"
2025-12-02T08:17:42Z svc=authz level=INFO msg="retry queue depth=1557"
2025-12-02T08:17:47Z svc=api level=INFO msg="webhook delivery attempt 6746 succeeded"
2025-12-02T08:18:01Z svc=authz level=INFO msg="retry queue depth=4608"
2025-12-02T08:18:09Z svc=search level=INFO msg="cache eviction pass removed 8791 entries"
2025-12-02T08:18:19Z svc=authz level=INFO msg="cache eviction pass removed 3262 entries"
2025-12-02T08:18:22Z svc=scheduler level=INFO msg="cache eviction pass removed 5289 entries"
2025-12-02T08:18:27Z svc=scheduler level=INFO msg="healthcheck ok rtt=2112ms"
2025-12-02T08:18:37Z svc=scheduler level=INFO msg="webhook delivery attempt 7577 succeeded"
2025-12-02T08:18:53Z svc=api level=INFO msg="compaction finished, 6748 segments merged"
2025-12-02T08:19:09Z svc=billing level=INFO msg="retry queue depth=6289"
2025-12-02T08:19:18Z svc=authz level=INFO msg="compaction finished, 3115 segments merged"
2025-12-02T08:19:25Z svc=authz level=INFO msg="batch 6417 committed"
2025-12-02T08:19:35Z svc=api level=INFO msg="token refresh completed in 6812ms"
2025-12-02T08:19:46Z svc=ingest level=INFO msg="token refresh completed in 5602ms"
2025-12-02T08:19:50Z svc=authz level=INFO msg="batch 6643 committed"
2025-12-02T08:20:01Z svc=billing level=INFO msg="token refresh completed in 964ms"
2025-12-02T08:20:13Z svc=search level=INFO msg="batch 3407 committed"
2025-12-02T08:20:20Z svc=billing level=INFO msg="healthcheck ok rtt=2045ms"
2025-12-02T08:20:37Z svc=authz level=INFO msg="cache eviction pass removed 542 entries"
2025-12-02T08:20:53Z svc=search level=INFO msg="healthcheck ok rtt=558ms"
2025-12-02T08:21:06Z svc=authz level=INFO msg="batch 2521 committed"
2025-12-02T08:21:09Z svc=ingest level=INFO msg="token refresh completed in 9229ms"
2025-12-02T08:21:15Z svc=search level=INFO msg="token refresh completed in 4463ms"
2025-12-02T08:21:30Z svc=ingest level=INFO msg="retry queue depth=3416"
2025-12-02T08:21:47Z svc=ingest level=INFO msg="token refresh completed in 2395ms"
2025-12-02T08:21:56Z svc=api level=INFO msg="healthcheck ok rtt=8214ms"
2025-12-02T08:22:02Z svc=billing level=INFO msg="batch 300 committed"
2025-12-02T08:22:17Z svc=scheduler level=INFO msg="healthcheck ok rtt=1381ms"
2025-12-02T08:22:22Z svc=authz level=INFO msg="token refresh completed in 1977ms"
2025-12-02T08:22:28Z svc=billing level=INFO msg="cache eviction pass removed 1542 entries"
2025-12-02T08:22:41Z svc=ingest level=INFO msg="retry queue depth=6555"
2025-12-02T08:22:53Z svc=scheduler level=INFO msg="cache eviction pass removed 9376 entries"
2025-12-02T08:23:10Z svc=billing level=INFO msg="compaction finished, 5636 segments merged"
2025-12-02T08:23:13Z svc=api level=INFO msg="batch 6339 committed"
2025-12-02T08:23:28Z svc=api level=INFO msg="token refresh completed in 4050ms"
2025-12-02T08:23:43Z svc=billing level=INFO msg="batch 1313 committed"
2025-12-02T08:23:58Z svc=api level=INFO msg="compaction finished, 262 segments merged"
2025-12-02T08:24:11Z svc=authz level=INFO msg="retry queue depth=3966"
2025-12-02T08:24:21Z svc=search level=INFO msg="retry queue depth=8904"
2025-12-02T08:24:37Z svc=scheduler level=INFO msg="compaction finished, 1083 segments merged"
2025-12-02T08:24:48Z svc=authz level=INFO msg="retry queue depth=6970"
2025-12-02T08:24:59Z svc=billing level=INFO msg="healthcheck ok rtt=3020ms"
2025-12-02T08:25:07Z svc=scheduler level=INFO msg="retry queue depth=6397"
2025-12-02T08:25:24Z svc=authz level=INFO msg="cache eviction pass removed 7034 entries"
2025-12-02T08:25:32Z svc=ingest level=INFO msg="retry queue depth=8747"
2025-12-02T08:25:47Z svc=scheduler level=INFO msg="compaction finished, 7483 segments merged"
2025-12-02T08:25:59Z svc=ingest level=INFO msg="batch 7496 committed"
2025-12-02T08:26:09Z svc=api level=INFO msg="retry queue depth=233"
2025-12-02T08:26:22Z svc=api level=INFO msg="compaction finished, 6087 segments merged"
2025-12-02T08:26:26Z svc=search level=INFO msg="token refresh completed in 3222ms"
2025-12-02T08:26:39Z svc=ingest level=INFO msg="compaction finished, 2002 segments merged"
2025-12-02T08:26:55Z svc=authz level=INFO msg="healthcheck ok rtt=324ms"
2025-12-02T08:27:07Z svc=api level=INFO msg="retry queue depth=6627"
2025-12-02T08:27:17Z svc=ingest level=INFO msg="batch 931 committed"
2025-12-02T08:27:30Z svc=search level=INFO msg="retry queue depth=9102"
2025-12-02T08:27:37Z svc=ingest level=INFO msg="webhook delivery attempt 9403 succeeded"
2025-12-02T08:27:43Z svc=ingest level=INFO msg="compaction finished, 3590 segments merged"
2025-12-02T08:27:47Z svc=ingest level=INFO msg="cache eviction pass removed 4753 entries"
2025-12-02T08:28:01Z svc=scheduler level=INFO msg="cache eviction pass removed 7421 entries"
2025-12-02T08:28:16Z svc=scheduler level=INFO msg="compaction finished, 8887 segments merged"
2025-12-02T08:28:26Z svc=ingest level=INFO msg="retry queue depth=2986"
2025-12-02T08:28:40Z svc=ingest level=INFO msg="webhook delivery attempt 4849 succeeded"
2025-12-02T08:28:51Z svc=scheduler level=INFO msg="webhook delivery attempt 8931 succeeded"
2025-12-02T08:29:04Z svc=api level=INFO msg="token refresh completed in 3569ms"
2025-12-02T08:29:21Z svc=billing level=INFO msg="token refresh completed in 2413ms"
2025-12-02T08:29:35Z svc=billing level=INFO msg="cache eviction pass removed 2679 entries"
2025-12-02T08:29:49Z svc=scheduler level=INFO msg="cache eviction pass removed 4490 entries"
2025-12-02T08:30:01Z svc=authz level=INFO msg="batch 4479 committed"
2025-12-02T08:30:10Z svc=search level=INFO msg="compaction finished, 288 segments merged"
2025-12-02T08:30:25Z svc=api level=INFO msg="cache eviction pass removed 614 entries"
2025-12-02T08:30:37Z svc=search level=INFO msg="retry queue depth=8421"
2025-12-02T08:30:53Z svc=ingest level=INFO msg="batch 6534 committed"
2025-12-02T08:31:07Z svc=ingest level=INFO msg="retry queue depth=6399"
2025-12-02T08:31:14Z svc=authz level=INFO msg="batch 1809 committed"
2025-12-02T08:31:18Z svc=scheduler level=INFO msg="compaction finished, 4467 segments merged"
2025-12-02T08:31:22Z svc=api level=INFO msg="compaction finished, 2022 segments merged"
2025-12-02T08:31:38Z svc=api level=INFO msg="cache eviction pass removed 488 entries"
2025-12-02T08:31:48Z svc=billing level=INFO msg="token refresh completed in 2534ms"
2025-12-02T08:31:54Z svc=search level=INFO msg="batch 4842 committed"
2025-12-02T08:32:04Z svc=api level=INFO msg="cache eviction pass removed 937 entries"
2025-12-02T08:32:20Z svc=scheduler level=INFO msg="batch 7402 committed"
2025-12-02T08:32:30Z svc=search level=INFO msg="webhook delivery attempt 8282 succeeded"
2025-12-02T08:32:34Z svc=ingest level=INFO msg="retry queue depth=692"
2025-12-02T08:32:41Z svc=ingest level=INFO msg="token refresh completed in 6125ms"
2025-12-02T08:32:47Z svc=scheduler level=INFO msg="retry queue depth=4714"
2025-12-02T08:32:52Z svc=search level=INFO msg="retry queue depth=8056"
2025-12-02T08:32:55Z svc=billing level=INFO msg="webhook delivery attempt 9333 succeeded"
2025-12-02T08:33:05Z svc=search level=INFO msg="healthcheck ok rtt=309ms"
2025-12-02T08:33:08Z svc=ingest level=INFO msg="retry queue depth=4104"
2025-12-02T08:33:24Z svc=authz level=INFO msg="token refresh completed in 4187ms"
2025-12-02T08:33:31Z svc=api level=INFO msg="token refresh completed in 6179ms"
2025-12-02T08:33:37Z svc=api level=INFO msg="healthcheck ok rtt=5597ms"
2025-12-02T08:33:43Z svc=search level=INFO msg="batch 7621 committed"
2025-12-02T08:33:50Z svc=authz level=INFO msg="cache eviction pass removed 1518 entries"
2025-12-02T08:33:56Z svc=scheduler level=INFO msg="token refresh completed in 982ms"
2025-12-02T08:34:08Z svc=scheduler level=INFO msg="batch 386 committed"
2025-12-02T08:34:18Z svc=search level=INFO msg="webhook delivery attempt 6625 succeeded"
2025-12-02T08:34:24Z svc=scheduler level=INFO msg="cache eviction pass removed 1749 entries"
2025-12-02T08:34:35Z svc=ingest level=INFO msg="retry queue depth=5800"
2025-12-02T08:34:49Z svc=ingest level=INFO msg="webhook delivery attempt 8543 succeeded"
2025-12-02T08:34:56Z svc=scheduler level=INFO msg="batch 4959 committed"
2025-12-02T08:35:11Z svc=authz level=INFO msg="batch 5988 committed"
2025-12-02T08:35:22Z svc=authz level=INFO msg="batch 2157 committed"
2025-12-02T08:35:25Z svc=api level=INFO msg="compaction finished, 9268 segments merged"
2025-12-02T08:35:36Z svc=api level=INFO msg="healthcheck ok rtt=1352ms"
2025-12-02T08:35:46Z svc=authz level=INFO msg="retry queue depth=8967"
2025-12-02T08:35:55Z svc=search level=INFO msg="webhook delivery attempt 206 succeeded"
2025-12-02T08:36:02Z svc=billing level=INFO msg="healthcheck ok rtt=680ms"
2025-12-02T08:36:16Z svc=authz level=INFO msg="webhook delivery attempt 8383 succeeded"
2025-12-02T08:36:19Z svc=authz level=INFO msg="retry queue depth=8801"
2025-12-02T08:36:26Z svc=authz level=INFO msg="token refresh completed in 445ms"
2025-12-02T08:36:35Z svc=api level=INFO msg="batch 6711 committed"
2025-12-02T08:36:45Z svc=search level=INFO msg="batch 4306 committed"
2025-12-02T08:36:48Z svc=api level=INFO msg="batch 7404 committed"
2025-12-02T08:36:53Z svc=ingest level=INFO msg="webhook delivery attempt 5714 succeeded"
2025-12-02T08:37:08Z svc=billing level=INFO msg="batch 7146 committed"
2025-12-02T08:37:23Z svc=api level=INFO msg="retry queue depth=5262"
2025-12-02T08:37:30Z svc=billing level=INFO msg="healthcheck ok rtt=4161ms"
2025-12-02T08:37:34Z svc=billing level=INFO msg="healthcheck ok rtt=1044ms"
2025-12-02T08:37:38Z svc=scheduler level=INFO msg="batch 8855 committed"
2025-12-02T08:37:41Z svc=authz level=INFO msg="retry queue depth=6056"
2025-12-02T08:37:45Z svc=authz level=INFO msg="token refresh completed in 8420ms"
2025-12-02T08:37:54Z svc=billing level=INFO msg="webhook delivery attempt 776 succeeded"
2025-12-02T08:38:03Z svc=ingest level=INFO msg="retry queue depth=6659"
2025-12-02T08:38:12Z svc=ingest level=INFO msg="healthcheck ok rtt=9402ms"
2025-12-02T08:38:21Z svc=scheduler level=INFO msg="token refresh completed in 2922ms"
2025-12-02T08:38:36Z svc=authz level=INFO msg="batch 2397 committed"
2025-12-02T08:38:39Z svc=billing level=INFO msg="retry queue depth=6822"
2025-12-02T08:38:47Z svc=authz level=INFO msg="token refresh completed in 3092ms"
2025-12-02T08:38:55Z svc=scheduler level=INFO msg="compaction finished, 6627 segments merged"
2025-12-02T08:39:05Z svc=search level=INFO msg="token refresh completed in 6703ms"
2025-12-02T08:39:22Z svc=billing level=INFO msg="retry queue depth=1881"
2025-12-02T08:39:26Z svc=billing level=INFO msg="retry queue depth=6812"
2025-12-02T08:39:39Z svc=ingest level=INFO msg="healthcheck ok rtt=2336ms"
2025-12-02T08:39:43Z svc=ingest level=INFO msg="batch 1836 committed"
2025-12-02T08:39:47Z svc=authz level=INFO msg="token refresh completed in 6977ms"
2025-12-02T08:39:52Z svc=search level=INFO msg="retry queue depth=6131"
2025-12-02T08:39:56Z svc=ingest level=INFO msg="webhook delivery attempt 4113 succeeded"
2025-12-02T08:39:59Z svc=search level=INFO msg="healthcheck ok rtt=9020ms"
2025-12-02T08:40:05Z svc=search level=INFO msg="retry queue depth=7151"
2025-12-02T08:40:22Z svc=scheduler level=INFO msg="cache eviction pass removed 2695 entries"
2025-12-02T08:40:25Z svc=scheduler level=INFO msg="batch 3475 committed"
2025-12-02T08:40:35Z svc=api level=INFO msg="token refresh completed in 3003ms"
2025-12-02T08:40:40Z svc=search level=INFO msg="healthcheck ok rtt=2959ms"
2025-12-02T08:40:44Z svc=scheduler level=INFO msg="healthcheck ok rtt=1277ms"
2025-12-02T08:40:57Z svc=scheduler level=INFO msg="token refresh completed in 3493ms"
2025-12-02T08:41:11Z svc=search level=INFO msg="healthcheck ok rtt=4349ms"
2025-12-02T08:41:15Z svc=api level=INFO msg="retry queue depth=8917"
2025-12-02T08:41:24Z svc=api level=INFO msg="webhook delivery attempt 2574 succeeded"
2025-12-02T08:41:32Z svc=search level=INFO msg="webhook delivery attempt 3547 succeeded"
2025-12-02T08:41:37Z svc=billing level=INFO msg="cache eviction pass removed 4358 entries"
2025-12-02T08:41:46Z svc=search level=INFO msg="healthcheck ok rtt=971ms"
2025-12-02T08:41:59Z svc=billing level=INFO msg="webhook delivery attempt 4366 succeeded"
2025-12-02T08:42:16Z svc=ingest level=INFO msg="webhook delivery attempt 7996 succeeded"
2025-12-02T08:42:19Z svc=api level=INFO msg="retry queue depth=8856"
2025-12-02T08:42:24Z svc=scheduler level=INFO msg="retry queue depth=9074"
2025-12-02T08:42:39Z svc=api level=INFO msg="healthcheck ok rtt=3644ms"
2025-12-02T08:42:49Z svc=api level=INFO msg="compaction finished, 2160 segments merged"
2025-12-02T08:43:04Z svc=billing level=INFO msg="retry queue depth=3289"
2025-12-02T08:43:15Z svc=api level=INFO msg="token refresh completed in 6608ms"
2025-12-02T08:43:24Z svc=ingest level=INFO msg="retry queue depth=6141"
2025-12-02T08:43:29Z svc=ingest level=INFO msg="compaction finished, 9188 segments merged"
2025-12-02T08:43:37Z svc=authz level=INFO msg="retry queue depth=4881"
2025-12-02T08:43:40Z svc=billing level=INFO msg="healthcheck ok rtt=7228ms"
2025-12-02T08:43:54Z svc=authz level=INFO msg="healthcheck ok rtt=3955ms"
2025-12-02T08:44:03Z svc=ingest level=INFO msg="compaction finished, 7013 segments merged"
2025-12-02T08:44:10Z svc=scheduler level=INFO msg="webhook delivery attempt 1143 succeeded"
2025-12-02T08:44:20Z svc=ingest level=INFO msg="token refresh completed in 1228ms"
2025-12-02T08:44:32Z svc=authz level=INFO msg="batch 794 committed"
2025-12-02T08:44:39Z svc=search level=INFO msg="healthcheck ok rtt=7808ms"
2025-12-02T08:44:49Z svc=search level=INFO msg="cache eviction pass removed 5801 entries"
2025-12-02T08:44:56Z svc=billing level=INFO msg="retry queue depth=5862"
2025-12-02T08:45:01Z svc=billing level=INFO msg="compaction finished, 6761 segments merged"
2025-12-02T08:45:04Z svc=billing level=INFO msg="batch 8977 committed"
2025-12-02T08:45:17Z svc=authz level=INFO msg="healthcheck ok rtt=5225ms"
2025-12-02T08:45:31Z svc=billing level=INFO msg="cache eviction pass removed 8287 entries"
2025-12-02T08:45:44Z svc=scheduler level=INFO msg="healthcheck ok rtt=939ms"
2025-12-02T08:45:53Z svc=ingest level=INFO msg="retry queue depth=2301"
2025-12-02T08:45:59Z svc=authz level=INFO msg="retry queue depth=9206"
2025-12-02T08:46:12Z svc=authz level=INFO msg="healthcheck ok rtt=4306ms"
2025-12-02T08:46:20Z svc=api level=INFO msg="cache eviction pass removed 1751 entries"
2025-12-02T08:46:34Z svc=search level=INFO msg="webhook delivery attempt 839 succeeded"
2025-12-02T08:46:45Z svc=scheduler level=INFO msg="batch 3143 committed"
2025-12-02T08:46:49Z svc=billing level=INFO msg="healthcheck ok rtt=8286ms"
2025-12-02T08:47:04Z svc=scheduler level=INFO msg="retry queue depth=682"
2025-12-02T08:47:10Z svc=scheduler level=INFO msg="retry queue depth=3366"
2025-12-02T08:47:15Z svc=authz level=INFO msg="token refresh completed in 622ms"
2025-12-02T08:47:18Z svc=billing level=INFO msg="webhook delivery attempt 7796 succeeded"
2025-12-02T08:47:24Z svc=billing level=INFO msg="compaction finished, 7466 segments merged"
2025-12-02T08:47:34Z svc=search level=INFO msg="cache eviction pass removed 3548 entries"
2025-12-02T08:47:45Z svc=billing level=INFO msg="webhook delivery attempt 1824 succeeded"
2025-12-02T08:47:50Z svc=search level=INFO msg="batch 5138 committed"
2025-12-02T08:47:54Z svc=authz level=INFO msg="compaction finished, 7051 segments merged"
2025-12-02T08:48:04Z svc=billing level=INFO msg="cache eviction pass removed 1454 entries"
2025-12-02T08:48:19Z svc=search level=INFO msg="retry queue depth=5430"
2025-12-02T08:48:34Z svc=scheduler level=INFO msg="compaction finished, 8526 segments merged"
2025-12-02T08:48:48Z svc=billing level=INFO msg="compaction finished, 2189 segments merged"
2025-12-02T08:49:05Z svc=api level=INFO msg="batch 5855 committed"
2025-12-02T08:49:11Z svc=ingest level=INFO msg="compaction finished, 378 segments merged"
2025-12-02T08:49:24Z svc=ingest level=INFO msg="cache eviction pass removed 363 entries"
2025-12-02T08:49:39Z svc=scheduler level=INFO msg="webhook delivery attempt 8755 succeeded"
2025-12-02T08:49:53Z svc=authz level=INFO msg="webhook delivery attempt 87 succeeded"
2025-12-02T08:49:58Z svc=api level=INFO msg="retry queue depth=5692"
2025-12-02T08:50:03Z svc=search level=INFO msg="webhook delivery attempt 6904 succeeded"
2025-12-02T08:50:11Z svc=billing level=INFO msg="healthcheck ok rtt=3478ms"
2025-12-02T08:50:28Z svc=api level=INFO msg="retry queue depth=7145"
2025-12-02T08:50:45Z svc=ingest level=INFO msg="healthcheck ok rtt=6506ms"
2025-12-02T08:50:48Z svc=ingest level=INFO msg="batch 2129 committed"
2025-12-02T08:51:05Z svc=search level=INFO msg="token refresh completed in 4542ms"
2025-12-02T08:51:11Z svc=ingest level=INFO msg="retry queue depth=6876"
2025-12-02T08:51:28Z svc=api level=INFO msg="webhook delivery attempt 3203 succeeded"
2025-12-02T08:51:37Z svc=ingest level=INFO msg="cache eviction pass removed 4535 entries"
2025-12-02T08:51:40Z svc=ingest level=INFO msg="healthcheck ok rtt=8460ms"
2025-12-02T08:51:47Z svc=ingest level=INFO msg="webhook delivery attempt 8147 succeeded"
2025-12-02T08:52:03Z svc=api level=INFO msg="webhook delivery attempt 3789 succeeded"
2025-12-02T08:52:07Z svc=authz level=INFO msg="token refresh completed in 3224ms"
2025-12-02T08:52:19Z svc=authz level=INFO msg="batch 4858 committed"
2025-12-02T08:52:22Z svc=search level=INFO msg="webhook delivery attempt 7588 succeeded"
2025-12-02T08:52:39Z svc=billing level=INFO msg="retry queue depth=8993"
2025-12-02T08:52:52Z svc=scheduler level=INFO msg="compaction finished, 7009 segments merged"
2025-12-02T08:53:00Z svc=scheduler level=INFO msg="cache eviction pass removed 2967 entries"
2025-12-02T08:53:03Z svc=authz level=INFO msg="healthcheck ok rtt=7507ms"
2025-12-02T08:53:14Z svc=scheduler level=INFO msg="cache eviction pass removed 2375 entries"
2025-12-02T08:53:24Z svc=ingest level=INFO msg="healthcheck ok rtt=73ms"
2025-12-02T08:53:40Z svc=authz level=INFO msg="healthcheck ok rtt=3675ms"
2025-12-02T08:53:51Z svc=billing level=INFO msg="token refresh completed in 2589ms"
2025-12-02T08:54:02Z svc=ingest level=INFO msg="healthcheck ok rtt=6855ms"
2025-12-02T08:54:14Z svc=scheduler level=INFO msg="healthcheck ok rtt=3601ms"
2025-12-02T08:54:27Z svc=authz level=INFO msg="healthcheck ok rtt=8017ms"
2025-12-02T08:54:42Z svc=billing level=INFO msg="healthcheck ok rtt=8922ms"
2025-12-02T08:54:59Z svc=api level=INFO msg="webhook delivery attempt 9300 succeeded"
2025-12-02T08:55:08Z svc=scheduler level=INFO msg="cache eviction pass removed 2615 entries"
2025-12-02T08:55:22Z svc=scheduler level=INFO msg="webhook delivery attempt 2476 succeeded"
2025-12-02T08:55:32Z svc=ingest level=INFO msg="batch 8649 committed"
2025-12-02T08:55:41Z svc=ingest level=INFO msg="healthcheck ok rtt=7147ms"
2025-12-02T08:55:54Z svc=ingest level=INFO msg="webhook delivery attempt 2629 succeeded"
2025-12-02T08:55:57Z svc=search level=INFO msg="healthcheck ok rtt=9172ms"
2025-12-02T08:56:01Z svc=search level=INFO msg="batch 6238 committed"
2025-12-02T08:56:12Z svc=scheduler level=INFO msg="webhook delivery attempt 1900 succeeded"
2025-12-02T08:56:28Z svc=ingest level=INFO msg="cache eviction pass removed 6689 entries"
2025-12-02T08:56:42Z svc=billing level=INFO msg="compaction finished, 3133 segments merged"
2025-12-02T08:56:55Z svc=api level=INFO msg="webhook delivery attempt 2551 succeeded"
2025-12-02T08:57:02Z svc=scheduler level=INFO msg="token refresh completed in 4641ms"
2025-12-02T08:57:07Z svc=billing level=INFO msg="retry queue depth=9275"
2025-12-02T08:57:17Z svc=ingest level=INFO msg="retry queue depth=5142"
2025-12-02T08:57:31Z svc=scheduler level=INFO msg="retry queue depth=2085"
2025-12-02T08:57:38Z svc=authz level=INFO msg="webhook delivery attempt 128 succeeded"
2025-12-02T08:57:51Z svc=billing level=INFO msg="token refresh completed in 8926ms"
2025-12-02T08:58:02Z svc=ingest level=INFO msg="webhook delivery attempt 5504 succeeded"
2025-12-02T08:58:08Z svc=ingest level=INFO msg="cache eviction pass removed 3632 entries"
2025-12-02T08:58:20Z svc=billing level=INFO msg="batch 529 committed"
2025-12-02T08:58:30Z svc=authz level=INFO msg="token refresh completed in 8971ms"
2025-12-02T08:58:47Z svc=search level=INFO msg="compaction finished, 8337 segments merged"
2025-12-02T08:59:03Z svc=api level=INFO msg="batch 3105 committed"
2025-12-02T08:59:06Z svc=api level=INFO msg="cache eviction pass removed 4679 entries"
2025-12-02T08:59:17Z svc=billing level=INFO msg="healthcheck ok rtt=8120ms"
2025-12-02T08:59:33Z svc=authz level=INFO msg="webhook delivery attempt 3842 succeeded"
2025-12-02T08:59:43Z svc=api level=INFO msg="healthcheck ok rtt=4406ms"
2025-12-02T08:59:52Z svc=search level=INFO msg="token refresh completed in 3347ms"
2025-12-02T09:00:04Z svc=authz level=INFO msg="token refresh completed in 1455ms"
2025-12-02T09:00:13Z svc=ingest level=INFO msg="healthcheck ok rtt=7694ms"
2025-12-02T09:00:28Z svc=authz level=INFO msg="token refresh completed in 3561ms"
2025-12-02T09:00:38Z svc=api level=INFO msg="batch 1775 committed"
2025-12-02T09:00:42Z svc=search level=INFO msg="compaction finished, 6039 segments merged"
2025-12-02T09:00:55Z svc=scheduler level=INFO msg="healthcheck ok rtt=2883ms"
2025-12-02T09:01:07Z svc=billing level=INFO msg="cache eviction pass removed 113 entries"
2025-12-02T09:01:21Z svc=api level=INFO msg="retry queue depth=4488"
2025-12-02T09:01:34Z svc=api level=INFO msg="webhook delivery attempt 2566 succeeded"
2025-12-02T09:01:43Z svc=api level=INFO msg="webhook delivery attempt 5957 succeeded"
2025-12-02T09:01:51Z svc=billing level=INFO msg="batch 8600 committed"
2025-12-02T09:01:54Z svc=billing level=INFO msg="healthcheck ok rtt=2944ms"
2025-12-02T09:02:00Z svc=billing level=INFO msg="retry queue depth=2244"
2025-12-02T09:02:12Z svc=authz level=INFO msg="batch 580 committed"
2025-12-02T09:02:19Z svc=search level=INFO msg="healthcheck ok rtt=5991ms"
2025-12-02T09:02:23Z svc=billing level=INFO msg="cache eviction pass removed 1016 entries"
2025-12-02T09:02:35Z svc=scheduler level=INFO msg="cache eviction pass removed 7676 entries"
2025-12-02T09:02:47Z svc=scheduler level=INFO msg="token refresh completed in 5005ms"
2025-12-02T09:03:02Z svc=api level=INFO msg="cache eviction pass removed 5482 entries"
2025-12-02T09:03:14Z svc=api level=INFO msg="compaction finished, 6894 segments merged"
2025-12-02T09:03:25Z svc=billing level=INFO msg="cache eviction pass removed 7679 entries"
2025-12-02T09:03:30Z svc=search level=INFO msg="webhook delivery attempt 9488 succeeded"
2025-12-02T09:03:38Z svc=authz level=INFO msg="retry queue depth=5907"
2025-12-02T09:03:42Z svc=search level=INFO msg="compaction finished, 1618 segments merged"
2025-12-02T09:03:56Z svc=search level=INFO msg="compaction finished, 8512 segments merged"
2025-12-02T09:04:05Z svc=ingest level=INFO msg="healthcheck ok rtt=5147ms"
2025-12-02T09:04:11Z svc=search level=INFO msg="cache eviction pass removed 794 entries"
2025-12-02T09:04:27Z svc=search level=INFO msg="webhook delivery attempt 8584 succeeded"
2025-12-02T09:04:36Z svc=billing level=INFO msg="healthcheck ok rtt=1323ms"
2025-12-02T09:04:43Z svc=scheduler level=INFO msg="webhook delivery attempt 8583 succeeded"
2025-12-02T09:04:49Z svc=api level=INFO msg="webhook delivery attempt 7494 succeeded"
2025-12-02T09:05:02Z svc=billing level=INFO msg="webhook delivery attempt 5355 succeeded"
2025-12-02T09:05:18Z svc=ingest level=INFO msg="token refresh completed in 616ms"
2025-12-02T09:05:35Z svc=authz level=INFO msg="retry queue depth=5030"
2025-12-02T09:05:51Z svc=authz level=INFO msg="retry queue depth=3909"
2025-12-02T09:06:02Z svc=search level=INFO msg="webhook delivery attempt 354 succeeded"
2025-12-02T09:06:17Z svc=api level=INFO msg="healthcheck ok rtt=391ms"
2025-12-02T09:06:30Z svc=ingest level=INFO msg="token refresh completed in 2724ms"
2025-12-02T09:06:42Z svc=ingest level=INFO msg="token refresh completed in 2701ms"
2025-12-02T09:06:55Z svc=api level=INFO msg="healthcheck ok rtt=3303ms"
2025-12-02T09:07:01Z svc=billing level=INFO msg="webhook delivery attempt 32 succeeded"
2025-12-02T09:07:12Z svc=scheduler level=INFO msg="compaction finished, 3971 segments merged"
2025-12-02T09:07:28Z svc=authz level=INFO msg="webhook delivery attempt 6115 succeeded"
2025-12-02T09:07:45Z svc=api level=INFO msg="retry queue depth=6606"
2025-12-02T09:07:58Z svc=authz level=INFO msg="webhook delivery attempt 1806 succeeded"
2025-12-02T09:08:03Z svc=api level=INFO msg="retry queue depth=5082"
2025-12-02T09:08:18Z svc=authz level=INFO msg="cache eviction pass removed 2150 entries"
2025-12-02T09:08:21Z svc=authz level=INFO msg="healthcheck ok rtt=6756ms"
2025-12-02T09:08:37Z svc=api level=INFO msg="token refresh completed in 4355ms"
2025-12-02T09:08:43Z svc=billing level=INFO msg="healthcheck ok rtt=5101ms"
2025-12-02T09:08:54Z svc=api level=INFO msg="batch 7226 committed"
2025-12-02T09:09:00Z svc=ingest level=INFO msg="healthcheck ok rtt=7088ms"
2025-12-02T09:09:07Z svc=api level=INFO msg="webhook delivery attempt 8578 succeeded"
2025-12-02T09:09:19Z svc=ingest level=INFO msg="compaction finished, 5232 segments merged"
2025-12-02T09:09:30Z svc=ingest level=INFO msg="batch 7577 committed"
2025-12-02T09:09:35Z svc=ingest level=INFO msg="token refresh completed in 7231ms"
2025-12-02T09:09:52Z svc=api level=INFO msg="webhook delivery attempt 5978 succeeded"
2025-12-02T09:09:57Z svc=billing level=INFO msg="healthcheck ok rtt=3040ms"
2025-12-02T09:10:04Z svc=api level=INFO msg="healthcheck ok rtt=227ms"
2025-12-02T09:10:07Z svc=api level=INFO msg="retry queue depth=5170"
2025-12-02T09:10:17Z svc=search level=INFO msg="token refresh completed in 5639ms"
2025-12-02T09:10:27Z svc=ingest level=INFO msg="batch 1297 committed"
2025-12-02T09:10:34Z svc=api level=INFO msg="token refresh completed in 5302ms"
2025-12-02T09:10:37Z svc=billing level=INFO msg="healthcheck ok rtt=1415ms"
2025-12-02T09:10:49Z svc=authz level=INFO msg="compaction finished, 3868 segments merged"
2025-12-02T09:10:55Z svc=api level=INFO msg="token refresh completed in 1440ms"
2025-12-02T09:11:07Z svc=scheduler level=INFO msg="cache eviction pass removed 7253 entries"
2025-12-02T09:11:17Z svc=billing level=INFO msg="token refresh completed in 1023ms"
2025-12-02T09:11:27Z svc=api level=INFO msg="batch 3847 committed"
2025-12-02T09:11:41Z svc=ingest level=INFO msg="batch 8079 committed"
2025-12-02T09:11:54Z svc=authz level=INFO msg="webhook delivery attempt 5355 succeeded"
2025-12-02T09:12:08Z svc=ingest level=INFO msg="retry queue depth=3063"
2025-12-02T09:12:14Z svc=authz level=INFO msg="compaction finished, 4905 segments merged"
2025-12-02T09:12:20Z svc=ingest level=INFO msg="healthcheck ok rtt=8019ms"
2025-12-02T09:12:34Z svc=scheduler level=INFO msg="retry queue depth=3497"
2025-12-02T09:12:37Z svc=ingest level=INFO msg="retry queue depth=4390"
2025-12-02T09:12:51Z svc=billing level=INFO msg="webhook delivery attempt 8046 succeeded"
2025-12-02T09:13:07Z svc=billing level=INFO msg="webhook delivery attempt 5145 succeeded"
2025-12-02T09:13:15Z svc=api level=INFO msg="webhook delivery attempt 7382 succeeded"
2025-12-02T09:13:22Z svc=scheduler level=INFO msg="healthcheck ok rtt=6344ms"
2025-12-02T09:13:39Z svc=authz level=INFO msg="retry queue depth=8312"
2025-12-02T09:13:45Z svc=ingest level=INFO msg="webhook delivery attempt 2543 succeeded"
2025-12-02T09:13:57Z svc=ingest level=INFO msg="compaction finished, 16 segments merged"
2025-12-02T09:14:12Z svc=search level=INFO msg="webhook delivery attempt 3872 succeeded"
2025-12-02T09:14:28Z svc=search level=INFO msg="cache eviction pass removed 5635 entries"
2025-12-02T09:14:42Z svc=api level=INFO msg="retry queue depth=9173"
2025-12-02T09:14:56Z svc=scheduler level=INFO msg="healthcheck ok rtt=7432ms"
2025-12-02T09:15:03Z svc=scheduler level=INFO msg="webhook delivery attempt 2533 succeeded"
2025-12-02T09:15:07Z svc=ingest level=INFO msg="webhook delivery attempt 5191 succeeded"
2025-12-02T09:15:23Z svc=billing level=INFO msg="compaction finished, 4131 segments merged"
2025-12-02T09:15:32Z svc=billing level=INFO msg="healthcheck ok rtt=1265ms"
2025-12-02T09:15:46Z svc=ingest level=INFO msg="cache eviction pass removed 9220 entries"
2025-12-02T09:16:01Z svc=search level=INFO msg="retry queue depth=2407"
2025-12-02T09:16:08Z svc=scheduler level=INFO msg="compaction finished, 816 segments merged"
2025-12-02T09:16:14Z svc=scheduler level=INFO msg="token refresh completed in 1555ms"
2025-12-02T09:16:21Z svc=authz level=INFO msg="retry queue depth=1958"
2025-12-02T09:16:24Z svc=authz level=INFO msg="cache eviction pass removed 658 entries"
2025-12-02T09:16:31Z svc=search level=INFO msg="cache eviction pass removed 8431 entries"
2025-12-02T09:16:39Z svc=scheduler level=INFO msg="cache eviction pass removed 3913 entries"
2025-12-02T09:16:48Z svc=authz level=INFO msg="token refresh completed in 3010ms"
2025-12-02T09:17:01Z svc=authz level=INFO msg="healthcheck ok rtt=5810ms"
2025-12-02T09:17:10Z svc=billing level=INFO msg="cache eviction pass removed 3437 entries"
2025-12-02T09:17:14Z svc=billing level=INFO msg="retry queue depth=1981"
2025-12-02T09:17:27Z svc=scheduler level=INFO msg="webhook delivery attempt 335 succeeded"
2025-12-02T09:17:30Z svc=billing level=INFO msg="token refresh completed in 2181ms"
2025-12-02T09:17:42Z svc=scheduler level=INFO msg="cache eviction pass removed 3587 entries"
2025-12-02T09:17:53Z svc=scheduler level=INFO msg="batch 4186 committed"
2025-12-02T09:18:08Z svc=ingest level=INFO msg="compaction finished, 2442 segments merged"
2025-12-02T09:18:16Z svc=scheduler level=INFO msg="batch 5472 committed"
2025-12-02T09:18:30Z svc=search level=INFO msg="token refresh completed in 8926ms"
2025-12-02T09:18:37Z svc=search level=INFO msg="healthcheck ok rtt=3917ms"
2025-12-02T09:18:46Z svc=search level=INFO msg="healthcheck ok rtt=5960ms"
2025-12-02T09:18:54Z svc=billing level=INFO msg="token refresh completed in 3252ms"
2025-12-02T09:19:11Z svc=search level=INFO msg="batch 8683 committed"
2025-12-02T09:19:26Z svc=api level=INFO msg="compaction finished, 2948 segments merged"
2025-12-02T09:19:31Z svc=billing level=INFO msg="token refresh completed in 4779ms"
2025-12-02T09:19:48Z svc=api level=INFO msg="token refresh completed in 7106ms"
2025-12-02T09:19:55Z svc=billing level=INFO msg="retry queue depth=8322"
2025-12-02T09:20:10Z svc=api level=INFO msg="webhook delivery attempt 3649 succeeded"
2025-12-02T09:20:19Z svc=api level=INFO msg="compaction finished, 8200 segments merged"
2025-12-02T09:20:22Z svc=authz level=INFO msg="healthcheck ok rtt=4269ms"
2025-12-02T09:20:39Z svc=scheduler level=INFO msg="healthcheck ok rtt=8679ms"
2025-12-02T09:20:53Z svc=ingest level=INFO msg="healthcheck ok rtt=8669ms"
2025-12-02T09:21:05Z svc=scheduler level=INFO msg="retry queue depth=2093"
2025-12-02T09:21:12Z svc=api level=INFO msg="retry queue depth=6762"
2025-12-02T09:21:18Z svc=authz level=INFO msg="retry queue depth=969"
2025-12-02T09:21:34Z svc=billing level=INFO msg="webhook delivery attempt 652 succeeded"
2025-12-02T09:21:39Z svc=api level=INFO msg="batch 5360 committed"
2025-12-02T09:21:46Z svc=authz level=INFO msg="webhook delivery attempt 5447 succeeded"
2025-12-02T09:22:01Z svc=search level=INFO msg="cache eviction pass removed 5977 entries"
2025-12-02T09:22:18Z svc=search level=INFO msg="compaction finished, 4999 segments merged"
2025-12-02T09:22:27Z svc=scheduler level=INFO msg="batch 2490 committed"
2025-12-02T09:22:30Z svc=billing level=INFO msg="healthcheck ok rtt=4095ms"
2025-12-02T09:22:42Z svc=authz level=INFO msg="compaction finished, 673 segments merged"
2025-12-02T09:22:55Z svc=scheduler level=INFO msg="cache eviction pass removed 5811 entries"
2025-12-02T09:23:07Z svc=authz level=INFO msg="webhook delivery attempt 1681 succeeded"
2025-12-02T09:23:11Z svc=scheduler level=INFO msg="retry queue depth=8020"
2025-12-02T09:23:21Z svc=authz level=INFO msg="token refresh completed in 9449ms"
2025-12-02T09:23:34Z svc=billing level=INFO msg="batch 1760 committed"
2025-12-02T09:23:39Z svc=billing level=INFO msg="retry queue depth=8598"
2025-12-02T09:23:55Z svc=billing level=INFO msg="cache eviction pass removed 2521 entries"
2025-12-02T09:24:08Z svc=api level=INFO msg="token refresh completed in 7105ms"
2025-12-02T09:24:15Z svc=billing level=INFO msg="retry queue depth=1334"
2025-12-02T09:24:26Z svc=billing level=INFO msg="compaction finished, 2238 segments merged"
2025-12-02T09:24:32Z svc=authz level=INFO msg="batch 8827 committed"
2025-12-02T09:24:38Z svc=ingest level=INFO msg="compaction finished, 4098 segments merged"
2025-12-02T09:24:48Z svc=api level=INFO msg="token refresh completed in 5602ms"
2025-12-02T09:25:04Z svc=billing level=INFO msg="retry queue depth=7651"
2025-12-02T09:25:16Z svc=search level=INFO msg="healthcheck ok rtt=5148ms"
2025-12-02T09:25:20Z svc=api level=INFO msg="healthcheck ok rtt=7397ms"
2025-12-02T09:25:34Z svc=ingest level=INFO msg="webhook delivery attempt 3254 succeeded"
2025-12-02T09:25:48Z svc=scheduler level=INFO msg="token refresh completed in 3189ms"
2025-12-02T09:26:02Z svc=authz level=INFO msg="token refresh completed in 6999ms"
2025-12-02T09:26:10Z svc=search level=INFO msg="compaction finished, 8163 segments merged"
2025-12-02T09:26:13Z svc=billing level=INFO msg="compaction finished, 2953 segments merged"
2025-12-02T09:26:20Z svc=api level=INFO msg="batch 2473 committed"
2025-12-02T09:26:34Z svc=authz level=INFO msg="batch 6072 committed"
2025-12-02T09:26:49Z svc=authz level=INFO msg="batch 7233 committed"
2025-12-02T09:26:54Z svc=api level=INFO msg="healthcheck ok rtt=116ms"
2025-12-02T09:27:11Z svc=ingest level=INFO msg="batch 4687 committed"
2025-12-02T09:27:17Z svc=authz level=INFO msg="webhook delivery attempt 8811 succeeded"
2025-12-02T09:27:32Z svc=ingest level=INFO msg="batch 2094 committed"
2025-12-02T09:27:38Z svc=api level=INFO msg="healthcheck ok rtt=6795ms"
2025-12-02T09:27:48Z svc=scheduler level=INFO msg="healthcheck ok rtt=741ms"
2025-12-02T09:27:53Z svc=authz level=INFO msg="batch 7877 committed"
2025-12-02T09:28:06Z svc=billing level=INFO msg="healthcheck ok rtt=4185ms"
2025-12-02T09:28:10Z svc=search level=INFO msg="webhook delivery attempt 6671 succeeded"
2025-12-02T09:28:20Z svc=api level=INFO msg="cache eviction pass removed 9113 entries"
2025-12-02T09:28:29Z svc=search level=INFO msg="batch 4300 committed"
2025-12-02T09:28:40Z svc=billing level=INFO msg="compaction finished, 7776 segments merged"
2025-12-02T09:28:52Z svc=billing level=INFO msg="healthcheck ok rtt=4431ms"
2025-12-02T09:28:58Z svc=ingest level=INFO msg="healthcheck ok rtt=3181ms"
2025-12-02T09:29:11Z svc=authz level=INFO msg="batch 7505 committed"
2025-12-02T09:29:18Z svc=search level=INFO msg="healthcheck ok rtt=6452ms"
2025-12-02T09:29:22Z svc=authz level=INFO msg="batch 2481 committed"
2025-12-02T09:29:30Z svc=search level=INFO msg="token refresh completed in 2978ms"
2025-12-02T09:29:44Z svc=billing level=INFO msg="retry queue depth=4184"
2025-12-02T09:30:01Z svc=api level=INFO msg="compaction finished, 8907 segments merged"
2025-12-02T09:30:12Z svc=search level=INFO msg="webhook delivery attempt 2836 succeeded"
2025-12-02T09:30:18Z svc=api level=INFO msg="healthcheck ok rtt=1449ms"
2025-12-02T09:30:30Z svc=ingest level=INFO msg="retry queue depth=7359"
2025-12-02T09:30:47Z svc=ingest level=INFO msg="webhook delivery attempt 5538 succeeded"
2025-12-02T09:31:01Z svc=search level=INFO msg="webhook delivery attempt 2252 succeeded"
2025-12-02T09:31:13Z svc=authz level=INFO msg="token refresh completed in 6354ms"
2025-12-02T09:31:18Z svc=search level=INFO msg="token refresh completed in 6566ms"
2025-12-02T09:31:27Z svc=billing level=INFO msg="retry queue depth=3764"
2025-12-02T09:31:31Z svc=scheduler level=INFO msg="retry queue depth=7832"
2025-12-02T09:31:35Z svc=authz level=INFO msg="retry queue depth=4075"
2025-12-02T09:31:43Z svc=search level=INFO msg="webhook delivery attempt 34 succeeded"
2025-12-02T09:32:00Z svc=ingest level=INFO msg="retry queue depth=6239"
2025-12-02T09:32:07Z svc=billing level=INFO msg="cache eviction pass removed 7964 entries"
2025-12-02T09:32:23Z svc=ingest level=INFO msg="retry queue depth=4964"
2025-12-02T09:32:36Z svc=scheduler level=INFO msg="batch 4106 committed"
2025-12-02T09:32:49Z svc=ingest level=INFO msg="cache eviction pass removed 2447 entries"
2025-12-02T09:33:03Z svc=billing level=INFO msg="webhook delivery attempt 5691 succeeded"
2025-12-02T09:33:10Z svc=ingest level=INFO msg="compaction finished, 2433 segments merged"
2025-12-02T09:33:24Z svc=scheduler level=INFO msg="token refresh completed in 6959ms"
2025-12-02T09:33:41Z svc=ingest level=INFO msg="token refresh completed in 2166ms"
2025-12-02T09:33:51Z svc=api level=INFO msg="healthcheck ok rtt=4700ms"
2025-12-02T09:34:06Z svc=scheduler level=INFO msg="retry queue depth=4671"
2025-12-02T09:34:21Z svc=billing level=INFO msg="healthcheck ok rtt=994ms"
2025-12-02T09:34:35Z svc=authz level=INFO msg="compaction finished, 8826 segments merged"
2025-12-02T09:34:52Z svc=ingest level=INFO msg="webhook delivery attempt 4363 succeeded"
2025-12-02T09:35:06Z svc=billing level=INFO msg="cache eviction pass removed 6628 entries"
2025-12-02T09:35:21Z svc=billing level=INFO msg="compaction finished, 2547 segments merged"
2025-12-02T09:35:24Z svc=ingest level=INFO msg="retry queue depth=82"
2025-12-02T09:35:35Z svc=ingest level=INFO msg="retry queue depth=6200"
2025-12-02T09:35:41Z svc=authz level=INFO msg="retry queue depth=7598"
2025-12-02T09:35:55Z svc=billing level=INFO msg="webhook delivery attempt 2092 succeeded"
